datetime,actual_performance(10000 kW)
01-01-2021 00:00,1571
01-01-2021 01:00,1492
01-01-2021 02:00,1453
01-01-2021 03:00,1412
01-01-2021 04:00,1358
01-01-2021 05:00,1298
01-01-2021 06:00,1305
01-01-2021 07:00,1401
01-01-2021 08:00,1535
01-01-2021 09:00,1555
01-01-2021 10:00,1498
01-01-2021 11:00,1487
01-01-2021 12:00,1506
01-01-2021 13:00,1511
01-01-2021 14:00,1457
01-01-2021 15:00,1454
01-01-2021 16:00,1497
01-01-2021 17:00,1632
01-01-2021 18:00,1679
01-01-2021 19:00,1671
01-01-2021 20:00,1663
01-01-2021 21:00,1640
01-01-2021 22:00,1566
01-01-2021 23:00,1524
02-01-2021 00:00,1438
02-01-2021 01:00,1385
02-01-2021 02:00,1386
02-01-2021 03:00,1363
02-01-2021 04:00,1314
02-01-2021 05:00,1269
02-01-2021 06:00,1294
02-01-2021 07:00,1404
02-01-2021 08:00,1546
02-01-2021 09:00,1587
02-01-2021 10:00,1549
02-01-2021 11:00,1513
02-01-2021 12:00,1468
02-01-2021 13:00,1426
02-01-2021 14:00,1410
02-01-2021 15:00,1425
02-01-2021 16:00,1503
02-01-2021 17:00,1658
02-01-2021 18:00,1712
02-01-2021 19:00,1708
02-01-2021 20:00,1692
02-01-2021 21:00,1648
02-01-2021 22:00,1565
02-01-2021 23:00,1520
03-01-2021 00:00,1436
03-01-2021 01:00,1384
03-01-2021 02:00,1382
03-01-2021 03:00,1362
03-01-2021 04:00,1315
03-01-2021 05:00,1264
03-01-2021 06:00,1275
03-01-2021 07:00,1376
03-01-2021 08:00,1526
03-01-2021 09:00,1597
03-01-2021 10:00,1587
03-01-2021 11:00,1552
03-01-2021 12:00,1506
03-01-2021 13:00,1473
03-01-2021 14:00,1452
03-01-2021 15:00,1476
03-01-2021 16:00,1544
03-01-2021 17:00,1697
03-01-2021 18:00,1749
03-01-2021 19:00,1740
03-01-2021 20:00,1717
03-01-2021 21:00,1651
03-01-2021 22:00,1549
03-01-2021 23:00,1483
04-01-2021 00:00,1390
04-01-2021 01:00,1344
04-01-2021 02:00,1350
04-01-2021 03:00,1336
04-01-2021 04:00,1304
04-01-2021 05:00,1295
04-01-2021 06:00,1399
04-01-2021 07:00,1579
04-01-2021 08:00,1763
04-01-2021 09:00,1781
04-01-2021 10:00,1737
04-01-2021 11:00,1688
04-01-2021 12:00,1649
04-01-2021 13:00,1624
04-01-2021 14:00,1601
04-01-2021 15:00,1627
04-01-2021 16:00,1695
04-01-2021 17:00,1844
04-01-2021 18:00,1884
04-01-2021 19:00,1876
04-01-2021 20:00,1847
04-01-2021 21:00,1774
04-01-2021 22:00,1663
04-01-2021 23:00,1591
05-01-2021 00:00,1495
05-01-2021 01:00,1446
05-01-2021 02:00,1450
05-01-2021 03:00,1440
05-01-2021 04:00,1409
05-01-2021 05:00,1419
05-01-2021 06:00,1577
05-01-2021 07:00,1822
05-01-2021 08:00,2115
05-01-2021 09:00,2255
05-01-2021 10:00,2242
05-01-2021 11:00,2202
05-01-2021 12:00,2106
05-01-2021 13:00,2122
05-01-2021 14:00,2109
05-01-2021 15:00,2102
05-01-2021 16:00,2138
05-01-2021 17:00,2155
05-01-2021 18:00,2129
05-01-2021 19:00,2071
05-01-2021 20:00,2000
05-01-2021 21:00,1902
05-01-2021 22:00,1763
05-01-2021 23:00,1654
06-01-2021 00:00,1538
06-01-2021 01:00,1488
06-01-2021 02:00,1496
06-01-2021 03:00,1497
06-01-2021 04:00,1491
06-01-2021 05:00,1516
06-01-2021 06:00,1669
06-01-2021 07:00,1872
06-01-2021 08:00,2106
06-01-2021 09:00,2188
06-01-2021 10:00,2161
06-01-2021 11:00,2121
06-01-2021 12:00,2010
06-01-2021 13:00,2070
06-01-2021 14:00,2082
06-01-2021 15:00,2076
06-01-2021 16:00,2125
06-01-2021 17:00,2157
06-01-2021 18:00,2149
06-01-2021 19:00,2088
06-01-2021 20:00,2023
06-01-2021 21:00,1933
06-01-2021 22:00,1825
06-01-2021 23:00,1722
07-01-2021 00:00,1608
07-01-2021 01:00,1560
07-01-2021 02:00,1571
07-01-2021 03:00,1566
07-01-2021 04:00,1544
07-01-2021 05:00,1566
07-01-2021 06:00,1735
07-01-2021 07:00,1945
07-01-2021 08:00,2204
07-01-2021 09:00,2340
07-01-2021 10:00,2356
07-01-2021 11:00,2342
07-01-2021 12:00,2230
07-01-2021 13:00,2278
07-01-2021 14:00,2280
07-01-2021 15:00,2323
07-01-2021 16:00,2416
07-01-2021 17:00,2479
07-01-2021 18:00,2477
07-01-2021 19:00,2414
07-01-2021 20:00,2339
07-01-2021 21:00,2243
07-01-2021 22:00,2103
07-01-2021 23:00,1999
08-01-2021 00:00,1857
08-01-2021 01:00,1785
08-01-2021 02:00,1772
08-01-2021 03:00,1758
08-01-2021 04:00,1730
08-01-2021 05:00,1774
08-01-2021 06:00,1997
08-01-2021 07:00,2244
08-01-2021 08:00,2466
08-01-2021 09:00,2548
08-01-2021 10:00,2501
08-01-2021 11:00,2465
08-01-2021 12:00,2376
08-01-2021 13:00,2417
08-01-2021 14:00,2423
08-01-2021 15:00,2456
08-01-2021 16:00,2524
08-01-2021 17:00,2564
08-01-2021 18:00,2551
08-01-2021 19:00,2474
08-01-2021 20:00,2392
08-01-2021 21:00,2297
08-01-2021 22:00,2167
08-01-2021 23:00,2068
09-01-2021 00:00,1935
09-01-2021 01:00,1844
09-01-2021 02:00,1816
09-01-2021 03:00,1774
09-01-2021 04:00,1726
09-01-2021 05:00,1708
09-01-2021 06:00,1810
09-01-2021 07:00,1979
09-01-2021 08:00,2180
09-01-2021 09:00,2267
09-01-2021 10:00,2220
09-01-2021 11:00,2172
09-01-2021 12:00,2084
09-01-2021 13:00,2072
09-01-2021 14:00,2054
09-01-2021 15:00,2087
09-01-2021 16:00,2160
09-01-2021 17:00,2278
09-01-2021 18:00,2304
09-01-2021 19:00,2277
09-01-2021 20:00,2230
09-01-2021 21:00,2147
09-01-2021 22:00,2026
09-01-2021 23:00,1947
10-01-2021 00:00,1834
10-01-2021 01:00,1753
10-01-2021 02:00,1732
10-01-2021 03:00,1697
10-01-2021 04:00,1639
10-01-2021 05:00,1599
10-01-2021 06:00,1656
10-01-2021 07:00,1792
10-01-2021 08:00,1953
10-01-2021 09:00,2006
10-01-2021 10:00,1955
10-01-2021 11:00,1887
10-01-2021 12:00,1832
10-01-2021 13:00,1794
10-01-2021 14:00,1761
10-01-2021 15:00,1777
10-01-2021 16:00,1871
10-01-2021 17:00,2042
10-01-2021 18:00,2101
10-01-2021 19:00,2081
10-01-2021 20:00,2045
10-01-2021 21:00,1975
10-01-2021 22:00,1863
10-01-2021 23:00,1783
11-01-2021 00:00,1697
11-01-2021 01:00,1640
11-01-2021 02:00,1636
11-01-2021 03:00,1606
11-01-2021 04:00,1568
11-01-2021 05:00,1558
11-01-2021 06:00,1630
11-01-2021 07:00,1808
11-01-2021 08:00,2028
11-01-2021 09:00,2158
11-01-2021 10:00,2158
11-01-2021 11:00,2062
11-01-2021 12:00,1956
11-01-2021 13:00,1957
11-01-2021 14:00,1932
11-01-2021 15:00,1930
11-01-2021 16:00,1998
11-01-2021 17:00,2159
11-01-2021 18:00,2206
11-01-2021 19:00,2171
11-01-2021 20:00,2122
11-01-2021 21:00,2032
11-01-2021 22:00,1894
11-01-2021 23:00,1805
12-01-2021 00:00,1693
12-01-2021 01:00,1636
12-01-2021 02:00,1635
12-01-2021 03:00,1606
12-01-2021 04:00,1581
12-01-2021 05:00,1618
12-01-2021 06:00,1827
12-01-2021 07:00,2096
12-01-2021 08:00,2416
12-01-2021 09:00,2595
12-01-2021 10:00,2596
12-01-2021 11:00,2554
12-01-2021 12:00,2418
12-01-2021 13:00,2443
12-01-2021 14:00,2391
12-01-2021 15:00,2358
12-01-2021 16:00,2390
12-01-2021 17:00,2404
12-01-2021 18:00,2379
12-01-2021 19:00,2301
12-01-2021 20:00,2226
12-01-2021 21:00,2127
12-01-2021 22:00,2002
12-01-2021 23:00,1902
13-01-2021 00:00,1775
13-01-2021 01:00,1715
13-01-2021 02:00,1710
13-01-2021 03:00,1696
13-01-2021 04:00,1676
13-01-2021 05:00,1714
13-01-2021 06:00,1914
13-01-2021 07:00,2136
13-01-2021 08:00,2364
13-01-2021 09:00,2431
13-01-2021 10:00,2337
13-01-2021 11:00,2255
13-01-2021 12:00,2130
13-01-2021 13:00,2169
13-01-2021 14:00,2141
13-01-2021 15:00,2136
13-01-2021 16:00,2181
13-01-2021 17:00,2240
13-01-2021 18:00,2249
13-01-2021 19:00,2200
13-01-2021 20:00,2138
13-01-2021 21:00,2046
13-01-2021 22:00,1934
13-01-2021 23:00,1833
14-01-2021 00:00,1720
14-01-2021 01:00,1663
14-01-2021 02:00,1655
14-01-2021 03:00,1638
14-01-2021 04:00,1623
14-01-2021 05:00,1660
14-01-2021 06:00,1847
14-01-2021 07:00,2063
14-01-2021 08:00,2276
14-01-2021 09:00,2333
14-01-2021 10:00,2234
14-01-2021 11:00,2150
14-01-2021 12:00,2009
14-01-2021 13:00,2032
14-01-2021 14:00,2005
14-01-2021 15:00,1996
14-01-2021 16:00,2036
14-01-2021 17:00,2095
14-01-2021 18:00,2107
14-01-2021 19:00,2041
14-01-2021 20:00,1963
14-01-2021 21:00,1886
14-01-2021 22:00,1785
14-01-2021 23:00,1698
15-01-2021 00:00,1598
15-01-2021 01:00,1568
15-01-2021 02:00,1581
15-01-2021 03:00,1585
15-01-2021 04:00,1571
15-01-2021 05:00,1602
15-01-2021 06:00,1780
15-01-2021 07:00,1982
15-01-2021 08:00,2186
15-01-2021 09:00,2245
15-01-2021 10:00,2160
15-01-2021 11:00,2089
15-01-2021 12:00,1942
15-01-2021 13:00,1963
15-01-2021 14:00,1929
15-01-2021 15:00,1907
15-01-2021 16:00,1941
15-01-2021 17:00,1994
15-01-2021 18:00,2004
15-01-2021 19:00,1946
15-01-2021 20:00,1872
15-01-2021 21:00,1795
15-01-2021 22:00,1719
15-01-2021 23:00,1642
16-01-2021 00:00,1551
16-01-2021 01:00,1516
16-01-2021 02:00,1533
16-01-2021 03:00,1535
16-01-2021 04:00,1500
16-01-2021 05:00,1473
16-01-2021 06:00,1519
16-01-2021 07:00,1637
16-01-2021 08:00,1821
16-01-2021 09:00,1900
16-01-2021 10:00,1896
16-01-2021 11:00,1868
16-01-2021 12:00,1797
16-01-2021 13:00,1806
16-01-2021 14:00,1787
16-01-2021 15:00,1747
16-01-2021 16:00,1762
16-01-2021 17:00,1830
16-01-2021 18:00,1868
16-01-2021 19:00,1835
16-01-2021 20:00,1774
16-01-2021 21:00,1700
16-01-2021 22:00,1616
16-01-2021 23:00,1562
17-01-2021 00:00,1474
17-01-2021 01:00,1440
17-01-2021 02:00,1456
17-01-2021 03:00,1455
17-01-2021 04:00,1422
17-01-2021 05:00,1387
17-01-2021 06:00,1403
17-01-2021 07:00,1486
17-01-2021 08:00,1624
17-01-2021 09:00,1655
17-01-2021 10:00,1646
17-01-2021 11:00,1633
17-01-2021 12:00,1628
17-01-2021 13:00,1608
17-01-2021 14:00,1610
17-01-2021 15:00,1640
17-01-2021 16:00,1717
17-01-2021 17:00,1864
17-01-2021 18:00,1932
17-01-2021 19:00,1916
17-01-2021 20:00,1874
17-01-2021 21:00,1803
17-01-2021 22:00,1690
17-01-2021 23:00,1619
18-01-2021 00:00,1538
18-01-2021 01:00,1514
18-01-2021 02:00,1533
18-01-2021 03:00,1527
18-01-2021 04:00,1520
18-01-2021 05:00,1564
18-01-2021 06:00,1771
18-01-2021 07:00,2029
18-01-2021 08:00,2247
18-01-2021 09:00,2311
18-01-2021 10:00,2250
18-01-2021 11:00,2198
18-01-2021 12:00,2093
18-01-2021 13:00,2131
18-01-2021 14:00,2126
18-01-2021 15:00,2127
18-01-2021 16:00,2183
18-01-2021 17:00,2239
18-01-2021 18:00,2240
18-01-2021 19:00,2147
18-01-2021 20:00,2052
18-01-2021 21:00,1955
18-01-2021 22:00,1844
18-01-2021 23:00,1745
19-01-2021 00:00,1633
19-01-2021 01:00,1591
19-01-2021 02:00,1601
19-01-2021 03:00,1608
19-01-2021 04:00,1594
19-01-2021 05:00,1626
19-01-2021 06:00,1807
19-01-2021 07:00,2035
19-01-2021 08:00,2270
19-01-2021 09:00,2357
19-01-2021 10:00,2317
19-01-2021 11:00,2270
19-01-2021 12:00,2151
19-01-2021 13:00,2208
19-01-2021 14:00,2202
19-01-2021 15:00,2214
19-01-2021 16:00,2284
19-01-2021 17:00,2335
19-01-2021 18:00,2335
19-01-2021 19:00,2251
19-01-2021 20:00,2157
19-01-2021 21:00,2056
19-01-2021 22:00,1931
19-01-2021 23:00,1823
20-01-2021 00:00,1714
20-01-2021 01:00,1659
20-01-2021 02:00,1657
20-01-2021 03:00,1644
20-01-2021 04:00,1613
20-01-2021 05:00,1635
20-01-2021 06:00,1832
20-01-2021 07:00,2063
20-01-2021 08:00,2294
20-01-2021 09:00,2352
20-01-2021 10:00,2264
20-01-2021 11:00,2193
20-01-2021 12:00,2060
20-01-2021 13:00,2083
20-01-2021 14:00,2054
20-01-2021 15:00,2056
20-01-2021 16:00,2111
20-01-2021 17:00,2170
20-01-2021 18:00,2203
20-01-2021 19:00,2152
20-01-2021 20:00,2075
20-01-2021 21:00,1995
20-01-2021 22:00,1896
20-01-2021 23:00,1813
21-01-2021 00:00,1714
21-01-2021 01:00,1669
21-01-2021 02:00,1669
21-01-2021 03:00,1667
21-01-2021 04:00,1656
21-01-2021 05:00,1690
21-01-2021 06:00,1886
21-01-2021 07:00,2095
21-01-2021 08:00,2282
21-01-2021 09:00,2326
21-01-2021 10:00,2226
21-01-2021 11:00,2137
21-01-2021 12:00,1992
21-01-2021 13:00,1997
21-01-2021 14:00,1959
21-01-2021 15:00,1946
21-01-2021 16:00,1998
21-01-2021 17:00,2053
21-01-2021 18:00,2082
21-01-2021 19:00,2022
21-01-2021 20:00,1936
21-01-2021 21:00,1861
21-01-2021 22:00,1759
21-01-2021 23:00,1657
22-01-2021 00:00,1555
22-01-2021 01:00,1509
22-01-2021 02:00,1523
22-01-2021 03:00,1529
22-01-2021 04:00,1520
22-01-2021 05:00,1539
22-01-2021 06:00,1666
22-01-2021 07:00,1860
22-01-2021 08:00,2114
22-01-2021 09:00,2260
22-01-2021 10:00,2263
22-01-2021 11:00,2240
22-01-2021 12:00,2121
22-01-2021 13:00,2156
22-01-2021 14:00,2131
22-01-2021 15:00,2112
22-01-2021 16:00,2110
22-01-2021 17:00,2089
22-01-2021 18:00,2049
22-01-2021 19:00,1960
22-01-2021 20:00,1866
22-01-2021 21:00,1778
22-01-2021 22:00,1696
22-01-2021 23:00,1603
23-01-2021 00:00,1499
23-01-2021 01:00,1458
23-01-2021 02:00,1471
23-01-2021 03:00,1476
23-01-2021 04:00,1454
23-01-2021 05:00,1404
23-01-2021 06:00,1426
23-01-2021 07:00,1545
23-01-2021 08:00,1753
23-01-2021 09:00,1881
23-01-2021 10:00,1893
23-01-2021 11:00,1870
23-01-2021 12:00,1823
23-01-2021 13:00,1820
23-01-2021 14:00,1806
23-01-2021 15:00,1805
23-01-2021 16:00,1834
23-01-2021 17:00,1880
23-01-2021 18:00,1877
23-01-2021 19:00,1824
23-01-2021 20:00,1754
23-01-2021 21:00,1678
23-01-2021 22:00,1588
23-01-2021 23:00,1516
24-01-2021 00:00,1425
24-01-2021 01:00,1399
24-01-2021 02:00,1413
24-01-2021 03:00,1415
24-01-2021 04:00,1381
24-01-2021 05:00,1325
24-01-2021 06:00,1323
24-01-2021 07:00,1411
24-01-2021 08:00,1575
24-01-2021 09:00,1691
24-01-2021 10:00,1728
24-01-2021 11:00,1731
24-01-2021 12:00,1709
24-01-2021 13:00,1675
24-01-2021 14:00,1649
24-01-2021 15:00,1668
24-01-2021 16:00,1696
24-01-2021 17:00,1785
24-01-2021 18:00,1820
24-01-2021 19:00,1789
24-01-2021 20:00,1724
24-01-2021 21:00,1643
24-01-2021 22:00,1543
24-01-2021 23:00,1448
25-01-2021 00:00,1362
25-01-2021 01:00,1350
25-01-2021 02:00,1380
25-01-2021 03:00,1393
25-01-2021 04:00,1391
25-01-2021 05:00,1417
25-01-2021 06:00,1558
25-01-2021 07:00,1767
25-01-2021 08:00,1974
25-01-2021 09:00,2038
25-01-2021 10:00,2001
25-01-2021 11:00,1946
25-01-2021 12:00,1819
25-01-2021 13:00,1859
25-01-2021 14:00,1835
25-01-2021 15:00,1840
25-01-2021 16:00,1877
25-01-2021 17:00,1916
25-01-2021 18:00,1939
25-01-2021 19:00,1882
25-01-2021 20:00,1808
25-01-2021 21:00,1748
25-01-2021 22:00,1657
25-01-2021 23:00,1576
26-01-2021 00:00,1481
26-01-2021 01:00,1452
26-01-2021 02:00,1488
26-01-2021 03:00,1504
26-01-2021 04:00,1504
26-01-2021 05:00,1526
26-01-2021 06:00,1659
26-01-2021 07:00,1820
26-01-2021 08:00,2004
26-01-2021 09:00,2048
26-01-2021 10:00,1987
26-01-2021 11:00,1916
26-01-2021 12:00,1805
26-01-2021 13:00,1857
26-01-2021 14:00,1826
26-01-2021 15:00,1830
26-01-2021 16:00,1866
26-01-2021 17:00,1886
26-01-2021 18:00,1870
26-01-2021 19:00,1798
26-01-2021 20:00,1717
26-01-2021 21:00,1634
26-01-2021 22:00,1557
26-01-2021 23:00,1473
27-01-2021 00:00,1379
27-01-2021 01:00,1360
27-01-2021 02:00,1396
27-01-2021 03:00,1412
27-01-2021 04:00,1398
27-01-2021 05:00,1387
27-01-2021 06:00,1483
27-01-2021 07:00,1646
27-01-2021 08:00,1847
27-01-2021 09:00,1928
27-01-2021 10:00,1943
27-01-2021 11:00,1903
27-01-2021 12:00,1782
27-01-2021 13:00,1851
27-01-2021 14:00,1832
27-01-2021 15:00,1836
27-01-2021 16:00,1867
27-01-2021 17:00,1893
27-01-2021 18:00,1898
27-01-2021 19:00,1835
27-01-2021 20:00,1766
27-01-2021 21:00,1693
27-01-2021 22:00,1611
27-01-2021 23:00,1525
28-01-2021 00:00,1431
28-01-2021 01:00,1413
28-01-2021 02:00,1455
28-01-2021 03:00,1483
28-01-2021 04:00,1484
28-01-2021 05:00,1505
28-01-2021 06:00,1639
28-01-2021 07:00,1820
28-01-2021 08:00,2024
28-01-2021 09:00,2092
28-01-2021 10:00,2054
28-01-2021 11:00,2024
28-01-2021 12:00,1899
28-01-2021 13:00,1956
28-01-2021 14:00,1908
28-01-2021 15:00,1908
28-01-2021 16:00,1932
28-01-2021 17:00,1961
28-01-2021 18:00,1987
28-01-2021 19:00,1920
28-01-2021 20:00,1839
28-01-2021 21:00,1768
28-01-2021 22:00,1670
28-01-2021 23:00,1575
29-01-2021 00:00,1488
29-01-2021 01:00,1479
29-01-2021 02:00,1529
29-01-2021 03:00,1554
29-01-2021 04:00,1555
29-01-2021 05:00,1589
29-01-2021 06:00,1750
29-01-2021 07:00,1961
29-01-2021 08:00,2198
29-01-2021 09:00,2287
29-01-2021 10:00,2262
29-01-2021 11:00,2230
29-01-2021 12:00,2106
29-01-2021 13:00,2137
29-01-2021 14:00,2116
29-01-2021 15:00,2126
29-01-2021 16:00,2181
29-01-2021 17:00,2230
29-01-2021 18:00,2255
29-01-2021 19:00,2192
29-01-2021 20:00,2116
29-01-2021 21:00,2033
29-01-2021 22:00,1934
29-01-2021 23:00,1852
30-01-2021 00:00,1742
30-01-2021 01:00,1679
30-01-2021 02:00,1670
30-01-2021 03:00,1652
30-01-2021 04:00,1605
30-01-2021 05:00,1579
30-01-2021 06:00,1648
30-01-2021 07:00,1802
30-01-2021 08:00,1969
30-01-2021 09:00,2017
30-01-2021 10:00,1977
30-01-2021 11:00,1926
30-01-2021 12:00,1847
30-01-2021 13:00,1804
30-01-2021 14:00,1760
30-01-2021 15:00,1754
30-01-2021 16:00,1806
30-01-2021 17:00,1899
30-01-2021 18:00,1951
30-01-2021 19:00,1926
30-01-2021 20:00,1861
30-01-2021 21:00,1788
30-01-2021 22:00,1697
30-01-2021 23:00,1625
31-01-2021 00:00,1532
31-01-2021 01:00,1477
31-01-2021 02:00,1478
31-01-2021 03:00,1465
31-01-2021 04:00,1424
31-01-2021 05:00,1381
31-01-2021 06:00,1406
31-01-2021 07:00,1508
31-01-2021 08:00,1636
31-01-2021 09:00,1663
31-01-2021 10:00,1631
31-01-2021 11:00,1610
31-01-2021 12:00,1580
31-01-2021 13:00,1558
31-01-2021 14:00,1526
31-01-2021 15:00,1539
31-01-2021 16:00,1595
31-01-2021 17:00,1730
31-01-2021 18:00,1828
31-01-2021 19:00,1826
31-01-2021 20:00,1796
31-01-2021 21:00,1731
31-01-2021 22:00,1616
31-01-2021 23:00,1551
01-02-2021 00:00,1487
01-02-2021 01:00,1468
01-02-2021 02:00,1494
01-02-2021 03:00,1493
01-02-2021 04:00,1479
01-02-2021 05:00,1514
01-02-2021 06:00,1701
01-02-2021 07:00,1933
01-02-2021 08:00,2173
01-02-2021 09:00,2252
01-02-2021 10:00,2193
01-02-2021 11:00,2157
01-02-2021 12:00,2000
01-02-2021 13:00,2053
01-02-2021 14:00,2038
01-02-2021 15:00,2053
01-02-2021 16:00,2077
01-02-2021 17:00,2066
01-02-2021 18:00,2030
01-02-2021 19:00,1942
01-02-2021 20:00,1848
01-02-2021 21:00,1763
01-02-2021 22:00,1664
01-02-2021 23:00,1573
02-02-2021 00:00,1465
02-02-2021 01:00,1436
02-02-2021 02:00,1465
02-02-2021 03:00,1475
02-02-2021 04:00,1468
02-02-2021 05:00,1480
02-02-2021 06:00,1594
02-02-2021 07:00,1783
02-02-2021 08:00,2008
02-02-2021 09:00,2057
02-02-2021 10:00,1997
02-02-2021 11:00,1951
02-02-2021 12:00,1845
02-02-2021 13:00,1895
02-02-2021 14:00,1893
02-02-2021 15:00,1908
02-02-2021 16:00,1950
02-02-2021 17:00,1986
02-02-2021 18:00,2015
02-02-2021 19:00,1970
02-02-2021 20:00,1904
02-02-2021 21:00,1842
02-02-2021 22:00,1750
02-02-2021 23:00,1669
03-02-2021 00:00,1579
03-02-2021 01:00,1545
03-02-2021 02:00,1569
03-02-2021 03:00,1569
03-02-2021 04:00,1551
03-02-2021 05:00,1572
03-02-2021 06:00,1744
03-02-2021 07:00,1949
03-02-2021 08:00,2176
03-02-2021 09:00,2248
03-02-2021 10:00,2210
03-02-2021 11:00,2179
03-02-2021 12:00,2064
03-02-2021 13:00,2097
03-02-2021 14:00,2068
03-02-2021 15:00,2066
03-02-2021 16:00,2113
03-02-2021 17:00,2151
03-02-2021 18:00,2178
03-02-2021 19:00,2117
03-02-2021 20:00,2036
03-02-2021 21:00,1944
03-02-2021 22:00,1837
03-02-2021 23:00,1742
04-02-2021 00:00,1647
04-02-2021 01:00,1602
04-02-2021 02:00,1620
04-02-2021 03:00,1619
04-02-2021 04:00,1600
04-02-2021 05:00,1626
04-02-2021 06:00,1802
04-02-2021 07:00,2006
04-02-2021 08:00,2205
04-02-2021 09:00,2298
04-02-2021 10:00,2292
04-02-2021 11:00,2250
04-02-2021 12:00,2124
04-02-2021 13:00,2151
04-02-2021 14:00,2088
04-02-2021 15:00,2063
04-02-2021 16:00,2099
04-02-2021 17:00,2118
04-02-2021 18:00,2146
04-02-2021 19:00,2086
04-02-2021 20:00,2004
04-02-2021 21:00,1929
04-02-2021 22:00,1815
04-02-2021 23:00,1729
05-02-2021 00:00,1627
05-02-2021 01:00,1592
05-02-2021 02:00,1611
05-02-2021 03:00,1611
05-02-2021 04:00,1598
05-02-2021 05:00,1623
05-02-2021 06:00,1793
05-02-2021 07:00,1990
05-02-2021 08:00,2155
05-02-2021 09:00,2198
05-02-2021 10:00,2123
05-02-2021 11:00,2056
05-02-2021 12:00,1930
05-02-2021 13:00,1959
05-02-2021 14:00,1936
05-02-2021 15:00,1923
05-02-2021 16:00,1954
05-02-2021 17:00,1993
05-02-2021 18:00,2025
05-02-2021 19:00,1958
05-02-2021 20:00,1873
05-02-2021 21:00,1800
05-02-2021 22:00,1718
05-02-2021 23:00,1627
06-02-2021 00:00,1532
06-02-2021 01:00,1496
06-02-2021 02:00,1510
06-02-2021 03:00,1515
06-02-2021 04:00,1485
06-02-2021 05:00,1449
06-02-2021 06:00,1491
06-02-2021 07:00,1598
06-02-2021 08:00,1709
06-02-2021 09:00,1721
06-02-2021 10:00,1669
06-02-2021 11:00,1632
06-02-2021 12:00,1566
06-02-2021 13:00,1543
06-02-2021 14:00,1514
06-02-2021 15:00,1497
06-02-2021 16:00,1539
06-02-2021 17:00,1619
06-02-2021 18:00,1696
06-02-2021 19:00,1684
06-02-2021 20:00,1637
06-02-2021 21:00,1589
06-02-2021 22:00,1515
06-02-2021 23:00,1457
07-02-2021 00:00,1386
07-02-2021 01:00,1366
07-02-2021 02:00,1405
07-02-2021 03:00,1414
07-02-2021 04:00,1392
07-02-2021 05:00,1354
07-02-2021 06:00,1365
07-02-2021 07:00,1441
07-02-2021 08:00,1550
07-02-2021 09:00,1582
07-02-2021 10:00,1570
07-02-2021 11:00,1536
07-02-2021 12:00,1521
07-02-2021 13:00,1506
07-02-2021 14:00,1484
07-02-2021 15:00,1495
07-02-2021 16:00,1529
07-02-2021 17:00,1635
07-02-2021 18:00,1724
07-02-2021 19:00,1713
07-02-2021 20:00,1663
07-02-2021 21:00,1605
07-02-2021 22:00,1508
07-02-2021 23:00,1445
08-02-2021 00:00,1380
08-02-2021 01:00,1375
08-02-2021 02:00,1413
08-02-2021 03:00,1425
08-02-2021 04:00,1412
08-02-2021 05:00,1434
08-02-2021 06:00,1592
08-02-2021 07:00,1801
08-02-2021 08:00,2028
08-02-2021 09:00,2113
08-02-2021 10:00,2088
08-02-2021 11:00,2080
08-02-2021 12:00,1972
08-02-2021 13:00,2026
08-02-2021 14:00,2021
08-02-2021 15:00,2046
08-02-2021 16:00,2092
08-02-2021 17:00,2130
08-02-2021 18:00,2156
08-02-2021 19:00,2082
08-02-2021 20:00,1997
08-02-2021 21:00,1916
08-02-2021 22:00,1809
08-02-2021 23:00,1729
09-02-2021 00:00,1630
09-02-2021 01:00,1596
09-02-2021 02:00,1615
09-02-2021 03:00,1615
09-02-2021 04:00,1599
09-02-2021 05:00,1621
09-02-2021 06:00,1809
09-02-2021 07:00,2014
09-02-2021 08:00,2214
09-02-2021 09:00,2284
09-02-2021 10:00,2242
09-02-2021 11:00,2207
09-02-2021 12:00,2106
09-02-2021 13:00,2164
09-02-2021 14:00,2149
09-02-2021 15:00,2161
09-02-2021 16:00,2195
09-02-2021 17:00,2206
09-02-2021 18:00,2206
09-02-2021 19:00,2127
09-02-2021 20:00,2038
09-02-2021 21:00,1945
09-02-2021 22:00,1837
09-02-2021 23:00,1734
10-02-2021 00:00,1628
10-02-2021 01:00,1588
10-02-2021 02:00,1601
10-02-2021 03:00,1601
10-02-2021 04:00,1588
10-02-2021 05:00,1609
10-02-2021 06:00,1778
10-02-2021 07:00,1966
10-02-2021 08:00,2137
10-02-2021 09:00,2184
10-02-2021 10:00,2113
10-02-2021 11:00,2057
10-02-2021 12:00,1940
10-02-2021 13:00,1975
10-02-2021 14:00,1942
10-02-2021 15:00,1934
10-02-2021 16:00,1969
10-02-2021 17:00,2001
10-02-2021 18:00,2041
10-02-2021 19:00,1979
10-02-2021 20:00,1900
10-02-2021 21:00,1820
10-02-2021 22:00,1726
10-02-2021 23:00,1647
11-02-2021 00:00,1554
11-02-2021 01:00,1525
11-02-2021 02:00,1546
11-02-2021 03:00,1547
11-02-2021 04:00,1519
11-02-2021 05:00,1495
11-02-2021 06:00,1544
11-02-2021 07:00,1657
11-02-2021 08:00,1793
11-02-2021 09:00,1828
11-02-2021 10:00,1787
11-02-2021 11:00,1763
11-02-2021 12:00,1678
11-02-2021 13:00,1671
11-02-2021 14:00,1646
11-02-2021 15:00,1638
11-02-2021 16:00,1693
11-02-2021 17:00,1783
11-02-2021 18:00,1860
11-02-2021 19:00,1839
11-02-2021 20:00,1785
11-02-2021 21:00,1727
11-02-2021 22:00,1622
11-02-2021 23:00,1550
12-02-2021 00:00,1463
12-02-2021 01:00,1453
12-02-2021 02:00,1488
12-02-2021 03:00,1503
12-02-2021 04:00,1500
12-02-2021 05:00,1525
12-02-2021 06:00,1657
12-02-2021 07:00,1826
12-02-2021 08:00,2041
12-02-2021 09:00,2139
12-02-2021 10:00,2086
12-02-2021 11:00,2021
12-02-2021 12:00,1883
12-02-2021 13:00,1916
12-02-2021 14:00,1880
12-02-2021 15:00,1838
12-02-2021 16:00,1843
12-02-2021 17:00,1860
12-02-2021 18:00,1896
12-02-2021 19:00,1840
12-02-2021 20:00,1763
12-02-2021 21:00,1690
12-02-2021 22:00,1615
12-02-2021 23:00,1536
13-02-2021 00:00,1448
13-02-2021 01:00,1412
13-02-2021 02:00,1445
13-02-2021 03:00,1458
13-02-2021 04:00,1433
13-02-2021 05:00,1400
13-02-2021 06:00,1422
13-02-2021 07:00,1513
13-02-2021 08:00,1614
13-02-2021 09:00,1641
13-02-2021 10:00,1604
13-02-2021 11:00,1573
13-02-2021 12:00,1509
13-02-2021 13:00,1497
13-02-2021 14:00,1467
13-02-2021 15:00,1456
13-02-2021 16:00,1472
13-02-2021 17:00,1520
13-02-2021 18:00,1585
13-02-2021 19:00,1565
13-02-2021 20:00,1512
13-02-2021 21:00,1447
13-02-2021 22:00,1388
13-02-2021 23:00,1348
14-02-2021 00:00,1283
14-02-2021 01:00,1266
14-02-2021 02:00,1307
14-02-2021 03:00,1334
14-02-2021 04:00,1317
14-02-2021 05:00,1270
14-02-2021 06:00,1263
14-02-2021 07:00,1322
14-02-2021 08:00,1397
14-02-2021 09:00,1424
14-02-2021 10:00,1418
14-02-2021 11:00,1409
14-02-2021 12:00,1386
14-02-2021 13:00,1356
14-02-2021 14:00,1331
14-02-2021 15:00,1333
14-02-2021 16:00,1357
14-02-2021 17:00,1439
14-02-2021 18:00,1522
14-02-2021 19:00,1508
14-02-2021 20:00,1455
14-02-2021 21:00,1395
14-02-2021 22:00,1318
14-02-2021 23:00,1265
15-02-2021 00:00,1203
15-02-2021 01:00,1202
15-02-2021 02:00,1261
15-02-2021 03:00,1292
15-02-2021 04:00,1289
15-02-2021 05:00,1282
15-02-2021 06:00,1372
15-02-2021 07:00,1552
15-02-2021 08:00,1792
15-02-2021 09:00,1908
15-02-2021 10:00,1911
15-02-2021 11:00,1878
15-02-2021 12:00,1789
15-02-2021 13:00,1825
15-02-2021 14:00,1804
15-02-2021 15:00,1812
15-02-2021 16:00,1821
15-02-2021 17:00,1806
15-02-2021 18:00,1807
15-02-2021 19:00,1734
15-02-2021 20:00,1651
15-02-2021 21:00,1598
15-02-2021 22:00,1533
15-02-2021 23:00,1460
16-02-2021 00:00,1382
16-02-2021 01:00,1369
16-02-2021 02:00,1413
16-02-2021 03:00,1451
16-02-2021 04:00,1451
16-02-2021 05:00,1470
16-02-2021 06:00,1601
16-02-2021 07:00,1763
16-02-2021 08:00,1935
16-02-2021 09:00,2006
16-02-2021 10:00,1974
16-02-2021 11:00,1952
16-02-2021 12:00,1850
16-02-2021 13:00,1899
16-02-2021 14:00,1900
16-02-2021 15:00,1893
16-02-2021 16:00,1929
16-02-2021 17:00,1950
16-02-2021 18:00,1987
16-02-2021 19:00,1929
16-02-2021 20:00,1851
16-02-2021 21:00,1770
16-02-2021 22:00,1686
16-02-2021 23:00,1596
17-02-2021 00:00,1490
17-02-2021 01:00,1454
17-02-2021 02:00,1490
17-02-2021 03:00,1514
17-02-2021 04:00,1513
17-02-2021 05:00,1532
17-02-2021 06:00,1679
17-02-2021 07:00,1890
17-02-2021 08:00,2152
17-02-2021 09:00,2259
17-02-2021 10:00,2250
17-02-2021 11:00,2213
17-02-2021 12:00,2107
17-02-2021 13:00,2161
17-02-2021 14:00,2168
17-02-2021 15:00,2176
17-02-2021 16:00,2235
17-02-2021 17:00,2273
17-02-2021 18:00,2317
17-02-2021 19:00,2264
17-02-2021 20:00,2182
17-02-2021 21:00,2099
17-02-2021 22:00,1974
17-02-2021 23:00,1875
18-02-2021 00:00,1761
18-02-2021 01:00,1709
18-02-2021 02:00,1707
18-02-2021 03:00,1694
18-02-2021 04:00,1666
18-02-2021 05:00,1696
18-02-2021 06:00,1897
18-02-2021 07:00,2118
18-02-2021 08:00,2324
18-02-2021 09:00,2401
18-02-2021 10:00,2357
18-02-2021 11:00,2307
18-02-2021 12:00,2185
18-02-2021 13:00,2235
18-02-2021 14:00,2219
18-02-2021 15:00,2203
18-02-2021 16:00,2253
18-02-2021 17:00,2294
18-02-2021 18:00,2332
18-02-2021 19:00,2262
18-02-2021 20:00,2166
18-02-2021 21:00,2077
18-02-2021 22:00,1948
18-02-2021 23:00,1849
19-02-2021 00:00,1722
19-02-2021 01:00,1667
19-02-2021 02:00,1667
19-02-2021 03:00,1665
19-02-2021 04:00,1630
19-02-2021 05:00,1648
19-02-2021 06:00,1823
19-02-2021 07:00,2060
19-02-2021 08:00,2304
19-02-2021 09:00,2398
19-02-2021 10:00,2345
19-02-2021 11:00,2284
19-02-2021 12:00,2123
19-02-2021 13:00,2127
19-02-2021 14:00,2074
19-02-2021 15:00,2039
19-02-2021 16:00,2065
19-02-2021 17:00,2087
19-02-2021 18:00,2144
19-02-2021 19:00,2096
19-02-2021 20:00,2022
19-02-2021 21:00,1944
19-02-2021 22:00,1855
19-02-2021 23:00,1780
20-02-2021 00:00,1678
20-02-2021 01:00,1628
20-02-2021 02:00,1628
20-02-2021 03:00,1610
20-02-2021 04:00,1567
20-02-2021 05:00,1523
20-02-2021 06:00,1578
20-02-2021 07:00,1700
20-02-2021 08:00,1816
20-02-2021 09:00,1837
20-02-2021 10:00,1775
20-02-2021 11:00,1728
20-02-2021 12:00,1648
20-02-2021 13:00,1630
20-02-2021 14:00,1588
20-02-2021 15:00,1560
20-02-2021 16:00,1601
20-02-2021 17:00,1645
20-02-2021 18:00,1710
20-02-2021 19:00,1699
20-02-2021 20:00,1656
20-02-2021 21:00,1591
20-02-2021 22:00,1505
20-02-2021 23:00,1456
21-02-2021 00:00,1381
21-02-2021 01:00,1357
21-02-2021 02:00,1391
21-02-2021 03:00,1403
21-02-2021 04:00,1380
21-02-2021 05:00,1336
21-02-2021 06:00,1339
21-02-2021 07:00,1398
21-02-2021 08:00,1481
21-02-2021 09:00,1490
21-02-2021 10:00,1461
21-02-2021 11:00,1435
21-02-2021 12:00,1404
21-02-2021 13:00,1382
21-02-2021 14:00,1359
21-02-2021 15:00,1353
21-02-2021 16:00,1397
21-02-2021 17:00,1467
21-02-2021 18:00,1553
21-02-2021 19:00,1550
21-02-2021 20:00,1510
21-02-2021 21:00,1456
21-02-2021 22:00,1377
21-02-2021 23:00,1325
22-02-2021 00:00,1257
22-02-2021 01:00,1249
22-02-2021 02:00,1304
22-02-2021 03:00,1331
22-02-2021 04:00,1337
22-02-2021 05:00,1349
22-02-2021 06:00,1463
22-02-2021 07:00,1618
22-02-2021 08:00,1769
22-02-2021 09:00,1803
22-02-2021 10:00,1770
22-02-2021 11:00,1742
22-02-2021 12:00,1644
22-02-2021 13:00,1696
22-02-2021 14:00,1678
22-02-2021 15:00,1653
22-02-2021 16:00,1668
22-02-2021 17:00,1659
22-02-2021 18:00,1688
22-02-2021 19:00,1635
22-02-2021 20:00,1568
22-02-2021 21:00,1513
22-02-2021 22:00,1454
22-02-2021 23:00,1391
23-02-2021 00:00,1317
23-02-2021 01:00,1303
23-02-2021 02:00,1350
23-02-2021 03:00,1372
23-02-2021 04:00,1348
23-02-2021 05:00,1300
23-02-2021 06:00,1313
23-02-2021 07:00,1410
23-02-2021 08:00,1557
23-02-2021 09:00,1636
23-02-2021 10:00,1635
23-02-2021 11:00,1620
23-02-2021 12:00,1580
23-02-2021 13:00,1614
23-02-2021 14:00,1590
23-02-2021 15:00,1594
23-02-2021 16:00,1647
23-02-2021 17:00,1731
23-02-2021 18:00,1809
23-02-2021 19:00,1782
23-02-2021 20:00,1751
23-02-2021 21:00,1696
23-02-2021 22:00,1604
23-02-2021 23:00,1532
24-02-2021 00:00,1455
24-02-2021 01:00,1432
24-02-2021 02:00,1474
24-02-2021 03:00,1486
24-02-2021 04:00,1475
24-02-2021 05:00,1489
24-02-2021 06:00,1636
24-02-2021 07:00,1807
24-02-2021 08:00,1991
24-02-2021 09:00,2067
24-02-2021 10:00,2034
24-02-2021 11:00,2000
24-02-2021 12:00,1890
24-02-2021 13:00,1933
24-02-2021 14:00,1910
24-02-2021 15:00,1901
24-02-2021 16:00,1935
24-02-2021 17:00,1969
24-02-2021 18:00,2038
24-02-2021 19:00,2010
24-02-2021 20:00,1941
24-02-2021 21:00,1862
24-02-2021 22:00,1767
24-02-2021 23:00,1684
25-02-2021 00:00,1596
25-02-2021 01:00,1558
25-02-2021 02:00,1587
25-02-2021 03:00,1590
25-02-2021 04:00,1572
25-02-2021 05:00,1588
25-02-2021 06:00,1763
25-02-2021 07:00,1931
25-02-2021 08:00,2081
25-02-2021 09:00,2128
25-02-2021 10:00,2080
25-02-2021 11:00,2034
25-02-2021 12:00,1897
25-02-2021 13:00,1930
25-02-2021 14:00,1886
25-02-2021 15:00,1865
25-02-2021 16:00,1899
25-02-2021 17:00,1927
25-02-2021 18:00,1966
25-02-2021 19:00,1918
25-02-2021 20:00,1839
25-02-2021 21:00,1772
25-02-2021 22:00,1681
25-02-2021 23:00,1584
26-02-2021 00:00,1481
26-02-2021 01:00,1449
26-02-2021 02:00,1479
26-02-2021 03:00,1497
26-02-2021 04:00,1491
26-02-2021 05:00,1498
26-02-2021 06:00,1616
26-02-2021 07:00,1803
26-02-2021 08:00,2026
26-02-2021 09:00,2137
26-02-2021 10:00,2142
26-02-2021 11:00,2125
26-02-2021 12:00,2023
26-02-2021 13:00,2074
26-02-2021 14:00,2052
26-02-2021 15:00,2033
26-02-2021 16:00,2049
26-02-2021 17:00,2036
26-02-2021 18:00,2036
26-02-2021 19:00,1968
26-02-2021 20:00,1889
26-02-2021 21:00,1804
26-02-2021 22:00,1720
26-02-2021 23:00,1629
27-02-2021 00:00,1518
27-02-2021 01:00,1477
27-02-2021 02:00,1501
27-02-2021 03:00,1516
27-02-2021 04:00,1495
27-02-2021 05:00,1459
27-02-2021 06:00,1515
27-02-2021 07:00,1623
27-02-2021 08:00,1775
27-02-2021 09:00,1813
27-02-2021 10:00,1773
27-02-2021 11:00,1741
27-02-2021 12:00,1682
27-02-2021 13:00,1662
27-02-2021 14:00,1630
27-02-2021 15:00,1613
27-02-2021 16:00,1666
27-02-2021 17:00,1748
27-02-2021 18:00,1838
27-02-2021 19:00,1835
27-02-2021 20:00,1791
27-02-2021 21:00,1732
27-02-2021 22:00,1657
27-02-2021 23:00,1596
28-02-2021 00:00,1520
28-02-2021 01:00,1473
28-02-2021 02:00,1494
28-02-2021 03:00,1488
28-02-2021 04:00,1444
28-02-2021 05:00,1397
28-02-2021 06:00,1410
28-02-2021 07:00,1498
28-02-2021 08:00,1591
28-02-2021 09:00,1639
28-02-2021 10:00,1590
28-02-2021 11:00,1546
28-02-2021 12:00,1518
28-02-2021 13:00,1479
28-02-2021 14:00,1477
28-02-2021 15:00,1463
28-02-2021 16:00,1494
28-02-2021 17:00,1590
28-02-2021 18:00,1699
28-02-2021 19:00,1698
28-02-2021 20:00,1652
28-02-2021 21:00,1586
28-02-2021 22:00,1490
28-02-2021 23:00,1406
01-03-2021 00:00,1328
01-03-2021 01:00,1317
01-03-2021 02:00,1358
01-03-2021 03:00,1383
01-03-2021 04:00,1389
01-03-2021 05:00,1412
01-03-2021 06:00,1529
01-03-2021 07:00,1666
01-03-2021 08:00,1818
01-03-2021 09:00,1866
01-03-2021 10:00,1832
01-03-2021 11:00,1805
01-03-2021 12:00,1673
01-03-2021 13:00,1702
01-03-2021 14:00,1688
01-03-2021 15:00,1682
01-03-2021 16:00,1696
01-03-2021 17:00,1693
01-03-2021 18:00,1729
01-03-2021 19:00,1678
01-03-2021 20:00,1611
01-03-2021 21:00,1547
01-03-2021 22:00,1474
01-03-2021 23:00,1405
02-03-2021 00:00,1322
02-03-2021 01:00,1301
02-03-2021 02:00,1348
02-03-2021 03:00,1375
02-03-2021 04:00,1364
02-03-2021 05:00,1339
02-03-2021 06:00,1397
02-03-2021 07:00,1536
02-03-2021 08:00,1736
02-03-2021 09:00,1863
02-03-2021 10:00,1946
02-03-2021 11:00,1987
02-03-2021 12:00,1939
02-03-2021 13:00,2010
02-03-2021 14:00,1983
02-03-2021 15:00,1954
02-03-2021 16:00,1978
02-03-2021 17:00,1981
02-03-2021 18:00,2012
02-03-2021 19:00,1959
02-03-2021 20:00,1893
02-03-2021 21:00,1808
02-03-2021 22:00,1715
02-03-2021 23:00,1632
03-03-2021 00:00,1534
03-03-2021 01:00,1504
03-03-2021 02:00,1526
03-03-2021 03:00,1529
03-03-2021 04:00,1510
03-03-2021 05:00,1515
03-03-2021 06:00,1671
03-03-2021 07:00,1848
03-03-2021 08:00,2026
03-03-2021 09:00,2090
03-03-2021 10:00,2055
03-03-2021 11:00,2008
03-03-2021 12:00,1884
03-03-2021 13:00,1914
03-03-2021 14:00,1871
03-03-2021 15:00,1870
03-03-2021 16:00,1914
03-03-2021 17:00,1930
03-03-2021 18:00,1996
03-03-2021 19:00,1964
03-03-2021 20:00,1905
03-03-2021 21:00,1838
03-03-2021 22:00,1740
03-03-2021 23:00,1646
04-03-2021 00:00,1552
04-03-2021 01:00,1519
04-03-2021 02:00,1542
04-03-2021 03:00,1553
04-03-2021 04:00,1534
04-03-2021 05:00,1552
04-03-2021 06:00,1685
04-03-2021 07:00,1835
04-03-2021 08:00,1963
04-03-2021 09:00,1995
04-03-2021 10:00,1937
04-03-2021 11:00,1896
04-03-2021 12:00,1774
04-03-2021 13:00,1839
04-03-2021 14:00,1822
04-03-2021 15:00,1809
04-03-2021 16:00,1826
04-03-2021 17:00,1828
04-03-2021 18:00,1863
04-03-2021 19:00,1816
04-03-2021 20:00,1750
04-03-2021 21:00,1675
04-03-2021 22:00,1583
04-03-2021 23:00,1499
05-03-2021 00:00,1402
05-03-2021 01:00,1374
05-03-2021 02:00,1411
05-03-2021 03:00,1437
05-03-2021 04:00,1428
05-03-2021 05:00,1420
05-03-2021 06:00,1502
05-03-2021 07:00,1659
05-03-2021 08:00,1840
05-03-2021 09:00,1950
05-03-2021 10:00,1957
05-03-2021 11:00,1922
05-03-2021 12:00,1813
05-03-2021 13:00,1871
05-03-2021 14:00,1853
05-03-2021 15:00,1851
05-03-2021 16:00,1862
05-03-2021 17:00,1838
05-03-2021 18:00,1835
05-03-2021 19:00,1770
05-03-2021 20:00,1704
05-03-2021 21:00,1636
05-03-2021 22:00,1560
05-03-2021 23:00,1481
06-03-2021 00:00,1387
06-03-2021 01:00,1359
06-03-2021 02:00,1394
06-03-2021 03:00,1415
06-03-2021 04:00,1392
06-03-2021 05:00,1327
06-03-2021 06:00,1336
06-03-2021 07:00,1419
06-03-2021 08:00,1535
06-03-2021 09:00,1579
06-03-2021 10:00,1562
06-03-2021 11:00,1539
06-03-2021 12:00,1483
06-03-2021 13:00,1516
06-03-2021 14:00,1514
06-03-2021 15:00,1543
06-03-2021 16:00,1592
06-03-2021 17:00,1657
06-03-2021 18:00,1688
06-03-2021 19:00,1668
06-03-2021 20:00,1620
06-03-2021 21:00,1560
06-03-2021 22:00,1488
06-03-2021 23:00,1436
07-03-2021 00:00,1356
07-03-2021 01:00,1330
07-03-2021 02:00,1368
07-03-2021 03:00,1393
07-03-2021 04:00,1371
07-03-2021 05:00,1329
07-03-2021 06:00,1334
07-03-2021 07:00,1389
07-03-2021 08:00,1465
07-03-2021 09:00,1499
07-03-2021 10:00,1494
07-03-2021 11:00,1481
07-03-2021 12:00,1472
07-03-2021 13:00,1475
07-03-2021 14:00,1470
07-03-2021 15:00,1489
07-03-2021 16:00,1533
07-03-2021 17:00,1627
07-03-2021 18:00,1706
07-03-2021 19:00,1698
07-03-2021 20:00,1660
07-03-2021 21:00,1585
07-03-2021 22:00,1482
07-03-2021 23:00,1408
08-03-2021 00:00,1327
08-03-2021 01:00,1302
08-03-2021 02:00,1348
08-03-2021 03:00,1374
08-03-2021 04:00,1383
08-03-2021 05:00,1398
08-03-2021 06:00,1518
08-03-2021 07:00,1708
08-03-2021 08:00,1923
08-03-2021 09:00,2021
08-03-2021 10:00,2003
08-03-2021 11:00,1949
08-03-2021 12:00,1832
08-03-2021 13:00,1880
08-03-2021 14:00,1863
08-03-2021 15:00,1853
08-03-2021 16:00,1875
08-03-2021 17:00,1883
08-03-2021 18:00,1945
08-03-2021 19:00,1912
08-03-2021 20:00,1857
08-03-2021 21:00,1785
08-03-2021 22:00,1689
08-03-2021 23:00,1597
09-03-2021 00:00,1509
09-03-2021 01:00,1488
09-03-2021 02:00,1519
09-03-2021 03:00,1537
09-03-2021 04:00,1532
09-03-2021 05:00,1549
09-03-2021 06:00,1692
09-03-2021 07:00,1831
09-03-2021 08:00,2026
09-03-2021 09:00,2105
09-03-2021 10:00,2016
09-03-2021 11:00,1956
09-03-2021 12:00,1825
09-03-2021 13:00,1878
09-03-2021 14:00,1845
09-03-2021 15:00,1819
09-03-2021 16:00,1832
09-03-2021 17:00,1841
09-03-2021 18:00,1882
09-03-2021 19:00,1846
09-03-2021 20:00,1782
09-03-2021 21:00,1707
09-03-2021 22:00,1615
09-03-2021 23:00,1527
10-03-2021 00:00,1425
10-03-2021 01:00,1396
10-03-2021 02:00,1437
10-03-2021 03:00,1464
10-03-2021 04:00,1465
10-03-2021 05:00,1473
10-03-2021 06:00,1578
10-03-2021 07:00,1696
10-03-2021 08:00,1839
10-03-2021 09:00,1912
10-03-2021 10:00,1878
10-03-2021 11:00,1839
10-03-2021 12:00,1726
10-03-2021 13:00,1779
10-03-2021 14:00,1752
10-03-2021 15:00,1735
10-03-2021 16:00,1761
10-03-2021 17:00,1776
10-03-2021 18:00,1850
10-03-2021 19:00,1838
10-03-2021 20:00,1789
10-03-2021 21:00,1730
10-03-2021 22:00,1665
10-03-2021 23:00,1582
11-03-2021 00:00,1493
11-03-2021 01:00,1472
11-03-2021 02:00,1511
11-03-2021 03:00,1532
11-03-2021 04:00,1526
11-03-2021 05:00,1544
11-03-2021 06:00,1677
11-03-2021 07:00,1796
11-03-2021 08:00,1923
11-03-2021 09:00,1974
11-03-2021 10:00,1938
11-03-2021 11:00,1900
11-03-2021 12:00,1774
11-03-2021 13:00,1811
11-03-2021 14:00,1771
11-03-2021 15:00,1755
11-03-2021 16:00,1777
11-03-2021 17:00,1775
11-03-2021 18:00,1826
11-03-2021 19:00,1786
11-03-2021 20:00,1725
11-03-2021 21:00,1666
11-03-2021 22:00,1588
11-03-2021 23:00,1510
12-03-2021 00:00,1413
12-03-2021 01:00,1394
12-03-2021 02:00,1426
12-03-2021 03:00,1459
12-03-2021 04:00,1455
12-03-2021 05:00,1454
12-03-2021 06:00,1547
12-03-2021 07:00,1692
12-03-2021 08:00,1866
12-03-2021 09:00,1946
12-03-2021 10:00,1923
12-03-2021 11:00,1862
12-03-2021 12:00,1775
12-03-2021 13:00,1863
12-03-2021 14:00,1874
12-03-2021 15:00,1868
12-03-2021 16:00,1881
12-03-2021 17:00,1860
12-03-2021 18:00,1842
12-03-2021 19:00,1775
12-03-2021 20:00,1701
12-03-2021 21:00,1635
12-03-2021 22:00,1549
12-03-2021 23:00,1484
13-03-2021 00:00,1386
13-03-2021 01:00,1358
13-03-2021 02:00,1404
13-03-2021 03:00,1417
13-03-2021 04:00,1392
13-03-2021 05:00,1337
13-03-2021 06:00,1334
13-03-2021 07:00,1430
13-03-2021 08:00,1563
13-03-2021 09:00,1623
13-03-2021 10:00,1618
13-03-2021 11:00,1602
13-03-2021 12:00,1553
13-03-2021 13:00,1571
13-03-2021 14:00,1529
13-03-2021 15:00,1553
13-03-2021 16:00,1591
13-03-2021 17:00,1640
13-03-2021 18:00,1685
13-03-2021 19:00,1658
13-03-2021 20:00,1614
13-03-2021 21:00,1539
13-03-2021 22:00,1460
13-03-2021 23:00,1401
14-03-2021 00:00,1316
14-03-2021 01:00,1296
14-03-2021 02:00,1335
14-03-2021 03:00,1364
14-03-2021 04:00,1350
14-03-2021 05:00,1309
14-03-2021 06:00,1297
14-03-2021 07:00,1351
14-03-2021 08:00,1420
14-03-2021 09:00,1451
14-03-2021 10:00,1433
14-03-2021 11:00,1422
14-03-2021 12:00,1406
14-03-2021 13:00,1376
14-03-2021 14:00,1335
14-03-2021 15:00,1344
14-03-2021 16:00,1373
14-03-2021 17:00,1477
14-03-2021 18:00,1579
14-03-2021 19:00,1598
14-03-2021 20:00,1578
14-03-2021 21:00,1521
14-03-2021 22:00,1432
14-03-2021 23:00,1364
15-03-2021 00:00,1290
15-03-2021 01:00,1282
15-03-2021 02:00,1333
15-03-2021 03:00,1365
15-03-2021 04:00,1365
15-03-2021 05:00,1384
15-03-2021 06:00,1508
15-03-2021 07:00,1659
15-03-2021 08:00,1825
15-03-2021 09:00,1889
15-03-2021 10:00,1862
15-03-2021 11:00,1829
15-03-2021 12:00,1714
15-03-2021 13:00,1756
15-03-2021 14:00,1734
15-03-2021 15:00,1726
15-03-2021 16:00,1731
15-03-2021 17:00,1711
15-03-2021 18:00,1765
15-03-2021 19:00,1734
15-03-2021 20:00,1677
15-03-2021 21:00,1618
15-03-2021 22:00,1542
15-03-2021 23:00,1469
16-03-2021 00:00,1377
16-03-2021 01:00,1360
16-03-2021 02:00,1405
16-03-2021 03:00,1442
16-03-2021 04:00,1443
16-03-2021 05:00,1438
16-03-2021 06:00,1519
16-03-2021 07:00,1656
16-03-2021 08:00,1838
16-03-2021 09:00,1903
16-03-2021 10:00,1873
16-03-2021 11:00,1844
16-03-2021 12:00,1749
16-03-2021 13:00,1810
16-03-2021 14:00,1804
16-03-2021 15:00,1803
16-03-2021 16:00,1816
16-03-2021 17:00,1793
16-03-2021 18:00,1781
16-03-2021 19:00,1719
16-03-2021 20:00,1645
16-03-2021 21:00,1573
16-03-2021 22:00,1485
16-03-2021 23:00,1411
17-03-2021 00:00,1313
17-03-2021 01:00,1295
17-03-2021 02:00,1339
17-03-2021 03:00,1376
17-03-2021 04:00,1377
17-03-2021 05:00,1367
17-03-2021 06:00,1434
17-03-2021 07:00,1534
17-03-2021 08:00,1691
17-03-2021 09:00,1770
17-03-2021 10:00,1766
17-03-2021 11:00,1754
17-03-2021 12:00,1652
17-03-2021 13:00,1710
17-03-2021 14:00,1683
17-03-2021 15:00,1678
17-03-2021 16:00,1703
17-03-2021 17:00,1704
17-03-2021 18:00,1763
17-03-2021 19:00,1747
17-03-2021 20:00,1701
17-03-2021 21:00,1647
17-03-2021 22:00,1569
17-03-2021 23:00,1488
18-03-2021 00:00,1399
18-03-2021 01:00,1376
18-03-2021 02:00,1424
18-03-2021 03:00,1464
18-03-2021 04:00,1462
18-03-2021 05:00,1471
18-03-2021 06:00,1567
18-03-2021 07:00,1664
18-03-2021 08:00,1800
18-03-2021 09:00,1867
18-03-2021 10:00,1857
18-03-2021 11:00,1827
18-03-2021 12:00,1714
18-03-2021 13:00,1751
18-03-2021 14:00,1712
18-03-2021 15:00,1690
18-03-2021 16:00,1702
18-03-2021 17:00,1685
18-03-2021 18:00,1726
18-03-2021 19:00,1703
18-03-2021 20:00,1659
18-03-2021 21:00,1607
18-03-2021 22:00,1529
18-03-2021 23:00,1458
19-03-2021 00:00,1369
19-03-2021 01:00,1350
19-03-2021 02:00,1397
19-03-2021 03:00,1433
19-03-2021 04:00,1439
19-03-2021 05:00,1441
19-03-2021 06:00,1514
19-03-2021 07:00,1604
19-03-2021 08:00,1734
19-03-2021 09:00,1791
19-03-2021 10:00,1776
19-03-2021 11:00,1754
19-03-2021 12:00,1655
19-03-2021 13:00,1692
19-03-2021 14:00,1662
19-03-2021 15:00,1638
19-03-2021 16:00,1649
19-03-2021 17:00,1615
19-03-2021 18:00,1653
19-03-2021 19:00,1633
19-03-2021 20:00,1589
19-03-2021 21:00,1540
19-03-2021 22:00,1472
19-03-2021 23:00,1420
20-03-2021 00:00,1338
20-03-2021 01:00,1313
20-03-2021 02:00,1356
20-03-2021 03:00,1388
20-03-2021 04:00,1370
20-03-2021 05:00,1331
20-03-2021 06:00,1314
20-03-2021 07:00,1336
20-03-2021 08:00,1411
20-03-2021 09:00,1430
20-03-2021 10:00,1425
20-03-2021 11:00,1424
20-03-2021 12:00,1387
20-03-2021 13:00,1379
20-03-2021 14:00,1365
20-03-2021 15:00,1387
20-03-2021 16:00,1415
20-03-2021 17:00,1459
20-03-2021 18:00,1507
20-03-2021 19:00,1492
20-03-2021 20:00,1448
20-03-2021 21:00,1383
20-03-2021 22:00,1310
20-03-2021 23:00,1260
21-03-2021 00:00,1182
21-03-2021 01:00,1156
21-03-2021 02:00,1216
21-03-2021 03:00,1255
21-03-2021 04:00,1234
21-03-2021 05:00,1163
21-03-2021 06:00,1140
21-03-2021 07:00,1221
21-03-2021 08:00,1329
21-03-2021 09:00,1396
21-03-2021 10:00,1405
21-03-2021 11:00,1417
21-03-2021 12:00,1427
21-03-2021 13:00,1414
21-03-2021 14:00,1411
21-03-2021 15:00,1432
21-03-2021 16:00,1459
21-03-2021 17:00,1515
21-03-2021 18:00,1544
21-03-2021 19:00,1520
21-03-2021 20:00,1479
21-03-2021 21:00,1404
21-03-2021 22:00,1327
21-03-2021 23:00,1267
22-03-2021 00:00,1193
22-03-2021 01:00,1174
22-03-2021 02:00,1233
22-03-2021 03:00,1278
22-03-2021 04:00,1287
22-03-2021 05:00,1293
22-03-2021 06:00,1375
22-03-2021 07:00,1512
22-03-2021 08:00,1689
22-03-2021 09:00,1802
22-03-2021 10:00,1816
22-03-2021 11:00,1812
22-03-2021 12:00,1713
22-03-2021 13:00,1766
22-03-2021 14:00,1764
22-03-2021 15:00,1788
22-03-2021 16:00,1808
22-03-2021 17:00,1818
22-03-2021 18:00,1842
22-03-2021 19:00,1802
22-03-2021 20:00,1736
22-03-2021 21:00,1669
22-03-2021 22:00,1581
22-03-2021 23:00,1492
23-03-2021 00:00,1395
23-03-2021 01:00,1373
23-03-2021 02:00,1425
23-03-2021 03:00,1465
23-03-2021 04:00,1467
23-03-2021 05:00,1480
23-03-2021 06:00,1579
23-03-2021 07:00,1679
23-03-2021 08:00,1811
23-03-2021 09:00,1881
23-03-2021 10:00,1867
23-03-2021 11:00,1853
23-03-2021 12:00,1748
23-03-2021 13:00,1787
23-03-2021 14:00,1747
23-03-2021 15:00,1718
23-03-2021 16:00,1733
23-03-2021 17:00,1721
23-03-2021 18:00,1762
23-03-2021 19:00,1744
23-03-2021 20:00,1694
23-03-2021 21:00,1638
23-03-2021 22:00,1555
23-03-2021 23:00,1469
24-03-2021 00:00,1374
24-03-2021 01:00,1352
24-03-2021 02:00,1399
24-03-2021 03:00,1440
24-03-2021 04:00,1439
24-03-2021 05:00,1446
24-03-2021 06:00,1532
24-03-2021 07:00,1633
24-03-2021 08:00,1757
24-03-2021 09:00,1814
24-03-2021 10:00,1792
24-03-2021 11:00,1772
24-03-2021 12:00,1662
24-03-2021 13:00,1710
24-03-2021 14:00,1690
24-03-2021 15:00,1662
24-03-2021 16:00,1661
24-03-2021 17:00,1640
24-03-2021 18:00,1673
24-03-2021 19:00,1647
24-03-2021 20:00,1586
24-03-2021 21:00,1527
24-03-2021 22:00,1459
24-03-2021 23:00,1390
25-03-2021 00:00,1300
25-03-2021 01:00,1282
25-03-2021 02:00,1329
25-03-2021 03:00,1372
25-03-2021 04:00,1365
25-03-2021 05:00,1348
25-03-2021 06:00,1399
25-03-2021 07:00,1525
25-03-2021 08:00,1714
25-03-2021 09:00,1816
25-03-2021 10:00,1822
25-03-2021 11:00,1817
25-03-2021 12:00,1723
25-03-2021 13:00,1771
25-03-2021 14:00,1729
25-03-2021 15:00,1689
25-03-2021 16:00,1693
25-03-2021 17:00,1671
25-03-2021 18:00,1693
25-03-2021 19:00,1668
25-03-2021 20:00,1608
25-03-2021 21:00,1554
25-03-2021 22:00,1485
25-03-2021 23:00,1413
26-03-2021 00:00,1325
26-03-2021 01:00,1299
26-03-2021 02:00,1350
26-03-2021 03:00,1396
26-03-2021 04:00,1395
26-03-2021 05:00,1383
26-03-2021 06:00,1448
26-03-2021 07:00,1561
26-03-2021 08:00,1697
26-03-2021 09:00,1755
26-03-2021 10:00,1750
26-03-2021 11:00,1736
26-03-2021 12:00,1633
26-03-2021 13:00,1674
26-03-2021 14:00,1647
26-03-2021 15:00,1618
26-03-2021 16:00,1624
26-03-2021 17:00,1615
26-03-2021 18:00,1640
26-03-2021 19:00,1623
26-03-2021 20:00,1573
26-03-2021 21:00,1511
26-03-2021 22:00,1458
26-03-2021 23:00,1400
27-03-2021 00:00,1309
27-03-2021 01:00,1287
27-03-2021 02:00,1339
27-03-2021 03:00,1380
27-03-2021 04:00,1372
27-03-2021 05:00,1339
27-03-2021 06:00,1331
27-03-2021 07:00,1370
27-03-2021 08:00,1434
27-03-2021 09:00,1481
27-03-2021 10:00,1459
27-03-2021 11:00,1442
27-03-2021 12:00,1400
27-03-2021 13:00,1385
27-03-2021 14:00,1367
27-03-2021 15:00,1343
27-03-2021 16:00,1364
27-03-2021 17:00,1402
27-03-2021 18:00,1458
27-03-2021 19:00,1458
27-03-2021 20:00,1418
27-03-2021 21:00,1358
27-03-2021 22:00,1305
27-03-2021 23:00,1254
28-03-2021 00:00,1176
28-03-2021 01:00,1156
28-03-2021 02:00,1207
28-03-2021 03:00,1239
28-03-2021 04:00,1222
28-03-2021 05:00,1162
28-03-2021 06:00,1129
28-03-2021 07:00,1198
28-03-2021 08:00,1290
28-03-2021 09:00,1374
28-03-2021 10:00,1389
28-03-2021 11:00,1403
28-03-2021 12:00,1396
28-03-2021 13:00,1376
28-03-2021 14:00,1368
28-03-2021 15:00,1380
28-03-2021 16:00,1409
28-03-2021 17:00,1465
28-03-2021 18:00,1502
28-03-2021 19:00,1478
28-03-2021 20:00,1431
28-03-2021 21:00,1364
28-03-2021 22:00,1277
28-03-2021 23:00,1220
29-03-2021 00:00,1145
29-03-2021 01:00,1126
29-03-2021 02:00,1186
29-03-2021 03:00,1226
29-03-2021 04:00,1224
29-03-2021 05:00,1207
29-03-2021 06:00,1256
29-03-2021 07:00,1379
29-03-2021 08:00,1560
29-03-2021 09:00,1669
29-03-2021 10:00,1701
29-03-2021 11:00,1701
29-03-2021 12:00,1606
29-03-2021 13:00,1672
29-03-2021 14:00,1661
29-03-2021 15:00,1640
29-03-2021 16:00,1624
29-03-2021 17:00,1574
29-03-2021 18:00,1587
29-03-2021 19:00,1550
29-03-2021 20:00,1485
29-03-2021 21:00,1424
29-03-2021 22:00,1361
29-03-2021 23:00,1298
30-03-2021 00:00,1219
30-03-2021 01:00,1197
30-03-2021 02:00,1256
30-03-2021 03:00,1301
30-03-2021 04:00,1299
30-03-2021 05:00,1268
30-03-2021 06:00,1304
30-03-2021 07:00,1403
30-03-2021 08:00,1576
30-03-2021 09:00,1675
30-03-2021 10:00,1699
30-03-2021 11:00,1699
30-03-2021 12:00,1585
30-03-2021 13:00,1624
30-03-2021 14:00,1618
30-03-2021 15:00,1597
30-03-2021 16:00,1599
30-03-2021 17:00,1568
30-03-2021 18:00,1581
30-03-2021 19:00,1545
30-03-2021 20:00,1485
30-03-2021 21:00,1428
30-03-2021 22:00,1358
30-03-2021 23:00,1301
31-03-2021 00:00,1212
31-03-2021 01:00,1184
31-03-2021 02:00,1246
31-03-2021 03:00,1296
31-03-2021 04:00,1297
31-03-2021 05:00,1276
31-03-2021 06:00,1307
31-03-2021 07:00,1387
31-03-2021 08:00,1537
31-03-2021 09:00,1624
31-03-2021 10:00,1635
31-03-2021 11:00,1645
31-03-2021 12:00,1562
31-03-2021 13:00,1605
31-03-2021 14:00,1582
31-03-2021 15:00,1564
31-03-2021 16:00,1573
31-03-2021 17:00,1542
31-03-2021 18:00,1558
31-03-2021 19:00,1539
31-03-2021 20:00,1485
31-03-2021 21:00,1433
31-03-2021 22:00,1367
31-03-2021 23:00,1306
01-04-2021 00:00,1217
01-04-2021 01:00,1197
01-04-2021 02:00,1262
01-04-2021 03:00,1317
01-04-2021 04:00,1324
01-04-2021 05:00,1309
01-04-2021 06:00,1339
01-04-2021 07:00,1407
01-04-2021 08:00,1541
01-04-2021 09:00,1626
01-04-2021 10:00,1637
01-04-2021 11:00,1655
01-04-2021 12:00,1579
01-04-2021 13:00,1633
01-04-2021 14:00,1619
01-04-2021 15:00,1608
01-04-2021 16:00,1616
01-04-2021 17:00,1574
01-04-2021 18:00,1593
01-04-2021 19:00,1561
01-04-2021 20:00,1495
01-04-2021 21:00,1434
01-04-2021 22:00,1371
01-04-2021 23:00,1307
02-04-2021 00:00,1223
02-04-2021 01:00,1203
02-04-2021 02:00,1260
02-04-2021 03:00,1313
02-04-2021 04:00,1309
02-04-2021 05:00,1280
02-04-2021 06:00,1297
02-04-2021 07:00,1388
02-04-2021 08:00,1539
02-04-2021 09:00,1638
02-04-2021 10:00,1669
02-04-2021 11:00,1680
02-04-2021 12:00,1598
02-04-2021 13:00,1649
02-04-2021 14:00,1637
02-04-2021 15:00,1615
02-04-2021 16:00,1613
02-04-2021 17:00,1563
02-04-2021 18:00,1566
02-04-2021 19:00,1533
02-04-2021 20:00,1466
02-04-2021 21:00,1405
02-04-2021 22:00,1347
02-04-2021 23:00,1290
03-04-2021 00:00,1220
03-04-2021 01:00,1189
03-04-2021 02:00,1246
03-04-2021 03:00,1289
03-04-2021 04:00,1279
03-04-2021 05:00,1220
03-04-2021 06:00,1183
03-04-2021 07:00,1238
03-04-2021 08:00,1345
03-04-2021 09:00,1393
03-04-2021 10:00,1408
03-04-2021 11:00,1408
03-04-2021 12:00,1367
03-04-2021 13:00,1381
03-04-2021 14:00,1375
03-04-2021 15:00,1386
03-04-2021 16:00,1378
03-04-2021 17:00,1391
03-04-2021 18:00,1431
03-04-2021 19:00,1432
03-04-2021 20:00,1381
03-04-2021 21:00,1314
03-04-2021 22:00,1250
03-04-2021 23:00,1208
04-04-2021 00:00,1140
04-04-2021 01:00,1113
04-04-2021 02:00,1167
04-04-2021 03:00,1209
04-04-2021 04:00,1196
04-04-2021 05:00,1139
04-04-2021 06:00,1103
04-04-2021 07:00,1159
04-04-2021 08:00,1250
04-04-2021 09:00,1305
04-04-2021 10:00,1337
04-04-2021 11:00,1360
04-04-2021 12:00,1365
04-04-2021 13:00,1366
04-04-2021 14:00,1358
04-04-2021 15:00,1363
04-04-2021 16:00,1380
04-04-2021 17:00,1432
04-04-2021 18:00,1465
04-04-2021 19:00,1446
04-04-2021 20:00,1384
04-04-2021 21:00,1322
04-04-2021 22:00,1248
04-04-2021 23:00,1204
05-04-2021 00:00,1133
05-04-2021 01:00,1115
05-04-2021 02:00,1173
05-04-2021 03:00,1229
05-04-2021 04:00,1241
05-04-2021 05:00,1232
05-04-2021 06:00,1291
05-04-2021 07:00,1424
05-04-2021 08:00,1609
05-04-2021 09:00,1704
05-04-2021 10:00,1714
05-04-2021 11:00,1709
05-04-2021 12:00,1617
05-04-2021 13:00,1670
05-04-2021 14:00,1640
05-04-2021 15:00,1619
05-04-2021 16:00,1642
05-04-2021 17:00,1636
05-04-2021 18:00,1677
05-04-2021 19:00,1672
05-04-2021 20:00,1610
05-04-2021 21:00,1549
05-04-2021 22:00,1476
05-04-2021 23:00,1401
06-04-2021 00:00,1308
06-04-2021 01:00,1279
06-04-2021 02:00,1332
06-04-2021 03:00,1378
06-04-2021 04:00,1383
06-04-2021 05:00,1377
06-04-2021 06:00,1423
06-04-2021 07:00,1506
06-04-2021 08:00,1671
06-04-2021 09:00,1741
06-04-2021 10:00,1748
06-04-2021 11:00,1721
06-04-2021 12:00,1648
06-04-2021 13:00,1726
06-04-2021 14:00,1716
06-04-2021 15:00,1727
06-04-2021 16:00,1745
06-04-2021 17:00,1740
06-04-2021 18:00,1747
06-04-2021 19:00,1703
06-04-2021 20:00,1632
06-04-2021 21:00,1551
06-04-2021 22:00,1472
06-04-2021 23:00,1393
07-04-2021 00:00,1287
07-04-2021 01:00,1261
07-04-2021 02:00,1316
07-04-2021 03:00,1370
07-04-2021 04:00,1374
07-04-2021 05:00,1350
07-04-2021 06:00,1387
07-04-2021 07:00,1463
07-04-2021 08:00,1605
07-04-2021 09:00,1695
07-04-2021 10:00,1707
07-04-2021 11:00,1713
07-04-2021 12:00,1614
07-04-2021 13:00,1663
07-04-2021 14:00,1638
07-04-2021 15:00,1618
07-04-2021 16:00,1631
07-04-2021 17:00,1603
07-04-2021 18:00,1622
07-04-2021 19:00,1609
07-04-2021 20:00,1557
07-04-2021 21:00,1499
07-04-2021 22:00,1425
07-04-2021 23:00,1362
08-04-2021 00:00,1276
08-04-2021 01:00,1246
08-04-2021 02:00,1307
08-04-2021 03:00,1363
08-04-2021 04:00,1369
08-04-2021 05:00,1363
08-04-2021 06:00,1396
08-04-2021 07:00,1457
08-04-2021 08:00,1586
08-04-2021 09:00,1673
08-04-2021 10:00,1694
08-04-2021 11:00,1694
08-04-2021 12:00,1595
08-04-2021 13:00,1662
08-04-2021 14:00,1649
08-04-2021 15:00,1626
08-04-2021 16:00,1634
08-04-2021 17:00,1622
08-04-2021 18:00,1645
08-04-2021 19:00,1613
08-04-2021 20:00,1549
08-04-2021 21:00,1489
08-04-2021 22:00,1419
08-04-2021 23:00,1352
09-04-2021 00:00,1268
09-04-2021 01:00,1244
09-04-2021 02:00,1296
09-04-2021 03:00,1358
09-04-2021 04:00,1371
09-04-2021 05:00,1362
09-04-2021 06:00,1400
09-04-2021 07:00,1474
09-04-2021 08:00,1605
09-04-2021 09:00,1690
09-04-2021 10:00,1709
09-04-2021 11:00,1707
09-04-2021 12:00,1614
09-04-2021 13:00,1672
09-04-2021 14:00,1643
09-04-2021 15:00,1624
09-04-2021 16:00,1634
09-04-2021 17:00,1643
09-04-2021 18:00,1693
09-04-2021 19:00,1687
09-04-2021 20:00,1630
09-04-2021 21:00,1577
09-04-2021 22:00,1510
09-04-2021 23:00,1447
10-04-2021 00:00,1354
10-04-2021 01:00,1330
10-04-2021 02:00,1377
10-04-2021 03:00,1426
10-04-2021 04:00,1413
10-04-2021 05:00,1371
10-04-2021 06:00,1359
10-04-2021 07:00,1382
10-04-2021 08:00,1458
10-04-2021 09:00,1502
10-04-2021 10:00,1506
10-04-2021 11:00,1500
10-04-2021 12:00,1467
10-04-2021 13:00,1444
10-04-2021 14:00,1402
10-04-2021 15:00,1383
10-04-2021 16:00,1412
10-04-2021 17:00,1459
10-04-2021 18:00,1532
10-04-2021 19:00,1556
10-04-2021 20:00,1520
10-04-2021 21:00,1462
10-04-2021 22:00,1381
10-04-2021 23:00,1309
11-04-2021 00:00,1224
11-04-2021 01:00,1209
11-04-2021 02:00,1269
11-04-2021 03:00,1313
11-04-2021 04:00,1306
11-04-2021 05:00,1269
11-04-2021 06:00,1247
11-04-2021 07:00,1251
11-04-2021 08:00,1284
11-04-2021 09:00,1320
11-04-2021 10:00,1337
11-04-2021 11:00,1342
11-04-2021 12:00,1329
11-04-2021 13:00,1294
11-04-2021 14:00,1267
11-04-2021 15:00,1258
11-04-2021 16:00,1291
11-04-2021 17:00,1359
11-04-2021 18:00,1430
11-04-2021 19:00,1464
11-04-2021 20:00,1430
11-04-2021 21:00,1368
11-04-2021 22:00,1291
11-04-2021 23:00,1232
12-04-2021 00:00,1159
12-04-2021 01:00,1143
12-04-2021 02:00,1204
12-04-2021 03:00,1265
12-04-2021 04:00,1283
12-04-2021 05:00,1277
12-04-2021 06:00,1339
12-04-2021 07:00,1422
12-04-2021 08:00,1552
12-04-2021 09:00,1653
12-04-2021 10:00,1677
12-04-2021 11:00,1699
12-04-2021 12:00,1595
12-04-2021 13:00,1638
12-04-2021 14:00,1649
12-04-2021 15:00,1650
12-04-2021 16:00,1656
12-04-2021 17:00,1629
12-04-2021 18:00,1640
12-04-2021 19:00,1597
12-04-2021 20:00,1522
12-04-2021 21:00,1455
12-04-2021 22:00,1389
12-04-2021 23:00,1321
13-04-2021 00:00,1231
13-04-2021 01:00,1208
13-04-2021 02:00,1260
13-04-2021 03:00,1311
13-04-2021 04:00,1315
13-04-2021 05:00,1295
13-04-2021 06:00,1347
13-04-2021 07:00,1444
13-04-2021 08:00,1605
13-04-2021 09:00,1677
13-04-2021 10:00,1666
13-04-2021 11:00,1701
13-04-2021 12:00,1618
13-04-2021 13:00,1681
13-04-2021 14:00,1673
13-04-2021 15:00,1645
13-04-2021 16:00,1669
13-04-2021 17:00,1653
13-04-2021 18:00,1645
13-04-2021 19:00,1592
13-04-2021 20:00,1519
13-04-2021 21:00,1450
13-04-2021 22:00,1384
13-04-2021 23:00,1316
14-04-2021 00:00,1234
14-04-2021 01:00,1206
14-04-2021 02:00,1263
14-04-2021 03:00,1317
14-04-2021 04:00,1311
14-04-2021 05:00,1278
14-04-2021 06:00,1323
14-04-2021 07:00,1423
14-04-2021 08:00,1575
14-04-2021 09:00,1672
14-04-2021 10:00,1681
14-04-2021 11:00,1701
14-04-2021 12:00,1584
14-04-2021 13:00,1670
14-04-2021 14:00,1680
14-04-2021 15:00,1664
14-04-2021 16:00,1666
14-04-2021 17:00,1647
14-04-2021 18:00,1665
14-04-2021 19:00,1651
14-04-2021 20:00,1590
14-04-2021 21:00,1527
14-04-2021 22:00,1458
14-04-2021 23:00,1384
15-04-2021 00:00,1293
15-04-2021 01:00,1269
15-04-2021 02:00,1331
15-04-2021 03:00,1389
15-04-2021 04:00,1401
15-04-2021 05:00,1399
15-04-2021 06:00,1451
15-04-2021 07:00,1491
15-04-2021 08:00,1607
15-04-2021 09:00,1704
15-04-2021 10:00,1720
15-04-2021 11:00,1713
15-04-2021 12:00,1617
15-04-2021 13:00,1672
15-04-2021 14:00,1654
15-04-2021 15:00,1649
15-04-2021 16:00,1651
15-04-2021 17:00,1629
15-04-2021 18:00,1655
15-04-2021 19:00,1629
15-04-2021 20:00,1570
15-04-2021 21:00,1502
15-04-2021 22:00,1428
15-04-2021 23:00,1365
16-04-2021 00:00,1271
16-04-2021 01:00,1242
16-04-2021 02:00,1302
16-04-2021 03:00,1350
16-04-2021 04:00,1348
16-04-2021 05:00,1324
16-04-2021 06:00,1383
16-04-2021 07:00,1477
16-04-2021 08:00,1609
16-04-2021 09:00,1704
16-04-2021 10:00,1700
16-04-2021 11:00,1684
16-04-2021 12:00,1619
16-04-2021 13:00,1688
16-04-2021 14:00,1685
16-04-2021 15:00,1678
16-04-2021 16:00,1657
16-04-2021 17:00,1637
16-04-2021 18:00,1641
16-04-2021 19:00,1599
16-04-2021 20:00,1536
16-04-2021 21:00,1466
16-04-2021 22:00,1413
16-04-2021 23:00,1356
17-04-2021 00:00,1267
17-04-2021 01:00,1226
17-04-2021 02:00,1273
17-04-2021 03:00,1323
17-04-2021 04:00,1317
17-04-2021 05:00,1271
17-04-2021 06:00,1261
17-04-2021 07:00,1338
17-04-2021 08:00,1458
17-04-2021 09:00,1549
17-04-2021 10:00,1577
17-04-2021 11:00,1590
17-04-2021 12:00,1558
17-04-2021 13:00,1550
17-04-2021 14:00,1518
17-04-2021 15:00,1496
17-04-2021 16:00,1498
17-04-2021 17:00,1493
17-04-2021 18:00,1528
17-04-2021 19:00,1526
17-04-2021 20:00,1468
17-04-2021 21:00,1401
17-04-2021 22:00,1327
17-04-2021 23:00,1270
18-04-2021 00:00,1191
18-04-2021 01:00,1164
18-04-2021 02:00,1210
18-04-2021 03:00,1263
18-04-2021 04:00,1266
18-04-2021 05:00,1217
18-04-2021 06:00,1187
18-04-2021 07:00,1216
18-04-2021 08:00,1287
18-04-2021 09:00,1385
18-04-2021 10:00,1374
18-04-2021 11:00,1375
18-04-2021 12:00,1370
18-04-2021 13:00,1370
18-04-2021 14:00,1362
18-04-2021 15:00,1359
18-04-2021 16:00,1396
18-04-2021 17:00,1470
18-04-2021 18:00,1532
18-04-2021 19:00,1558
18-04-2021 20:00,1514
18-04-2021 21:00,1446
18-04-2021 22:00,1362
18-04-2021 23:00,1300
19-04-2021 00:00,1217
19-04-2021 01:00,1189
19-04-2021 02:00,1251
19-04-2021 03:00,1299
19-04-2021 04:00,1313
19-04-2021 05:00,1316
19-04-2021 06:00,1390
19-04-2021 07:00,1490
19-04-2021 08:00,1629
19-04-2021 09:00,1739
19-04-2021 10:00,1755
19-04-2021 11:00,1750
19-04-2021 12:00,1650
19-04-2021 13:00,1692
19-04-2021 14:00,1662
19-04-2021 15:00,1630
19-04-2021 16:00,1641
19-04-2021 17:00,1624
19-04-2021 18:00,1633
19-04-2021 19:00,1616
19-04-2021 20:00,1560
19-04-2021 21:00,1496
19-04-2021 22:00,1418
19-04-2021 23:00,1350
20-04-2021 00:00,1257
20-04-2021 01:00,1237
20-04-2021 02:00,1289
20-04-2021 03:00,1350
20-04-2021 04:00,1357
20-04-2021 05:00,1347
20-04-2021 06:00,1390
20-04-2021 07:00,1457
20-04-2021 08:00,1591
20-04-2021 09:00,1688
20-04-2021 10:00,1708
20-04-2021 11:00,1712
20-04-2021 12:00,1620
20-04-2021 13:00,1681
20-04-2021 14:00,1665
20-04-2021 15:00,1639
20-04-2021 16:00,1640
20-04-2021 17:00,1604
20-04-2021 18:00,1594
20-04-2021 19:00,1578
20-04-2021 20:00,1516
20-04-2021 21:00,1439
20-04-2021 22:00,1375
20-04-2021 23:00,1310
21-04-2021 00:00,1227
21-04-2021 01:00,1203
21-04-2021 02:00,1258
21-04-2021 03:00,1322
21-04-2021 04:00,1325
21-04-2021 05:00,1304
21-04-2021 06:00,1343
21-04-2021 07:00,1407
21-04-2021 08:00,1546
21-04-2021 09:00,1656
21-04-2021 10:00,1681
21-04-2021 11:00,1698
21-04-2021 12:00,1622
21-04-2021 13:00,1676
21-04-2021 14:00,1666
21-04-2021 15:00,1643
21-04-2021 16:00,1642
21-04-2021 17:00,1599
21-04-2021 18:00,1580
21-04-2021 19:00,1560
21-04-2021 20:00,1486
21-04-2021 21:00,1414
21-04-2021 22:00,1355
21-04-2021 23:00,1304
22-04-2021 00:00,1230
22-04-2021 01:00,1206
22-04-2021 02:00,1261
22-04-2021 03:00,1325
22-04-2021 04:00,1332
22-04-2021 05:00,1312
22-04-2021 06:00,1337
22-04-2021 07:00,1402
22-04-2021 08:00,1542
22-04-2021 09:00,1649
22-04-2021 10:00,1675
22-04-2021 11:00,1675
22-04-2021 12:00,1594
22-04-2021 13:00,1661
22-04-2021 14:00,1652
22-04-2021 15:00,1629
22-04-2021 16:00,1641
22-04-2021 17:00,1613
22-04-2021 18:00,1590
22-04-2021 19:00,1561
22-04-2021 20:00,1488
22-04-2021 21:00,1419
22-04-2021 22:00,1360
22-04-2021 23:00,1304
23-04-2021 00:00,1221
23-04-2021 01:00,1190
23-04-2021 02:00,1253
23-04-2021 03:00,1309
23-04-2021 04:00,1321
23-04-2021 05:00,1297
23-04-2021 06:00,1321
23-04-2021 07:00,1371
23-04-2021 08:00,1508
23-04-2021 09:00,1624
23-04-2021 10:00,1656
23-04-2021 11:00,1662
23-04-2021 12:00,1592
23-04-2021 13:00,1641
23-04-2021 14:00,1618
23-04-2021 15:00,1618
23-04-2021 16:00,1604
23-04-2021 17:00,1574
23-04-2021 18:00,1576
23-04-2021 19:00,1551
23-04-2021 20:00,1480
23-04-2021 21:00,1406
23-04-2021 22:00,1356
23-04-2021 23:00,1301
24-04-2021 00:00,1217
24-04-2021 01:00,1179
24-04-2021 02:00,1234
24-04-2021 03:00,1287
24-04-2021 04:00,1284
24-04-2021 05:00,1229
24-04-2021 06:00,1198
24-04-2021 07:00,1232
24-04-2021 08:00,1333
24-04-2021 09:00,1383
24-04-2021 10:00,1410
24-04-2021 11:00,1415
24-04-2021 12:00,1390
24-04-2021 13:00,1414
24-04-2021 14:00,1401
24-04-2021 15:00,1392
24-04-2021 16:00,1397
24-04-2021 17:00,1405
24-04-2021 18:00,1426
24-04-2021 19:00,1433
24-04-2021 20:00,1377
24-04-2021 21:00,1307
24-04-2021 22:00,1234
24-04-2021 23:00,1190
25-04-2021 00:00,1124
25-04-2021 01:00,1095
25-04-2021 02:00,1153
25-04-2021 03:00,1212
25-04-2021 04:00,1214
25-04-2021 05:00,1158
25-04-2021 06:00,1119
25-04-2021 07:00,1135
25-04-2021 08:00,1196
25-04-2021 09:00,1239
25-04-2021 10:00,1263
25-04-2021 11:00,1301
25-04-2021 12:00,1298
25-04-2021 13:00,1280
25-04-2021 14:00,1273
25-04-2021 15:00,1282
25-04-2021 16:00,1275
25-04-2021 17:00,1326
25-04-2021 18:00,1374
25-04-2021 19:00,1399
25-04-2021 20:00,1367
25-04-2021 21:00,1313
25-04-2021 22:00,1254
25-04-2021 23:00,1198
26-04-2021 00:00,1128
26-04-2021 01:00,1115
26-04-2021 02:00,1175
26-04-2021 03:00,1248
26-04-2021 04:00,1262
26-04-2021 05:00,1250
26-04-2021 06:00,1299
26-04-2021 07:00,1374
26-04-2021 08:00,1510
26-04-2021 09:00,1613
26-04-2021 10:00,1640
26-04-2021 11:00,1660
26-04-2021 12:00,1576
26-04-2021 13:00,1620
26-04-2021 14:00,1596
26-04-2021 15:00,1574
26-04-2021 16:00,1589
26-04-2021 17:00,1568
26-04-2021 18:00,1579
26-04-2021 19:00,1574
26-04-2021 20:00,1515
26-04-2021 21:00,1464
26-04-2021 22:00,1399
26-04-2021 23:00,1324
27-04-2021 00:00,1236
27-04-2021 01:00,1207
27-04-2021 02:00,1261
27-04-2021 03:00,1321
27-04-2021 04:00,1338
27-04-2021 05:00,1334
27-04-2021 06:00,1370
27-04-2021 07:00,1418
27-04-2021 08:00,1555
27-04-2021 09:00,1633
27-04-2021 10:00,1657
27-04-2021 11:00,1670
27-04-2021 12:00,1589
27-04-2021 13:00,1618
27-04-2021 14:00,1605
27-04-2021 15:00,1583
27-04-2021 16:00,1588
27-04-2021 17:00,1549
27-04-2021 18:00,1549
27-04-2021 19:00,1524
27-04-2021 20:00,1455
27-04-2021 21:00,1390
27-04-2021 22:00,1336
27-04-2021 23:00,1267
28-04-2021 00:00,1185
28-04-2021 01:00,1158
28-04-2021 02:00,1212
28-04-2021 03:00,1265
28-04-2021 04:00,1270
28-04-2021 05:00,1246
28-04-2021 06:00,1281
28-04-2021 07:00,1384
28-04-2021 08:00,1552
28-04-2021 09:00,1639
28-04-2021 10:00,1628
28-04-2021 11:00,1608
28-04-2021 12:00,1527
28-04-2021 13:00,1571
28-04-2021 14:00,1581
28-04-2021 15:00,1562
28-04-2021 16:00,1562
28-04-2021 17:00,1536
28-04-2021 18:00,1529
28-04-2021 19:00,1481
28-04-2021 20:00,1416
28-04-2021 21:00,1361
28-04-2021 22:00,1300
28-04-2021 23:00,1243
29-04-2021 00:00,1163
29-04-2021 01:00,1131
29-04-2021 02:00,1180
29-04-2021 03:00,1234
29-04-2021 04:00,1231
29-04-2021 05:00,1176
29-04-2021 06:00,1160
29-04-2021 07:00,1218
29-04-2021 08:00,1342
29-04-2021 09:00,1432
29-04-2021 10:00,1450
29-04-2021 11:00,1455
29-04-2021 12:00,1421
29-04-2021 13:00,1419
29-04-2021 14:00,1416
29-04-2021 15:00,1428
29-04-2021 16:00,1443
29-04-2021 17:00,1463
29-04-2021 18:00,1464
29-04-2021 19:00,1438
29-04-2021 20:00,1383
29-04-2021 21:00,1325
29-04-2021 22:00,1253
29-04-2021 23:00,1193
30-04-2021 00:00,1114
30-04-2021 01:00,1088
30-04-2021 02:00,1139
30-04-2021 03:00,1196
30-04-2021 04:00,1197
30-04-2021 05:00,1170
30-04-2021 06:00,1207
30-04-2021 07:00,1308
30-04-2021 08:00,1419
30-04-2021 09:00,1477
30-04-2021 10:00,1495
30-04-2021 11:00,1517
30-04-2021 12:00,1466
30-04-2021 13:00,1503
30-04-2021 14:00,1508
30-04-2021 15:00,1460
30-04-2021 16:00,1448
30-04-2021 17:00,1424
30-04-2021 18:00,1423
30-04-2021 19:00,1411
30-04-2021 20:00,1347
30-04-2021 21:00,1279
30-04-2021 22:00,1213
30-04-2021 23:00,1156
01-05-2021 00:00,1080
01-05-2021 01:00,1044
01-05-2021 02:00,1089
01-05-2021 03:00,1151
01-05-2021 04:00,1151
01-05-2021 05:00,1101
01-05-2021 06:00,1047
01-05-2021 07:00,1085
01-05-2021 08:00,1160
01-05-2021 09:00,1231
01-05-2021 10:00,1270
01-05-2021 11:00,1263
01-05-2021 12:00,1250
01-05-2021 13:00,1286
01-05-2021 14:00,1298
01-05-2021 15:00,1278
01-05-2021 16:00,1285
01-05-2021 17:00,1289
01-05-2021 18:00,1312
01-05-2021 19:00,1307
01-05-2021 20:00,1253
01-05-2021 21:00,1196
01-05-2021 22:00,1140
01-05-2021 23:00,1098
02-05-2021 00:00,1026
02-05-2021 01:00,1001
02-05-2021 02:00,1057
02-05-2021 03:00,1112
02-05-2021 04:00,1113
02-05-2021 05:00,1068
02-05-2021 06:00,1034
02-05-2021 07:00,1064
02-05-2021 08:00,1137
02-05-2021 09:00,1179
02-05-2021 10:00,1189
02-05-2021 11:00,1186
02-05-2021 12:00,1179
02-05-2021 13:00,1161
02-05-2021 14:00,1156
02-05-2021 15:00,1178
02-05-2021 16:00,1200
02-05-2021 17:00,1248
02-05-2021 18:00,1315
02-05-2021 19:00,1333
02-05-2021 20:00,1289
02-05-2021 21:00,1229
02-05-2021 22:00,1161
02-05-2021 23:00,1115
03-05-2021 00:00,1038
03-05-2021 01:00,1021
03-05-2021 02:00,1079
03-05-2021 03:00,1130
03-05-2021 04:00,1131
03-05-2021 05:00,1087
03-05-2021 06:00,1056
03-05-2021 07:00,1062
03-05-2021 08:00,1101
03-05-2021 09:00,1129
03-05-2021 10:00,1145
03-05-2021 11:00,1169
03-05-2021 12:00,1171
03-05-2021 13:00,1151
03-05-2021 14:00,1125
03-05-2021 15:00,1114
03-05-2021 16:00,1149
03-05-2021 17:00,1195
03-05-2021 18:00,1239
03-05-2021 19:00,1265
03-05-2021 20:00,1234
03-05-2021 21:00,1182
03-05-2021 22:00,1132
03-05-2021 23:00,1086
04-05-2021 00:00,1011
04-05-2021 01:00,997
04-05-2021 02:00,1052
04-05-2021 03:00,1107
04-05-2021 04:00,1107
04-05-2021 05:00,1058
04-05-2021 06:00,1019
04-05-2021 07:00,1038
04-05-2021 08:00,1094
04-05-2021 09:00,1133
04-05-2021 10:00,1160
04-05-2021 11:00,1165
04-05-2021 12:00,1152
04-05-2021 13:00,1141
04-05-2021 14:00,1137
04-05-2021 15:00,1145
04-05-2021 16:00,1155
04-05-2021 17:00,1204
04-05-2021 18:00,1266
04-05-2021 19:00,1275
04-05-2021 20:00,1230
04-05-2021 21:00,1171
04-05-2021 22:00,1117
04-05-2021 23:00,1080
05-05-2021 00:00,1010
05-05-2021 01:00,988
05-05-2021 02:00,1041
05-05-2021 03:00,1095
05-05-2021 04:00,1087
05-05-2021 05:00,1027
05-05-2021 06:00,1013
05-05-2021 07:00,1067
05-05-2021 08:00,1159
05-05-2021 09:00,1236
05-05-2021 10:00,1255
05-05-2021 11:00,1263
05-05-2021 12:00,1260
05-05-2021 13:00,1246
05-05-2021 14:00,1242
05-05-2021 15:00,1251
05-05-2021 16:00,1273
05-05-2021 17:00,1318
05-05-2021 18:00,1338
05-05-2021 19:00,1330
05-05-2021 20:00,1281
05-05-2021 21:00,1218
05-05-2021 22:00,1155
05-05-2021 23:00,1107
06-05-2021 00:00,1033
06-05-2021 01:00,1017
06-05-2021 02:00,1078
06-05-2021 03:00,1132
06-05-2021 04:00,1143
06-05-2021 05:00,1123
06-05-2021 06:00,1150
06-05-2021 07:00,1228
06-05-2021 08:00,1347
06-05-2021 09:00,1445
06-05-2021 10:00,1478
06-05-2021 11:00,1504
06-05-2021 12:00,1450
06-05-2021 13:00,1500
06-05-2021 14:00,1489
06-05-2021 15:00,1482
06-05-2021 16:00,1497
06-05-2021 17:00,1471
06-05-2021 18:00,1452
06-05-2021 19:00,1431
06-05-2021 20:00,1364
06-05-2021 21:00,1299
06-05-2021 22:00,1236
06-05-2021 23:00,1181
07-05-2021 00:00,1111
07-05-2021 01:00,1078
07-05-2021 02:00,1133
07-05-2021 03:00,1198
07-05-2021 04:00,1204
07-05-2021 05:00,1177
07-05-2021 06:00,1192
07-05-2021 07:00,1280
07-05-2021 08:00,1450
07-05-2021 09:00,1533
07-05-2021 10:00,1549
07-05-2021 11:00,1552
07-05-2021 12:00,1471
07-05-2021 13:00,1536
07-05-2021 14:00,1539
07-05-2021 15:00,1529
07-05-2021 16:00,1545
07-05-2021 17:00,1504
07-05-2021 18:00,1492
07-05-2021 19:00,1475
07-05-2021 20:00,1400
07-05-2021 21:00,1345
07-05-2021 22:00,1301
07-05-2021 23:00,1256
08-05-2021 00:00,1178
08-05-2021 01:00,1140
08-05-2021 02:00,1187
08-05-2021 03:00,1245
08-05-2021 04:00,1232
08-05-2021 05:00,1186
08-05-2021 06:00,1147
08-05-2021 07:00,1185
08-05-2021 08:00,1298
08-05-2021 09:00,1369
08-05-2021 10:00,1382
08-05-2021 11:00,1382
08-05-2021 12:00,1341
08-05-2021 13:00,1369
08-05-2021 14:00,1366
08-05-2021 15:00,1360
08-05-2021 16:00,1372
08-05-2021 17:00,1382
08-05-2021 18:00,1400
08-05-2021 19:00,1397
08-05-2021 20:00,1346
08-05-2021 21:00,1282
08-05-2021 22:00,1222
08-05-2021 23:00,1187
09-05-2021 00:00,1114
09-05-2021 01:00,1073
09-05-2021 02:00,1119
09-05-2021 03:00,1178
09-05-2021 04:00,1171
09-05-2021 05:00,1111
09-05-2021 06:00,1071
09-05-2021 07:00,1105
09-05-2021 08:00,1168
09-05-2021 09:00,1231
09-05-2021 10:00,1263
09-05-2021 11:00,1291
09-05-2021 12:00,1287
09-05-2021 13:00,1277
09-05-2021 14:00,1255
09-05-2021 15:00,1259
09-05-2021 16:00,1279
09-05-2021 17:00,1312
09-05-2021 18:00,1335
09-05-2021 19:00,1353
09-05-2021 20:00,1308
09-05-2021 21:00,1253
09-05-2021 22:00,1190
09-05-2021 23:00,1143
10-05-2021 00:00,1076
10-05-2021 01:00,1051
10-05-2021 02:00,1108
10-05-2021 03:00,1178
10-05-2021 04:00,1199
10-05-2021 05:00,1183
10-05-2021 06:00,1221
10-05-2021 07:00,1296
10-05-2021 08:00,1451
10-05-2021 09:00,1575
10-05-2021 10:00,1613
10-05-2021 11:00,1627
10-05-2021 12:00,1566
10-05-2021 13:00,1631
10-05-2021 14:00,1645
10-05-2021 15:00,1600
10-05-2021 16:00,1582
10-05-2021 17:00,1550
10-05-2021 18:00,1543
10-05-2021 19:00,1502
10-05-2021 20:00,1429
10-05-2021 21:00,1365
10-05-2021 22:00,1309
10-05-2021 23:00,1254
11-05-2021 00:00,1170
11-05-2021 01:00,1138
11-05-2021 02:00,1191
11-05-2021 03:00,1255
11-05-2021 04:00,1260
11-05-2021 05:00,1232
11-05-2021 06:00,1235
11-05-2021 07:00,1313
11-05-2021 08:00,1473
11-05-2021 09:00,1569
11-05-2021 10:00,1595
11-05-2021 11:00,1612
11-05-2021 12:00,1534
11-05-2021 13:00,1608
11-05-2021 14:00,1620
11-05-2021 15:00,1580
11-05-2021 16:00,1571
11-05-2021 17:00,1555
11-05-2021 18:00,1551
11-05-2021 19:00,1512
11-05-2021 20:00,1442
11-05-2021 21:00,1375
11-05-2021 22:00,1319
11-05-2021 23:00,1259
12-05-2021 00:00,1174
12-05-2021 01:00,1138
12-05-2021 02:00,1194
12-05-2021 03:00,1259
12-05-2021 04:00,1274
12-05-2021 05:00,1235
12-05-2021 06:00,1237
12-05-2021 07:00,1319
12-05-2021 08:00,1492
12-05-2021 09:00,1595
12-05-2021 10:00,1624
12-05-2021 11:00,1634
12-05-2021 12:00,1557
12-05-2021 13:00,1635
12-05-2021 14:00,1640
12-05-2021 15:00,1632
12-05-2021 16:00,1634
12-05-2021 17:00,1601
12-05-2021 18:00,1589
12-05-2021 19:00,1541
12-05-2021 20:00,1464
12-05-2021 21:00,1402
12-05-2021 22:00,1347
12-05-2021 23:00,1290
13-05-2021 00:00,1210
13-05-2021 01:00,1168
13-05-2021 02:00,1221
13-05-2021 03:00,1283
13-05-2021 04:00,1289
13-05-2021 05:00,1262
13-05-2021 06:00,1268
13-05-2021 07:00,1350
13-05-2021 08:00,1514
13-05-2021 09:00,1614
13-05-2021 10:00,1645
13-05-2021 11:00,1671
13-05-2021 12:00,1604
13-05-2021 13:00,1671
13-05-2021 14:00,1668
13-05-2021 15:00,1655
13-05-2021 16:00,1653
13-05-2021 17:00,1602
13-05-2021 18:00,1581
13-05-2021 19:00,1547
13-05-2021 20:00,1464
13-05-2021 21:00,1408
13-05-2021 22:00,1349
13-05-2021 23:00,1287
14-05-2021 00:00,1212
14-05-2021 01:00,1169
14-05-2021 02:00,1219
14-05-2021 03:00,1277
14-05-2021 04:00,1284
14-05-2021 05:00,1248
14-05-2021 06:00,1269
14-05-2021 07:00,1382
14-05-2021 08:00,1508
14-05-2021 09:00,1649
14-05-2021 10:00,1724
14-05-2021 11:00,1753
14-05-2021 12:00,1684
14-05-2021 13:00,1758
14-05-2021 14:00,1758
14-05-2021 15:00,1738
14-05-2021 16:00,1716
14-05-2021 17:00,1634
14-05-2021 18:00,1594
14-05-2021 19:00,1553
14-05-2021 20:00,1464
14-05-2021 21:00,1395
14-05-2021 22:00,1361
14-05-2021 23:00,1305
15-05-2021 00:00,1210
15-05-2021 01:00,1165
15-05-2021 02:00,1206
15-05-2021 03:00,1263
15-05-2021 04:00,1261
15-05-2021 05:00,1199
15-05-2021 06:00,1166
15-05-2021 07:00,1217
15-05-2021 08:00,1331
15-05-2021 09:00,1437
15-05-2021 10:00,1493
15-05-2021 11:00,1514
15-05-2021 12:00,1494
15-05-2021 13:00,1486
15-05-2021 14:00,1474
15-05-2021 15:00,1446
15-05-2021 16:00,1431
15-05-2021 17:00,1437
15-05-2021 18:00,1461
15-05-2021 19:00,1435
15-05-2021 20:00,1376
15-05-2021 21:00,1313
15-05-2021 22:00,1256
15-05-2021 23:00,1210
16-05-2021 00:00,1131
16-05-2021 01:00,1091
16-05-2021 02:00,1130
16-05-2021 03:00,1198
16-05-2021 04:00,1189
16-05-2021 05:00,1136
16-05-2021 06:00,1102
16-05-2021 07:00,1129
16-05-2021 08:00,1205
16-05-2021 09:00,1279
16-05-2021 10:00,1314
16-05-2021 11:00,1339
16-05-2021 12:00,1340
16-05-2021 13:00,1333
16-05-2021 14:00,1316
16-05-2021 15:00,1323
16-05-2021 16:00,1327
16-05-2021 17:00,1368
16-05-2021 18:00,1418
16-05-2021 19:00,1399
16-05-2021 20:00,1349
16-05-2021 21:00,1293
16-05-2021 22:00,1239
16-05-2021 23:00,1199
17-05-2021 00:00,1126
17-05-2021 01:00,1094
17-05-2021 02:00,1144
17-05-2021 03:00,1205
17-05-2021 04:00,1219
17-05-2021 05:00,1207
17-05-2021 06:00,1262
17-05-2021 07:00,1403
17-05-2021 08:00,1605
17-05-2021 09:00,1767
17-05-2021 10:00,1805
17-05-2021 11:00,1802
17-05-2021 12:00,1723
17-05-2021 13:00,1814
17-05-2021 14:00,1814
17-05-2021 15:00,1804
17-05-2021 16:00,1792
17-05-2021 17:00,1743
17-05-2021 18:00,1702
17-05-2021 19:00,1624
17-05-2021 20:00,1533
17-05-2021 21:00,1463
17-05-2021 22:00,1407
17-05-2021 23:00,1338
18-05-2021 00:00,1247
18-05-2021 01:00,1192
18-05-2021 02:00,1227
18-05-2021 03:00,1295
18-05-2021 04:00,1293
18-05-2021 05:00,1275
18-05-2021 06:00,1300
18-05-2021 07:00,1397
18-05-2021 08:00,1593
18-05-2021 09:00,1735
18-05-2021 10:00,1790
18-05-2021 11:00,1798
18-05-2021 12:00,1737
18-05-2021 13:00,1790
18-05-2021 14:00,1776
18-05-2021 15:00,1758
18-05-2021 16:00,1759
18-05-2021 17:00,1705
18-05-2021 18:00,1660
18-05-2021 19:00,1595
18-05-2021 20:00,1508
18-05-2021 21:00,1438
18-05-2021 22:00,1384
18-05-2021 23:00,1328
19-05-2021 00:00,1237
19-05-2021 01:00,1185
19-05-2021 02:00,1227
19-05-2021 03:00,1287
19-05-2021 04:00,1296
19-05-2021 05:00,1271
19-05-2021 06:00,1297
19-05-2021 07:00,1415
19-05-2021 08:00,1618
19-05-2021 09:00,1740
19-05-2021 10:00,1766
19-05-2021 11:00,1773
19-05-2021 12:00,1688
19-05-2021 13:00,1739
19-05-2021 14:00,1742
19-05-2021 15:00,1723
19-05-2021 16:00,1703
19-05-2021 17:00,1647
19-05-2021 18:00,1630
19-05-2021 19:00,1584
19-05-2021 20:00,1503
19-05-2021 21:00,1437
19-05-2021 22:00,1386
19-05-2021 23:00,1320
20-05-2021 00:00,1246
20-05-2021 01:00,1191
20-05-2021 02:00,1234
20-05-2021 03:00,1294
20-05-2021 04:00,1299
20-05-2021 05:00,1273
20-05-2021 06:00,1310
20-05-2021 07:00,1401
20-05-2021 08:00,1587
20-05-2021 09:00,1701
20-05-2021 10:00,1694
20-05-2021 11:00,1717
20-05-2021 12:00,1656
20-05-2021 13:00,1736
20-05-2021 14:00,1745
20-05-2021 15:00,1736
20-05-2021 16:00,1736
20-05-2021 17:00,1699
20-05-2021 18:00,1674
20-05-2021 19:00,1612
20-05-2021 20:00,1533
20-05-2021 21:00,1481
20-05-2021 22:00,1425
20-05-2021 23:00,1369
21-05-2021 00:00,1279
21-05-2021 01:00,1228
21-05-2021 02:00,1275
21-05-2021 03:00,1343
21-05-2021 04:00,1342
21-05-2021 05:00,1325
21-05-2021 06:00,1359
21-05-2021 07:00,1481
21-05-2021 08:00,1667
21-05-2021 09:00,1780
21-05-2021 10:00,1797
21-05-2021 11:00,1785
21-05-2021 12:00,1693
21-05-2021 13:00,1747
21-05-2021 14:00,1732
21-05-2021 15:00,1692
21-05-2021 16:00,1685
21-05-2021 17:00,1641
21-05-2021 18:00,1606
21-05-2021 19:00,1546
21-05-2021 20:00,1467
21-05-2021 21:00,1398
21-05-2021 22:00,1358
21-05-2021 23:00,1319
22-05-2021 00:00,1227
22-05-2021 01:00,1177
22-05-2021 02:00,1218
22-05-2021 03:00,1270
22-05-2021 04:00,1270
22-05-2021 05:00,1220
22-05-2021 06:00,1181
22-05-2021 07:00,1211
22-05-2021 08:00,1307
22-05-2021 09:00,1381
22-05-2021 10:00,1396
22-05-2021 11:00,1420
22-05-2021 12:00,1413
22-05-2021 13:00,1405
22-05-2021 14:00,1405
22-05-2021 15:00,1393
22-05-2021 16:00,1405
22-05-2021 17:00,1417
22-05-2021 18:00,1409
22-05-2021 19:00,1410
22-05-2021 20:00,1353
22-05-2021 21:00,1298
22-05-2021 22:00,1247
22-05-2021 23:00,1204
23-05-2021 00:00,1123
23-05-2021 01:00,1080
23-05-2021 02:00,1124
23-05-2021 03:00,1194
23-05-2021 04:00,1197
23-05-2021 05:00,1152
23-05-2021 06:00,1118
23-05-2021 07:00,1130
23-05-2021 08:00,1199
23-05-2021 09:00,1275
23-05-2021 10:00,1298
23-05-2021 11:00,1333
23-05-2021 12:00,1350
23-05-2021 13:00,1344
23-05-2021 14:00,1333
23-05-2021 15:00,1332
23-05-2021 16:00,1362
23-05-2021 17:00,1407
23-05-2021 18:00,1406
23-05-2021 19:00,1413
23-05-2021 20:00,1359
23-05-2021 21:00,1300
23-05-2021 22:00,1247
23-05-2021 23:00,1208
24-05-2021 00:00,1128
24-05-2021 01:00,1086
24-05-2021 02:00,1131
24-05-2021 03:00,1205
24-05-2021 04:00,1217
24-05-2021 05:00,1201
24-05-2021 06:00,1221
24-05-2021 07:00,1336
24-05-2021 08:00,1526
24-05-2021 09:00,1642
24-05-2021 10:00,1689
24-05-2021 11:00,1707
24-05-2021 12:00,1630
24-05-2021 13:00,1701
24-05-2021 14:00,1711
24-05-2021 15:00,1692
24-05-2021 16:00,1687
24-05-2021 17:00,1637
24-05-2021 18:00,1606
24-05-2021 19:00,1544
24-05-2021 20:00,1464
24-05-2021 21:00,1398
24-05-2021 22:00,1338
24-05-2021 23:00,1281
25-05-2021 00:00,1202
25-05-2021 01:00,1163
25-05-2021 02:00,1211
25-05-2021 03:00,1273
25-05-2021 04:00,1282
25-05-2021 05:00,1249
25-05-2021 06:00,1255
25-05-2021 07:00,1369
25-05-2021 08:00,1557
25-05-2021 09:00,1675
25-05-2021 10:00,1718
25-05-2021 11:00,1742
25-05-2021 12:00,1650
25-05-2021 13:00,1722
25-05-2021 14:00,1733
25-05-2021 15:00,1673
25-05-2021 16:00,1701
25-05-2021 17:00,1638
25-05-2021 18:00,1597
25-05-2021 19:00,1560
25-05-2021 20:00,1481
25-05-2021 21:00,1421
25-05-2021 22:00,1366
25-05-2021 23:00,1306
26-05-2021 00:00,1214
26-05-2021 01:00,1167
26-05-2021 02:00,1208
26-05-2021 03:00,1269
26-05-2021 04:00,1283
26-05-2021 05:00,1246
26-05-2021 06:00,1239
26-05-2021 07:00,1316
26-05-2021 08:00,1490
26-05-2021 09:00,1617
26-05-2021 10:00,1649
26-05-2021 11:00,1634
26-05-2021 12:00,1546
26-05-2021 13:00,1632
26-05-2021 14:00,1622
26-05-2021 15:00,1651
26-05-2021 16:00,1630
26-05-2021 17:00,1586
26-05-2021 18:00,1568
26-05-2021 19:00,1530
26-05-2021 20:00,1453
26-05-2021 21:00,1399
26-05-2021 22:00,1352
26-05-2021 23:00,1298
27-05-2021 00:00,1211
27-05-2021 01:00,1168
27-05-2021 02:00,1222
27-05-2021 03:00,1285
27-05-2021 04:00,1299
27-05-2021 05:00,1276
27-05-2021 06:00,1303
27-05-2021 07:00,1412
27-05-2021 08:00,1599
27-05-2021 09:00,1720
27-05-2021 10:00,1746
27-05-2021 11:00,1726
27-05-2021 12:00,1629
27-05-2021 13:00,1686
27-05-2021 14:00,1687
27-05-2021 15:00,1674
27-05-2021 16:00,1670
27-05-2021 17:00,1633
27-05-2021 18:00,1592
27-05-2021 19:00,1546
27-05-2021 20:00,1475
27-05-2021 21:00,1417
27-05-2021 22:00,1353
27-05-2021 23:00,1301
28-05-2021 00:00,1216
28-05-2021 01:00,1180
28-05-2021 02:00,1226
28-05-2021 03:00,1289
28-05-2021 04:00,1297
28-05-2021 05:00,1259
28-05-2021 06:00,1267
28-05-2021 07:00,1353
28-05-2021 08:00,1518
28-05-2021 09:00,1620
28-05-2021 10:00,1654
28-05-2021 11:00,1685
28-05-2021 12:00,1599
28-05-2021 13:00,1673
28-05-2021 14:00,1655
28-05-2021 15:00,1637
28-05-2021 16:00,1624
28-05-2021 17:00,1582
28-05-2021 18:00,1565
28-05-2021 19:00,1530
28-05-2021 20:00,1462
28-05-2021 21:00,1401
28-05-2021 22:00,1355
28-05-2021 23:00,1306
29-05-2021 00:00,1222
29-05-2021 01:00,1178
29-05-2021 02:00,1222
29-05-2021 03:00,1280
29-05-2021 04:00,1275
29-05-2021 05:00,1210
29-05-2021 06:00,1207
29-05-2021 07:00,1260
29-05-2021 08:00,1364
29-05-2021 09:00,1450
29-05-2021 10:00,1488
29-05-2021 11:00,1491
29-05-2021 12:00,1470
29-05-2021 13:00,1480
29-05-2021 14:00,1468
29-05-2021 15:00,1467
29-05-2021 16:00,1470
29-05-2021 17:00,1475
29-05-2021 18:00,1449
29-05-2021 19:00,1441
29-05-2021 20:00,1385
29-05-2021 21:00,1318
29-05-2021 22:00,1254
29-05-2021 23:00,1208
30-05-2021 00:00,1135
30-05-2021 01:00,1085
30-05-2021 02:00,1127
30-05-2021 03:00,1186
30-05-2021 04:00,1180
30-05-2021 05:00,1123
30-05-2021 06:00,1088
30-05-2021 07:00,1120
30-05-2021 08:00,1185
30-05-2021 09:00,1253
30-05-2021 10:00,1303
30-05-2021 11:00,1343
30-05-2021 12:00,1355
30-05-2021 13:00,1343
30-05-2021 14:00,1328
30-05-2021 15:00,1341
30-05-2021 16:00,1369
30-05-2021 17:00,1403
30-05-2021 18:00,1402
30-05-2021 19:00,1397
30-05-2021 20:00,1347
30-05-2021 21:00,1288
30-05-2021 22:00,1220
30-05-2021 23:00,1167
31-05-2021 00:00,1103
31-05-2021 01:00,1060
31-05-2021 02:00,1106
31-05-2021 03:00,1172
31-05-2021 04:00,1180
31-05-2021 05:00,1171
31-05-2021 06:00,1206
31-05-2021 07:00,1296
31-05-2021 08:00,1493
31-05-2021 09:00,1640
31-05-2021 10:00,1705
31-05-2021 11:00,1746
31-05-2021 12:00,1684
31-05-2021 13:00,1762
31-05-2021 14:00,1766
31-05-2021 15:00,1757
31-05-2021 16:00,1752
31-05-2021 17:00,1688
31-05-2021 18:00,1612
31-05-2021 19:00,1561
31-05-2021 20:00,1480
31-05-2021 21:00,1408
31-05-2021 22:00,1352
31-05-2021 23:00,1294
01-06-2021 00:00,1219
01-06-2021 01:00,1168
01-06-2021 02:00,1202
01-06-2021 03:00,1267
01-06-2021 04:00,1285
01-06-2021 05:00,1255
01-06-2021 06:00,1295
01-06-2021 07:00,1389
01-06-2021 08:00,1569
01-06-2021 09:00,1728
01-06-2021 10:00,1797
01-06-2021 11:00,1841
01-06-2021 12:00,1769
01-06-2021 13:00,1853
01-06-2021 14:00,1855
01-06-2021 15:00,1845
01-06-2021 16:00,1832
01-06-2021 17:00,1756
01-06-2021 18:00,1677
01-06-2021 19:00,1624
01-06-2021 20:00,1537
01-06-2021 21:00,1465
01-06-2021 22:00,1410
01-06-2021 23:00,1352
02-06-2021 00:00,1256
02-06-2021 01:00,1204
02-06-2021 02:00,1245
02-06-2021 03:00,1301
02-06-2021 04:00,1315
02-06-2021 05:00,1272
02-06-2021 06:00,1296
02-06-2021 07:00,1404
02-06-2021 08:00,1592
02-06-2021 09:00,1745
02-06-2021 10:00,1800
02-06-2021 11:00,1799
02-06-2021 12:00,1726
02-06-2021 13:00,1826
02-06-2021 14:00,1844
02-06-2021 15:00,1838
02-06-2021 16:00,1811
02-06-2021 17:00,1722
02-06-2021 18:00,1680
02-06-2021 19:00,1641
02-06-2021 20:00,1547
02-06-2021 21:00,1483
02-06-2021 22:00,1416
02-06-2021 23:00,1359
03-06-2021 00:00,1264
03-06-2021 01:00,1207
03-06-2021 02:00,1245
03-06-2021 03:00,1310
03-06-2021 04:00,1314
03-06-2021 05:00,1293
03-06-2021 06:00,1328
03-06-2021 07:00,1424
03-06-2021 08:00,1628
03-06-2021 09:00,1787
03-06-2021 10:00,1858
03-06-2021 11:00,1871
03-06-2021 12:00,1782
03-06-2021 13:00,1842
03-06-2021 14:00,1837
03-06-2021 15:00,1797
03-06-2021 16:00,1770
03-06-2021 17:00,1712
03-06-2021 18:00,1681
03-06-2021 19:00,1621
03-06-2021 20:00,1532
03-06-2021 21:00,1471
03-06-2021 22:00,1423
03-06-2021 23:00,1375
04-06-2021 00:00,1282
04-06-2021 01:00,1228
04-06-2021 02:00,1268
04-06-2021 03:00,1331
04-06-2021 04:00,1338
04-06-2021 05:00,1324
04-06-2021 06:00,1366
04-06-2021 07:00,1484
04-06-2021 08:00,1693
04-06-2021 09:00,1841
04-06-2021 10:00,1878
04-06-2021 11:00,1868
04-06-2021 12:00,1765
04-06-2021 13:00,1812
04-06-2021 14:00,1799
04-06-2021 15:00,1771
04-06-2021 16:00,1748
04-06-2021 17:00,1678
04-06-2021 18:00,1633
04-06-2021 19:00,1583
04-06-2021 20:00,1497
04-06-2021 21:00,1436
04-06-2021 22:00,1379
04-06-2021 23:00,1335
05-06-2021 00:00,1244
05-06-2021 01:00,1193
05-06-2021 02:00,1219
05-06-2021 03:00,1278
05-06-2021 04:00,1290
05-06-2021 05:00,1231
05-06-2021 06:00,1203
05-06-2021 07:00,1243
05-06-2021 08:00,1347
05-06-2021 09:00,1410
05-06-2021 10:00,1425
05-06-2021 11:00,1417
05-06-2021 12:00,1390
05-06-2021 13:00,1397
05-06-2021 14:00,1401
05-06-2021 15:00,1395
05-06-2021 16:00,1398
05-06-2021 17:00,1405
05-06-2021 18:00,1434
05-06-2021 19:00,1430
05-06-2021 20:00,1374
05-06-2021 21:00,1315
05-06-2021 22:00,1253
05-06-2021 23:00,1213
06-06-2021 00:00,1137
06-06-2021 01:00,1097
06-06-2021 02:00,1136
06-06-2021 03:00,1198
06-06-2021 04:00,1203
06-06-2021 05:00,1164
06-06-2021 06:00,1119
06-06-2021 07:00,1141
06-06-2021 08:00,1206
06-06-2021 09:00,1243
06-06-2021 10:00,1269
06-06-2021 11:00,1325
06-06-2021 12:00,1362
06-06-2021 13:00,1371
06-06-2021 14:00,1355
06-06-2021 15:00,1378
06-06-2021 16:00,1369
06-06-2021 17:00,1404
06-06-2021 18:00,1440
06-06-2021 19:00,1446
06-06-2021 20:00,1393
06-06-2021 21:00,1333
06-06-2021 22:00,1273
06-06-2021 23:00,1228
07-06-2021 00:00,1152
07-06-2021 01:00,1108
07-06-2021 02:00,1149
07-06-2021 03:00,1220
07-06-2021 04:00,1230
07-06-2021 05:00,1210
07-06-2021 06:00,1249
07-06-2021 07:00,1398
07-06-2021 08:00,1604
07-06-2021 09:00,1789
07-06-2021 10:00,1876
07-06-2021 11:00,1897
07-06-2021 12:00,1819
07-06-2021 13:00,1922
07-06-2021 14:00,1929
07-06-2021 15:00,1929
07-06-2021 16:00,1917
07-06-2021 17:00,1808
07-06-2021 18:00,1738
07-06-2021 19:00,1693
07-06-2021 20:00,1590
07-06-2021 21:00,1512
07-06-2021 22:00,1450
07-06-2021 23:00,1381
08-06-2021 00:00,1284
08-06-2021 01:00,1222
08-06-2021 02:00,1247
08-06-2021 03:00,1310
08-06-2021 04:00,1317
08-06-2021 05:00,1304
08-06-2021 06:00,1342
08-06-2021 07:00,1472
08-06-2021 08:00,1696
08-06-2021 09:00,1869
08-06-2021 10:00,1953
08-06-2021 11:00,2000
08-06-2021 12:00,1960
08-06-2021 13:00,2019
08-06-2021 14:00,2066
08-06-2021 15:00,2055
08-06-2021 16:00,2020
08-06-2021 17:00,1926
08-06-2021 18:00,1827
08-06-2021 19:00,1748
08-06-2021 20:00,1633
08-06-2021 21:00,1536
08-06-2021 22:00,1467
08-06-2021 23:00,1394
09-06-2021 00:00,1286
09-06-2021 01:00,1223
09-06-2021 02:00,1246
09-06-2021 03:00,1307
09-06-2021 04:00,1317
09-06-2021 05:00,1285
09-06-2021 06:00,1326
09-06-2021 07:00,1452
09-06-2021 08:00,1672
09-06-2021 09:00,1850
09-06-2021 10:00,1930
09-06-2021 11:00,1984
09-06-2021 12:00,1929
09-06-2021 13:00,2017
09-06-2021 14:00,2034
09-06-2021 15:00,2025
09-06-2021 16:00,2025
09-06-2021 17:00,1940
09-06-2021 18:00,1838
09-06-2021 19:00,1746
09-06-2021 20:00,1639
09-06-2021 21:00,1549
09-06-2021 22:00,1486
09-06-2021 23:00,1413
10-06-2021 00:00,1303
10-06-2021 01:00,1240
10-06-2021 02:00,1261
10-06-2021 03:00,1314
10-06-2021 04:00,1327
10-06-2021 05:00,1316
10-06-2021 06:00,1369
10-06-2021 07:00,1493
10-06-2021 08:00,1728
10-06-2021 09:00,1925
10-06-2021 10:00,2010
10-06-2021 11:00,2061
10-06-2021 12:00,2009
10-06-2021 13:00,2097
10-06-2021 14:00,2101
10-06-2021 15:00,2072
10-06-2021 16:00,2047
10-06-2021 17:00,1933
10-06-2021 18:00,1825
10-06-2021 19:00,1736
10-06-2021 20:00,1636
10-06-2021 21:00,1549
10-06-2021 22:00,1489
10-06-2021 23:00,1422
11-06-2021 00:00,1318
11-06-2021 01:00,1248
11-06-2021 02:00,1268
11-06-2021 03:00,1326
11-06-2021 04:00,1338
11-06-2021 05:00,1300
11-06-2021 06:00,1322
11-06-2021 07:00,1444
11-06-2021 08:00,1648
11-06-2021 09:00,1822
11-06-2021 10:00,1897
11-06-2021 11:00,1913
11-06-2021 12:00,1843
11-06-2021 13:00,1957
11-06-2021 14:00,1984
11-06-2021 15:00,1963
11-06-2021 16:00,1927
11-06-2021 17:00,1784
11-06-2021 18:00,1710
11-06-2021 19:00,1666
11-06-2021 20:00,1577
11-06-2021 21:00,1495
11-06-2021 22:00,1445
11-06-2021 23:00,1389
12-06-2021 00:00,1282
12-06-2021 01:00,1227
12-06-2021 02:00,1247
12-06-2021 03:00,1292
12-06-2021 04:00,1299
12-06-2021 05:00,1257
12-06-2021 06:00,1239
12-06-2021 07:00,1296
12-06-2021 08:00,1420
12-06-2021 09:00,1522
12-06-2021 10:00,1576
12-06-2021 11:00,1590
12-06-2021 12:00,1571
12-06-2021 13:00,1585
12-06-2021 14:00,1566
12-06-2021 15:00,1531
12-06-2021 16:00,1522
12-06-2021 17:00,1526
12-06-2021 18:00,1532
12-06-2021 19:00,1528
12-06-2021 20:00,1468
12-06-2021 21:00,1397
12-06-2021 22:00,1332
12-06-2021 23:00,1281
13-06-2021 00:00,1197
13-06-2021 01:00,1129
13-06-2021 02:00,1159
13-06-2021 03:00,1213
13-06-2021 04:00,1217
13-06-2021 05:00,1185
13-06-2021 06:00,1154
13-06-2021 07:00,1204
13-06-2021 08:00,1290
13-06-2021 09:00,1378
13-06-2021 10:00,1406
13-06-2021 11:00,1411
13-06-2021 12:00,1403
13-06-2021 13:00,1439
13-06-2021 14:00,1452
13-06-2021 15:00,1436
13-06-2021 16:00,1443
13-06-2021 17:00,1480
13-06-2021 18:00,1511
13-06-2021 19:00,1498
13-06-2021 20:00,1448
13-06-2021 21:00,1379
13-06-2021 22:00,1307
13-06-2021 23:00,1258
14-06-2021 00:00,1169
14-06-2021 01:00,1108
14-06-2021 02:00,1141
14-06-2021 03:00,1206
14-06-2021 04:00,1221
14-06-2021 05:00,1226
14-06-2021 06:00,1292
14-06-2021 07:00,1459
14-06-2021 08:00,1690
14-06-2021 09:00,1879
14-06-2021 10:00,1945
14-06-2021 11:00,1982
14-06-2021 12:00,1912
14-06-2021 13:00,2022
14-06-2021 14:00,2045
14-06-2021 15:00,2028
14-06-2021 16:00,1980
14-06-2021 17:00,1866
14-06-2021 18:00,1791
14-06-2021 19:00,1723
14-06-2021 20:00,1620
14-06-2021 21:00,1534
14-06-2021 22:00,1473
14-06-2021 23:00,1402
15-06-2021 00:00,1297
15-06-2021 01:00,1227
15-06-2021 02:00,1242
15-06-2021 03:00,1290
15-06-2021 04:00,1307
15-06-2021 05:00,1291
15-06-2021 06:00,1333
15-06-2021 07:00,1476
15-06-2021 08:00,1708
15-06-2021 09:00,1913
15-06-2021 10:00,2006
15-06-2021 11:00,2061
15-06-2021 12:00,1988
15-06-2021 13:00,2077
15-06-2021 14:00,2060
15-06-2021 15:00,2037
15-06-2021 16:00,1992
15-06-2021 17:00,1868
15-06-2021 18:00,1806
15-06-2021 19:00,1733
15-06-2021 20:00,1627
15-06-2021 21:00,1541
15-06-2021 22:00,1485
15-06-2021 23:00,1422
16-06-2021 00:00,1312
16-06-2021 01:00,1250
16-06-2021 02:00,1262
16-06-2021 03:00,1319
16-06-2021 04:00,1328
16-06-2021 05:00,1315
16-06-2021 06:00,1357
16-06-2021 07:00,1488
16-06-2021 08:00,1711
16-06-2021 09:00,1863
16-06-2021 10:00,1885
16-06-2021 11:00,1865
16-06-2021 12:00,1755
16-06-2021 13:00,1828
16-06-2021 14:00,1837
16-06-2021 15:00,1811
16-06-2021 16:00,1802
16-06-2021 17:00,1729
16-06-2021 18:00,1674
16-06-2021 19:00,1632
16-06-2021 20:00,1545
16-06-2021 21:00,1476
16-06-2021 22:00,1428
16-06-2021 23:00,1365
17-06-2021 00:00,1267
17-06-2021 01:00,1208
17-06-2021 02:00,1234
17-06-2021 03:00,1293
17-06-2021 04:00,1313
17-06-2021 05:00,1300
17-06-2021 06:00,1344
17-06-2021 07:00,1464
17-06-2021 08:00,1678
17-06-2021 09:00,1869
17-06-2021 10:00,1948
17-06-2021 11:00,1965
17-06-2021 12:00,1909
17-06-2021 13:00,1987
17-06-2021 14:00,1998
17-06-2021 15:00,1930
17-06-2021 16:00,1889
17-06-2021 17:00,1809
17-06-2021 18:00,1755
17-06-2021 19:00,1692
17-06-2021 20:00,1592
17-06-2021 21:00,1524
17-06-2021 22:00,1460
17-06-2021 23:00,1391
18-06-2021 00:00,1289
18-06-2021 01:00,1223
18-06-2021 02:00,1240
18-06-2021 03:00,1300
18-06-2021 04:00,1320
18-06-2021 05:00,1302
18-06-2021 06:00,1327
18-06-2021 07:00,1451
18-06-2021 08:00,1657
18-06-2021 09:00,1819
18-06-2021 10:00,1855
18-06-2021 11:00,1856
18-06-2021 12:00,1743
18-06-2021 13:00,1805
18-06-2021 14:00,1826
18-06-2021 15:00,1805
18-06-2021 16:00,1793
18-06-2021 17:00,1720
18-06-2021 18:00,1678
18-06-2021 19:00,1629
18-06-2021 20:00,1545
18-06-2021 21:00,1462
18-06-2021 22:00,1427
18-06-2021 23:00,1369
19-06-2021 00:00,1281
19-06-2021 01:00,1217
19-06-2021 02:00,1235
19-06-2021 03:00,1288
19-06-2021 04:00,1303
19-06-2021 05:00,1264
19-06-2021 06:00,1247
19-06-2021 07:00,1299
19-06-2021 08:00,1401
19-06-2021 09:00,1499
19-06-2021 10:00,1536
19-06-2021 11:00,1545
19-06-2021 12:00,1506
19-06-2021 13:00,1513
19-06-2021 14:00,1523
19-06-2021 15:00,1517
19-06-2021 16:00,1507
19-06-2021 17:00,1496
19-06-2021 18:00,1492
19-06-2021 19:00,1472
19-06-2021 20:00,1409
19-06-2021 21:00,1348
19-06-2021 22:00,1303
19-06-2021 23:00,1260
20-06-2021 00:00,1173
20-06-2021 01:00,1117
20-06-2021 02:00,1145
20-06-2021 03:00,1205
20-06-2021 04:00,1212
20-06-2021 05:00,1171
20-06-2021 06:00,1145
20-06-2021 07:00,1192
20-06-2021 08:00,1254
20-06-2021 09:00,1339
20-06-2021 10:00,1398
20-06-2021 11:00,1437
20-06-2021 12:00,1441
20-06-2021 13:00,1415
20-06-2021 14:00,1420
20-06-2021 15:00,1427
20-06-2021 16:00,1413
20-06-2021 17:00,1432
20-06-2021 18:00,1451
20-06-2021 19:00,1461
20-06-2021 20:00,1418
20-06-2021 21:00,1354
20-06-2021 22:00,1278
20-06-2021 23:00,1228
21-06-2021 00:00,1142
21-06-2021 01:00,1080
21-06-2021 02:00,1109
21-06-2021 03:00,1177
21-06-2021 04:00,1198
21-06-2021 05:00,1204
21-06-2021 06:00,1248
21-06-2021 07:00,1394
21-06-2021 08:00,1621
21-06-2021 09:00,1804
21-06-2021 10:00,1883
21-06-2021 11:00,1949
21-06-2021 12:00,1892
21-06-2021 13:00,2009
21-06-2021 14:00,2022
21-06-2021 15:00,2011
21-06-2021 16:00,1987
21-06-2021 17:00,1886
21-06-2021 18:00,1793
21-06-2021 19:00,1707
21-06-2021 20:00,1608
21-06-2021 21:00,1530
21-06-2021 22:00,1459
21-06-2021 23:00,1387
22-06-2021 00:00,1287
22-06-2021 01:00,1223
22-06-2021 02:00,1244
22-06-2021 03:00,1301
22-06-2021 04:00,1316
22-06-2021 05:00,1301
22-06-2021 06:00,1338
22-06-2021 07:00,1477
22-06-2021 08:00,1694
22-06-2021 09:00,1845
22-06-2021 10:00,1877
22-06-2021 11:00,1899
22-06-2021 12:00,1790
22-06-2021 13:00,1877
22-06-2021 14:00,1929
22-06-2021 15:00,1916
22-06-2021 16:00,1899
22-06-2021 17:00,1814
22-06-2021 18:00,1752
22-06-2021 19:00,1702
22-06-2021 20:00,1604
22-06-2021 21:00,1522
22-06-2021 22:00,1444
22-06-2021 23:00,1376
23-06-2021 00:00,1268
23-06-2021 01:00,1208
23-06-2021 02:00,1232
23-06-2021 03:00,1287
23-06-2021 04:00,1307
23-06-2021 05:00,1295
23-06-2021 06:00,1330
23-06-2021 07:00,1451
23-06-2021 08:00,1671
23-06-2021 09:00,1851
23-06-2021 10:00,1939
23-06-2021 11:00,1990
23-06-2021 12:00,1926
23-06-2021 13:00,2036
23-06-2021 14:00,2062
23-06-2021 15:00,2008
23-06-2021 16:00,1949
23-06-2021 17:00,1848
23-06-2021 18:00,1771
23-06-2021 19:00,1701
23-06-2021 20:00,1609
23-06-2021 21:00,1533
23-06-2021 22:00,1469
23-06-2021 23:00,1386
24-06-2021 00:00,1288
24-06-2021 01:00,1221
24-06-2021 02:00,1242
24-06-2021 03:00,1304
24-06-2021 04:00,1315
24-06-2021 05:00,1306
24-06-2021 06:00,1341
24-06-2021 07:00,1474
24-06-2021 08:00,1694
24-06-2021 09:00,1875
24-06-2021 10:00,1977
24-06-2021 11:00,2033
24-06-2021 12:00,1992
24-06-2021 13:00,2072
24-06-2021 14:00,2075
24-06-2021 15:00,2053
24-06-2021 16:00,2040
24-06-2021 17:00,1921
24-06-2021 18:00,1815
24-06-2021 19:00,1739
24-06-2021 20:00,1639
24-06-2021 21:00,1560
24-06-2021 22:00,1493
24-06-2021 23:00,1423
25-06-2021 00:00,1320
25-06-2021 01:00,1250
25-06-2021 02:00,1273
25-06-2021 03:00,1327
25-06-2021 04:00,1339
25-06-2021 05:00,1320
25-06-2021 06:00,1347
25-06-2021 07:00,1486
25-06-2021 08:00,1731
25-06-2021 09:00,1936
25-06-2021 10:00,2001
25-06-2021 11:00,2061
25-06-2021 12:00,2001
25-06-2021 13:00,2086
25-06-2021 14:00,2097
25-06-2021 15:00,2044
25-06-2021 16:00,1971
25-06-2021 17:00,1862
25-06-2021 18:00,1785
25-06-2021 19:00,1733
25-06-2021 20:00,1637
25-06-2021 21:00,1550
25-06-2021 22:00,1488
25-06-2021 23:00,1428
26-06-2021 00:00,1324
26-06-2021 01:00,1255
26-06-2021 02:00,1259
26-06-2021 03:00,1307
26-06-2021 04:00,1314
26-06-2021 05:00,1264
26-06-2021 06:00,1235
26-06-2021 07:00,1293
26-06-2021 08:00,1435
26-06-2021 09:00,1546
26-06-2021 10:00,1593
26-06-2021 11:00,1612
26-06-2021 12:00,1581
26-06-2021 13:00,1595
26-06-2021 14:00,1586
26-06-2021 15:00,1589
26-06-2021 16:00,1583
26-06-2021 17:00,1574
26-06-2021 18:00,1569
26-06-2021 19:00,1546
26-06-2021 20:00,1477
26-06-2021 21:00,1411
26-06-2021 22:00,1347
26-06-2021 23:00,1303
27-06-2021 00:00,1217
27-06-2021 01:00,1161
27-06-2021 02:00,1178
27-06-2021 03:00,1228
27-06-2021 04:00,1222
27-06-2021 05:00,1178
27-06-2021 06:00,1163
27-06-2021 07:00,1211
27-06-2021 08:00,1286
27-06-2021 09:00,1397
27-06-2021 10:00,1433
27-06-2021 11:00,1455
27-06-2021 12:00,1457
27-06-2021 13:00,1437
27-06-2021 14:00,1429
27-06-2021 15:00,1428
27-06-2021 16:00,1467
27-06-2021 17:00,1494
27-06-2021 18:00,1515
27-06-2021 19:00,1516
27-06-2021 20:00,1459
27-06-2021 21:00,1380
27-06-2021 22:00,1314
27-06-2021 23:00,1269
28-06-2021 00:00,1176
28-06-2021 01:00,1121
28-06-2021 02:00,1141
28-06-2021 03:00,1202
28-06-2021 04:00,1218
28-06-2021 05:00,1219
28-06-2021 06:00,1272
28-06-2021 07:00,1440
28-06-2021 08:00,1687
28-06-2021 09:00,1873
28-06-2021 10:00,1961
28-06-2021 11:00,2013
28-06-2021 12:00,1903
28-06-2021 13:00,1991
28-06-2021 14:00,1965
28-06-2021 15:00,1936
28-06-2021 16:00,1919
28-06-2021 17:00,1831
28-06-2021 18:00,1780
28-06-2021 19:00,1725
28-06-2021 20:00,1625
28-06-2021 21:00,1535
28-06-2021 22:00,1463
28-06-2021 23:00,1401
29-06-2021 00:00,1293
29-06-2021 01:00,1229
29-06-2021 02:00,1240
29-06-2021 03:00,1295
29-06-2021 04:00,1311
29-06-2021 05:00,1313
29-06-2021 06:00,1365
29-06-2021 07:00,1506
29-06-2021 08:00,1748
29-06-2021 09:00,1915
29-06-2021 10:00,1946
29-06-2021 11:00,2003
29-06-2021 12:00,1958
29-06-2021 13:00,2068
29-06-2021 14:00,2112
29-06-2021 15:00,2095
29-06-2021 16:00,2044
29-06-2021 17:00,1933
29-06-2021 18:00,1853
29-06-2021 19:00,1769
29-06-2021 20:00,1663
29-06-2021 21:00,1564
29-06-2021 22:00,1489
29-06-2021 23:00,1414
30-06-2021 00:00,1305
30-06-2021 01:00,1234
30-06-2021 02:00,1248
30-06-2021 03:00,1302
30-06-2021 04:00,1317
30-06-2021 05:00,1300
30-06-2021 06:00,1334
30-06-2021 07:00,1488
30-06-2021 08:00,1750
30-06-2021 09:00,1933
30-06-2021 10:00,1995
30-06-2021 11:00,2077
30-06-2021 12:00,2044
30-06-2021 13:00,2160
30-06-2021 14:00,2141
30-06-2021 15:00,2110
30-06-2021 16:00,2063
30-06-2021 17:00,1934
30-06-2021 18:00,1868
30-06-2021 19:00,1793
30-06-2021 20:00,1684
30-06-2021 21:00,1599
30-06-2021 22:00,1535
30-06-2021 23:00,1455
01-07-2021 00:00,1350
01-07-2021 01:00,1280
01-07-2021 02:00,1285
01-07-2021 03:00,1332
01-07-2021 04:00,1347
01-07-2021 05:00,1338
01-07-2021 06:00,1396
01-07-2021 07:00,1526
01-07-2021 08:00,1738
01-07-2021 09:00,1886
01-07-2021 10:00,1904
01-07-2021 11:00,1913
01-07-2021 12:00,1815
01-07-2021 13:00,1889
01-07-2021 14:00,1914
01-07-2021 15:00,1887
01-07-2021 16:00,1876
01-07-2021 17:00,1810
01-07-2021 18:00,1772
01-07-2021 19:00,1719
01-07-2021 20:00,1624
01-07-2021 21:00,1542
01-07-2021 22:00,1482
01-07-2021 23:00,1424
02-07-2021 00:00,1327
02-07-2021 01:00,1258
02-07-2021 02:00,1284
02-07-2021 03:00,1337
02-07-2021 04:00,1352
02-07-2021 05:00,1347
02-07-2021 06:00,1400
02-07-2021 07:00,1547
02-07-2021 08:00,1792
02-07-2021 09:00,1986
02-07-2021 10:00,2046
02-07-2021 11:00,2058
02-07-2021 12:00,1961
02-07-2021 13:00,2034
02-07-2021 14:00,2049
02-07-2021 15:00,2038
02-07-2021 16:00,2035
02-07-2021 17:00,1950
02-07-2021 18:00,1872
02-07-2021 19:00,1810
02-07-2021 20:00,1705
02-07-2021 21:00,1619
02-07-2021 22:00,1566
02-07-2021 23:00,1506
03-07-2021 00:00,1396
03-07-2021 01:00,1324
03-07-2021 02:00,1321
03-07-2021 03:00,1369
03-07-2021 04:00,1361
03-07-2021 05:00,1338
03-07-2021 06:00,1329
03-07-2021 07:00,1417
03-07-2021 08:00,1566
03-07-2021 09:00,1698
03-07-2021 10:00,1763
03-07-2021 11:00,1799
03-07-2021 12:00,1791
03-07-2021 13:00,1808
03-07-2021 14:00,1826
03-07-2021 15:00,1829
03-07-2021 16:00,1830
03-07-2021 17:00,1809
03-07-2021 18:00,1794
03-07-2021 19:00,1763
03-07-2021 20:00,1664
03-07-2021 21:00,1556
03-07-2021 22:00,1482
03-07-2021 23:00,1427
04-07-2021 00:00,1332
04-07-2021 01:00,1257
04-07-2021 02:00,1262
04-07-2021 03:00,1302
04-07-2021 04:00,1299
04-07-2021 05:00,1265
04-07-2021 06:00,1250
04-07-2021 07:00,1323
04-07-2021 08:00,1433
04-07-2021 09:00,1552
04-07-2021 10:00,1621
04-07-2021 11:00,1655
04-07-2021 12:00,1692
04-07-2021 13:00,1720
04-07-2021 14:00,1721
04-07-2021 15:00,1725
04-07-2021 16:00,1740
04-07-2021 17:00,1776
04-07-2021 18:00,1801
04-07-2021 19:00,1787
04-07-2021 20:00,1707
04-07-2021 21:00,1633
04-07-2021 22:00,1544
04-07-2021 23:00,1471
05-07-2021 00:00,1347
05-07-2021 01:00,1263
05-07-2021 02:00,1275
05-07-2021 03:00,1322
05-07-2021 04:00,1338
05-07-2021 05:00,1344
05-07-2021 06:00,1440
05-07-2021 07:00,1645
05-07-2021 08:00,1932
05-07-2021 09:00,2138
05-07-2021 10:00,2218
05-07-2021 11:00,2271
05-07-2021 12:00,2149
05-07-2021 13:00,2233
05-07-2021 14:00,2271
05-07-2021 15:00,2234
05-07-2021 16:00,2195
05-07-2021 17:00,2110
05-07-2021 18:00,2049
05-07-2021 19:00,1965
05-07-2021 20:00,1851
05-07-2021 21:00,1754
05-07-2021 22:00,1667
05-07-2021 23:00,1576
06-07-2021 00:00,1446
06-07-2021 01:00,1364
06-07-2021 02:00,1361
06-07-2021 03:00,1401
06-07-2021 04:00,1407
06-07-2021 05:00,1401
06-07-2021 06:00,1474
06-07-2021 07:00,1647
06-07-2021 08:00,1954
06-07-2021 09:00,2166
06-07-2021 10:00,2214
06-07-2021 11:00,2235
06-07-2021 12:00,2165
06-07-2021 13:00,2299
06-07-2021 14:00,2306
06-07-2021 15:00,2274
06-07-2021 16:00,2228
06-07-2021 17:00,2138
06-07-2021 18:00,2079
06-07-2021 19:00,2007
06-07-2021 20:00,1889
06-07-2021 21:00,1791
06-07-2021 22:00,1704
06-07-2021 23:00,1617
07-07-2021 00:00,1485
07-07-2021 01:00,1392
07-07-2021 02:00,1388
07-07-2021 03:00,1427
07-07-2021 04:00,1430
07-07-2021 05:00,1421
07-07-2021 06:00,1505
07-07-2021 07:00,1704
07-07-2021 08:00,1966
07-07-2021 09:00,2134
07-07-2021 10:00,2150
07-07-2021 11:00,2138
07-07-2021 12:00,2055
07-07-2021 13:00,2144
07-07-2021 14:00,2149
07-07-2021 15:00,2083
07-07-2021 16:00,2057
07-07-2021 17:00,1980
07-07-2021 18:00,1917
07-07-2021 19:00,1840
07-07-2021 20:00,1738
07-07-2021 21:00,1663
07-07-2021 22:00,1591
07-07-2021 23:00,1521
08-07-2021 00:00,1406
08-07-2021 01:00,1338
08-07-2021 02:00,1344
08-07-2021 03:00,1394
08-07-2021 04:00,1398
08-07-2021 05:00,1398
08-07-2021 06:00,1467
08-07-2021 07:00,1639
08-07-2021 08:00,1873
08-07-2021 09:00,2042
08-07-2021 10:00,2081
08-07-2021 11:00,2077
08-07-2021 12:00,1971
08-07-2021 13:00,2043
08-07-2021 14:00,2083
08-07-2021 15:00,2085
08-07-2021 16:00,2086
08-07-2021 17:00,1992
08-07-2021 18:00,1932
08-07-2021 19:00,1870
08-07-2021 20:00,1767
08-07-2021 21:00,1693
08-07-2021 22:00,1624
08-07-2021 23:00,1549
09-07-2021 00:00,1431
09-07-2021 01:00,1359
09-07-2021 02:00,1365
09-07-2021 03:00,1406
09-07-2021 04:00,1412
09-07-2021 05:00,1412
09-07-2021 06:00,1480
09-07-2021 07:00,1677
09-07-2021 08:00,1971
09-07-2021 09:00,2205
09-07-2021 10:00,2249
09-07-2021 11:00,2251
09-07-2021 12:00,2090
09-07-2021 13:00,2122
09-07-2021 14:00,2137
09-07-2021 15:00,2136
09-07-2021 16:00,2077
09-07-2021 17:00,1980
09-07-2021 18:00,1926
09-07-2021 19:00,1875
09-07-2021 20:00,1765
09-07-2021 21:00,1682
09-07-2021 22:00,1620
09-07-2021 23:00,1547
10-07-2021 00:00,1425
10-07-2021 01:00,1337
10-07-2021 02:00,1340
10-07-2021 03:00,1372
10-07-2021 04:00,1365
10-07-2021 05:00,1334
10-07-2021 06:00,1323
10-07-2021 07:00,1419
10-07-2021 08:00,1576
10-07-2021 09:00,1710
10-07-2021 10:00,1804
10-07-2021 11:00,1844
10-07-2021 12:00,1827
10-07-2021 13:00,1824
10-07-2021 14:00,1819
10-07-2021 15:00,1809
10-07-2021 16:00,1806
10-07-2021 17:00,1796
10-07-2021 18:00,1778
10-07-2021 19:00,1761
10-07-2021 20:00,1675
10-07-2021 21:00,1594
10-07-2021 22:00,1531
10-07-2021 23:00,1449
11-07-2021 00:00,1338
11-07-2021 01:00,1261
11-07-2021 02:00,1262
11-07-2021 03:00,1299
11-07-2021 04:00,1298
11-07-2021 05:00,1265
11-07-2021 06:00,1258
11-07-2021 07:00,1340
11-07-2021 08:00,1472
11-07-2021 09:00,1627
11-07-2021 10:00,1709
11-07-2021 11:00,1757
11-07-2021 12:00,1805
11-07-2021 13:00,1838
11-07-2021 14:00,1845
11-07-2021 15:00,1836
11-07-2021 16:00,1829
11-07-2021 17:00,1822
11-07-2021 18:00,1798
11-07-2021 19:00,1776
11-07-2021 20:00,1693
11-07-2021 21:00,1606
11-07-2021 22:00,1515
11-07-2021 23:00,1430
12-07-2021 00:00,1310
12-07-2021 01:00,1241
12-07-2021 02:00,1249
12-07-2021 03:00,1295
12-07-2021 04:00,1295
12-07-2021 05:00,1301
12-07-2021 06:00,1380
12-07-2021 07:00,1580
12-07-2021 08:00,1912
12-07-2021 09:00,2170
12-07-2021 10:00,2265
12-07-2021 11:00,2259
12-07-2021 12:00,2118
12-07-2021 13:00,2123
12-07-2021 14:00,2121
12-07-2021 15:00,2081
12-07-2021 16:00,2063
12-07-2021 17:00,1982
12-07-2021 18:00,1917
12-07-2021 19:00,1847
12-07-2021 20:00,1744
12-07-2021 21:00,1649
12-07-2021 22:00,1574
12-07-2021 23:00,1491
13-07-2021 00:00,1370
13-07-2021 01:00,1297
13-07-2021 02:00,1303
13-07-2021 03:00,1346
13-07-2021 04:00,1358
13-07-2021 05:00,1358
13-07-2021 06:00,1412
13-07-2021 07:00,1599
13-07-2021 08:00,1879
13-07-2021 09:00,2087
13-07-2021 10:00,2154
13-07-2021 11:00,2227
13-07-2021 12:00,2165
13-07-2021 13:00,2295
13-07-2021 14:00,2327
13-07-2021 15:00,2299
13-07-2021 16:00,2240
13-07-2021 17:00,2092
13-07-2021 18:00,2027
13-07-2021 19:00,1976
13-07-2021 20:00,1867
13-07-2021 21:00,1766
13-07-2021 22:00,1682
13-07-2021 23:00,1586
14-07-2021 00:00,1445
14-07-2021 01:00,1358
14-07-2021 02:00,1360
14-07-2021 03:00,1393
14-07-2021 04:00,1402
14-07-2021 05:00,1405
14-07-2021 06:00,1475
14-07-2021 07:00,1663
14-07-2021 08:00,1964
14-07-2021 09:00,2213
14-07-2021 10:00,2313
14-07-2021 11:00,2356
14-07-2021 12:00,2281
14-07-2021 13:00,2293
14-07-2021 14:00,2162
14-07-2021 15:00,2100
14-07-2021 16:00,2068
14-07-2021 17:00,1980
14-07-2021 18:00,1923
14-07-2021 19:00,1871
14-07-2021 20:00,1778
14-07-2021 21:00,1686
14-07-2021 22:00,1602
14-07-2021 23:00,1514
15-07-2021 00:00,1406
15-07-2021 01:00,1324
15-07-2021 02:00,1335
15-07-2021 03:00,1376
15-07-2021 04:00,1384
15-07-2021 05:00,1378
15-07-2021 06:00,1438
15-07-2021 07:00,1587
15-07-2021 08:00,1815
15-07-2021 09:00,2015
15-07-2021 10:00,2079
15-07-2021 11:00,2140
15-07-2021 12:00,2113
15-07-2021 13:00,2213
15-07-2021 14:00,2233
15-07-2021 15:00,2208
15-07-2021 16:00,2155
15-07-2021 17:00,2048
15-07-2021 18:00,1970
15-07-2021 19:00,1914
15-07-2021 20:00,1803
15-07-2021 21:00,1718
15-07-2021 22:00,1638
15-07-2021 23:00,1544
16-07-2021 00:00,1424
16-07-2021 01:00,1340
16-07-2021 02:00,1346
16-07-2021 03:00,1395
16-07-2021 04:00,1391
16-07-2021 05:00,1390
16-07-2021 06:00,1432
16-07-2021 07:00,1574
16-07-2021 08:00,1824
16-07-2021 09:00,2020
16-07-2021 10:00,2070
16-07-2021 11:00,2111
16-07-2021 12:00,2108
16-07-2021 13:00,2202
16-07-2021 14:00,2200
16-07-2021 15:00,2189
16-07-2021 16:00,2160
16-07-2021 17:00,2050
16-07-2021 18:00,1970
16-07-2021 19:00,1902
16-07-2021 20:00,1788
16-07-2021 21:00,1690
16-07-2021 22:00,1626
16-07-2021 23:00,1545
17-07-2021 00:00,1426
17-07-2021 01:00,1340
17-07-2021 02:00,1338
17-07-2021 03:00,1373
17-07-2021 04:00,1364
17-07-2021 05:00,1335
17-07-2021 06:00,1352
17-07-2021 07:00,1448
17-07-2021 08:00,1626
17-07-2021 09:00,1800
17-07-2021 10:00,1893
17-07-2021 11:00,1952
17-07-2021 12:00,1935
17-07-2021 13:00,1938
17-07-2021 14:00,1946
17-07-2021 15:00,1935
17-07-2021 16:00,1939
17-07-2021 17:00,1907
17-07-2021 18:00,1851
17-07-2021 19:00,1808
17-07-2021 20:00,1712
17-07-2021 21:00,1625
17-07-2021 22:00,1541
17-07-2021 23:00,1460
18-07-2021 00:00,1340
18-07-2021 01:00,1262
18-07-2021 02:00,1263
18-07-2021 03:00,1297
18-07-2021 04:00,1291
18-07-2021 05:00,1272
18-07-2021 06:00,1287
18-07-2021 07:00,1375
18-07-2021 08:00,1523
18-07-2021 09:00,1700
18-07-2021 10:00,1798
18-07-2021 11:00,1842
18-07-2021 12:00,1877
18-07-2021 13:00,1860
18-07-2021 14:00,1885
18-07-2021 15:00,1843
18-07-2021 16:00,1795
18-07-2021 17:00,1803
18-07-2021 18:00,1814
18-07-2021 19:00,1822
18-07-2021 20:00,1752
18-07-2021 21:00,1649
18-07-2021 22:00,1558
18-07-2021 23:00,1469
19-07-2021 00:00,1358
19-07-2021 01:00,1270
19-07-2021 02:00,1274
19-07-2021 03:00,1319
19-07-2021 04:00,1321
19-07-2021 05:00,1345
19-07-2021 06:00,1457
19-07-2021 07:00,1686
19-07-2021 08:00,2039
19-07-2021 09:00,2302
19-07-2021 10:00,2411
19-07-2021 11:00,2474
19-07-2021 12:00,2425
19-07-2021 13:00,2530
19-07-2021 14:00,2543
19-07-2021 15:00,2535
19-07-2021 16:00,2514
19-07-2021 17:00,2405
19-07-2021 18:00,2275
19-07-2021 19:00,2154
19-07-2021 20:00,2016
19-07-2021 21:00,1888
19-07-2021 22:00,1781
19-07-2021 23:00,1665
20-07-2021 00:00,1515
20-07-2021 01:00,1415
20-07-2021 02:00,1406
20-07-2021 03:00,1424
20-07-2021 04:00,1433
20-07-2021 05:00,1439
20-07-2021 06:00,1529
20-07-2021 07:00,1754
20-07-2021 08:00,2092
20-07-2021 09:00,2345
20-07-2021 10:00,2455
20-07-2021 11:00,2547
20-07-2021 12:00,2526
20-07-2021 13:00,2638
20-07-2021 14:00,2642
20-07-2021 15:00,2607
20-07-2021 16:00,2512
20-07-2021 17:00,2369
20-07-2021 18:00,2237
20-07-2021 19:00,2137
20-07-2021 20:00,2007
20-07-2021 21:00,1874
20-07-2021 22:00,1770
20-07-2021 23:00,1656
21-07-2021 00:00,1503
21-07-2021 01:00,1401
21-07-2021 02:00,1389
21-07-2021 03:00,1405
21-07-2021 04:00,1404
21-07-2021 05:00,1404
21-07-2021 06:00,1493
21-07-2021 07:00,1692
21-07-2021 08:00,2023
21-07-2021 09:00,2281
21-07-2021 10:00,2398
21-07-2021 11:00,2471
21-07-2021 12:00,2427
21-07-2021 13:00,2519
21-07-2021 14:00,2530
21-07-2021 15:00,2524
21-07-2021 16:00,2506
21-07-2021 17:00,2369
21-07-2021 18:00,2238
21-07-2021 19:00,2137
21-07-2021 20:00,2004
21-07-2021 21:00,1878
21-07-2021 22:00,1768
21-07-2021 23:00,1664
22-07-2021 00:00,1515
22-07-2021 01:00,1405
22-07-2021 02:00,1392
22-07-2021 03:00,1405
22-07-2021 04:00,1385
22-07-2021 05:00,1358
22-07-2021 06:00,1404
22-07-2021 07:00,1525
22-07-2021 08:00,1741
22-07-2021 09:00,1944
22-07-2021 10:00,2049
22-07-2021 11:00,2126
22-07-2021 12:00,2145
22-07-2021 13:00,2190
22-07-2021 14:00,2208
22-07-2021 15:00,2211
22-07-2021 16:00,2210
22-07-2021 17:00,2159
22-07-2021 18:00,2079
22-07-2021 19:00,2017
22-07-2021 20:00,1911
22-07-2021 21:00,1796
22-07-2021 22:00,1700
22-07-2021 23:00,1607
23-07-2021 00:00,1468
23-07-2021 01:00,1372
23-07-2021 02:00,1351
23-07-2021 03:00,1371
23-07-2021 04:00,1370
23-07-2021 05:00,1346
23-07-2021 06:00,1383
23-07-2021 07:00,1498
23-07-2021 08:00,1702
23-07-2021 09:00,1897
23-07-2021 10:00,2007
23-07-2021 11:00,2071
23-07-2021 12:00,2109
23-07-2021 13:00,2138
23-07-2021 14:00,2157
23-07-2021 15:00,2157
23-07-2021 16:00,2160
23-07-2021 17:00,2132
23-07-2021 18:00,2069
23-07-2021 19:00,2004
23-07-2021 20:00,1895
23-07-2021 21:00,1786
23-07-2021 22:00,1692
23-07-2021 23:00,1611
24-07-2021 00:00,1474
24-07-2021 01:00,1372
24-07-2021 02:00,1345
24-07-2021 03:00,1363
24-07-2021 04:00,1356
24-07-2021 05:00,1326
24-07-2021 06:00,1379
24-07-2021 07:00,1505
24-07-2021 08:00,1711
24-07-2021 09:00,1906
24-07-2021 10:00,2016
24-07-2021 11:00,2088
24-07-2021 12:00,2123
24-07-2021 13:00,2151
24-07-2021 14:00,2147
24-07-2021 15:00,2109
24-07-2021 16:00,2092
24-07-2021 17:00,2059
24-07-2021 18:00,2005
24-07-2021 19:00,1956
24-07-2021 20:00,1859
24-07-2021 21:00,1746
24-07-2021 22:00,1643
24-07-2021 23:00,1545
25-07-2021 00:00,1413
25-07-2021 01:00,1324
25-07-2021 02:00,1310
25-07-2021 03:00,1317
25-07-2021 04:00,1305
25-07-2021 05:00,1285
25-07-2021 06:00,1309
25-07-2021 07:00,1396
25-07-2021 08:00,1568
25-07-2021 09:00,1754
25-07-2021 10:00,1866
25-07-2021 11:00,1924
25-07-2021 12:00,1960
25-07-2021 13:00,1982
25-07-2021 14:00,1991
25-07-2021 15:00,1991
25-07-2021 16:00,1992
25-07-2021 17:00,2013
25-07-2021 18:00,1972
25-07-2021 19:00,1918
25-07-2021 20:00,1839
25-07-2021 21:00,1723
25-07-2021 22:00,1621
25-07-2021 23:00,1528
26-07-2021 00:00,1386
26-07-2021 01:00,1301
26-07-2021 02:00,1289
26-07-2021 03:00,1319
26-07-2021 04:00,1320
26-07-2021 05:00,1339
26-07-2021 06:00,1445
26-07-2021 07:00,1688
26-07-2021 08:00,2040
26-07-2021 09:00,2306
26-07-2021 10:00,2411
26-07-2021 11:00,2479
26-07-2021 12:00,2454
26-07-2021 13:00,2533
26-07-2021 14:00,2562
26-07-2021 15:00,2557
26-07-2021 16:00,2546
26-07-2021 17:00,2426
26-07-2021 18:00,2299
26-07-2021 19:00,2185
26-07-2021 20:00,2050
26-07-2021 21:00,1919
26-07-2021 22:00,1800
26-07-2021 23:00,1686
27-07-2021 00:00,1526
27-07-2021 01:00,1419
27-07-2021 02:00,1399
27-07-2021 03:00,1415
27-07-2021 04:00,1412
27-07-2021 05:00,1422
27-07-2021 06:00,1520
27-07-2021 07:00,1753
27-07-2021 08:00,2088
27-07-2021 09:00,2331
27-07-2021 10:00,2449
27-07-2021 11:00,2491
27-07-2021 12:00,2409
27-07-2021 13:00,2474
27-07-2021 14:00,2493
27-07-2021 15:00,2486
27-07-2021 16:00,2441
27-07-2021 17:00,2317
27-07-2021 18:00,2228
27-07-2021 19:00,2147
27-07-2021 20:00,2013
27-07-2021 21:00,1889
27-07-2021 22:00,1779
27-07-2021 23:00,1666
28-07-2021 00:00,1515
28-07-2021 01:00,1414
28-07-2021 02:00,1407
28-07-2021 03:00,1421
28-07-2021 04:00,1411
28-07-2021 05:00,1408
28-07-2021 06:00,1505
28-07-2021 07:00,1714
28-07-2021 08:00,2039
28-07-2021 09:00,2296
28-07-2021 10:00,2369
28-07-2021 11:00,2413
28-07-2021 12:00,2340
28-07-2021 13:00,2431
28-07-2021 14:00,2460
28-07-2021 15:00,2444
28-07-2021 16:00,2397
28-07-2021 17:00,2271
28-07-2021 18:00,2189
28-07-2021 19:00,2113
28-07-2021 20:00,1993
28-07-2021 21:00,1873
28-07-2021 22:00,1760
28-07-2021 23:00,1655
29-07-2021 00:00,1514
29-07-2021 01:00,1424
29-07-2021 02:00,1408
29-07-2021 03:00,1425
29-07-2021 04:00,1414
29-07-2021 05:00,1423
29-07-2021 06:00,1527
29-07-2021 07:00,1750
29-07-2021 08:00,2091
29-07-2021 09:00,2366
29-07-2021 10:00,2477
29-07-2021 11:00,2547
29-07-2021 12:00,2511
29-07-2021 13:00,2599
29-07-2021 14:00,2620
29-07-2021 15:00,2558
29-07-2021 16:00,2484
29-07-2021 17:00,2398
29-07-2021 18:00,2276
29-07-2021 19:00,2179
29-07-2021 20:00,2041
29-07-2021 21:00,1908
29-07-2021 22:00,1796
29-07-2021 23:00,1680
30-07-2021 00:00,1529
30-07-2021 01:00,1431
30-07-2021 02:00,1420
30-07-2021 03:00,1433
30-07-2021 04:00,1435
30-07-2021 05:00,1444
30-07-2021 06:00,1535
30-07-2021 07:00,1749
30-07-2021 08:00,2087
30-07-2021 09:00,2348
30-07-2021 10:00,2454
30-07-2021 11:00,2531
30-07-2021 12:00,2502
30-07-2021 13:00,2603
30-07-2021 14:00,2625
30-07-2021 15:00,2610
30-07-2021 16:00,2589
30-07-2021 17:00,2456
30-07-2021 18:00,2314
30-07-2021 19:00,2210
30-07-2021 20:00,2071
30-07-2021 21:00,1937
30-07-2021 22:00,1813
30-07-2021 23:00,1696
31-07-2021 00:00,1544
31-07-2021 01:00,1441
31-07-2021 02:00,1419
31-07-2021 03:00,1419
31-07-2021 04:00,1400
31-07-2021 05:00,1388
31-07-2021 06:00,1434
31-07-2021 07:00,1580
31-07-2021 08:00,1797
31-07-2021 09:00,2003
31-07-2021 10:00,2113
31-07-2021 11:00,2179
31-07-2021 12:00,2196
31-07-2021 13:00,2223
31-07-2021 14:00,2200
31-07-2021 15:00,2197
31-07-2021 16:00,2152
31-07-2021 17:00,2064
31-07-2021 18:00,2001
31-07-2021 19:00,1957
31-07-2021 20:00,1847
31-07-2021 21:00,1739
31-07-2021 22:00,1633
31-07-2021 23:00,1542
01-08-2021 00:00,1418
01-08-2021 01:00,1325
01-08-2021 02:00,1316
01-08-2021 03:00,1324
01-08-2021 04:00,1314
01-08-2021 05:00,1306
01-08-2021 06:00,1329
01-08-2021 07:00,1443
01-08-2021 08:00,1624
01-08-2021 09:00,1813
01-08-2021 10:00,1921
01-08-2021 11:00,1988
01-08-2021 12:00,2018
01-08-2021 13:00,2026
01-08-2021 14:00,2004
01-08-2021 15:00,1999
01-08-2021 16:00,1996
01-08-2021 17:00,1980
01-08-2021 18:00,1964
01-08-2021 19:00,1944
01-08-2021 20:00,1867
01-08-2021 21:00,1761
01-08-2021 22:00,1652
01-08-2021 23:00,1547
02-08-2021 00:00,1415
02-08-2021 01:00,1325
02-08-2021 02:00,1315
02-08-2021 03:00,1334
02-08-2021 04:00,1333
02-08-2021 05:00,1364
02-08-2021 06:00,1481
02-08-2021 07:00,1755
02-08-2021 08:00,2126
02-08-2021 09:00,2397
02-08-2021 10:00,2503
02-08-2021 11:00,2564
02-08-2021 12:00,2527
02-08-2021 13:00,2611
02-08-2021 14:00,2610
02-08-2021 15:00,2592
02-08-2021 16:00,2572
02-08-2021 17:00,2432
02-08-2021 18:00,2315
02-08-2021 19:00,2221
02-08-2021 20:00,2073
02-08-2021 21:00,1948
02-08-2021 22:00,1841
02-08-2021 23:00,1731
03-08-2021 00:00,1578
03-08-2021 01:00,1465
03-08-2021 02:00,1449
03-08-2021 03:00,1458
03-08-2021 04:00,1447
03-08-2021 05:00,1460
03-08-2021 06:00,1550
03-08-2021 07:00,1759
03-08-2021 08:00,2068
03-08-2021 09:00,2248
03-08-2021 10:00,2305
03-08-2021 11:00,2330
03-08-2021 12:00,2270
03-08-2021 13:00,2382
03-08-2021 14:00,2393
03-08-2021 15:00,2375
03-08-2021 16:00,2336
03-08-2021 17:00,2233
03-08-2021 18:00,2168
03-08-2021 19:00,2102
03-08-2021 20:00,1963
03-08-2021 21:00,1847
03-08-2021 22:00,1746
03-08-2021 23:00,1646
04-08-2021 00:00,1503
04-08-2021 01:00,1405
04-08-2021 02:00,1400
04-08-2021 03:00,1410
04-08-2021 04:00,1413
04-08-2021 05:00,1423
04-08-2021 06:00,1533
04-08-2021 07:00,1774
04-08-2021 08:00,2132
04-08-2021 09:00,2412
04-08-2021 10:00,2534
04-08-2021 11:00,2611
04-08-2021 12:00,2570
04-08-2021 13:00,2661
04-08-2021 14:00,2667
04-08-2021 15:00,2651
04-08-2021 16:00,2639
04-08-2021 17:00,2519
04-08-2021 18:00,2385
04-08-2021 19:00,2278
04-08-2021 20:00,2124
04-08-2021 21:00,1988
04-08-2021 22:00,1880
04-08-2021 23:00,1761
05-08-2021 00:00,1592
05-08-2021 01:00,1476
05-08-2021 02:00,1454
05-08-2021 03:00,1460
05-08-2021 04:00,1453
05-08-2021 05:00,1464
05-08-2021 06:00,1596
05-08-2021 07:00,1843
05-08-2021 08:00,2206
05-08-2021 09:00,2505
05-08-2021 10:00,2638
05-08-2021 11:00,2735
05-08-2021 12:00,2723
05-08-2021 13:00,2824
05-08-2021 14:00,2827
05-08-2021 15:00,2804
05-08-2021 16:00,2775
05-08-2021 17:00,2634
05-08-2021 18:00,2479
05-08-2021 19:00,2345
05-08-2021 20:00,2178
05-08-2021 21:00,2037
05-08-2021 22:00,1913
05-08-2021 23:00,1780
06-08-2021 00:00,1598
06-08-2021 01:00,1482
06-08-2021 02:00,1464
06-08-2021 03:00,1472
06-08-2021 04:00,1463
06-08-2021 05:00,1484
06-08-2021 06:00,1589
06-08-2021 07:00,1794
06-08-2021 08:00,2089
06-08-2021 09:00,2337
06-08-2021 10:00,2407
06-08-2021 11:00,2461
06-08-2021 12:00,2452
06-08-2021 13:00,2567
06-08-2021 14:00,2573
06-08-2021 15:00,2560
06-08-2021 16:00,2535
06-08-2021 17:00,2387
06-08-2021 18:00,2263
06-08-2021 19:00,2164
06-08-2021 20:00,2026
06-08-2021 21:00,1907
06-08-2021 22:00,1814
06-08-2021 23:00,1711
07-08-2021 00:00,1561
07-08-2021 01:00,1456
07-08-2021 02:00,1438
07-08-2021 03:00,1441
07-08-2021 04:00,1427
07-08-2021 05:00,1410
07-08-2021 06:00,1462
07-08-2021 07:00,1620
07-08-2021 08:00,1839
07-08-2021 09:00,2030
07-08-2021 10:00,2137
07-08-2021 11:00,2209
07-08-2021 12:00,2211
07-08-2021 13:00,2244
07-08-2021 14:00,2255
07-08-2021 15:00,2244
07-08-2021 16:00,2228
07-08-2021 17:00,2177
07-08-2021 18:00,2121
07-08-2021 19:00,2067
07-08-2021 20:00,1939
07-08-2021 21:00,1833
07-08-2021 22:00,1744
07-08-2021 23:00,1646
08-08-2021 00:00,1498
08-08-2021 01:00,1393
08-08-2021 02:00,1372
08-08-2021 03:00,1369
08-08-2021 04:00,1355
08-08-2021 05:00,1344
08-08-2021 06:00,1408
08-08-2021 07:00,1544
08-08-2021 08:00,1738
08-08-2021 09:00,1927
08-08-2021 10:00,2010
08-08-2021 11:00,2077
08-08-2021 12:00,2134
08-08-2021 13:00,2151
08-08-2021 14:00,2150
08-08-2021 15:00,2164
08-08-2021 16:00,2132
08-08-2021 17:00,2082
08-08-2021 18:00,2048
08-08-2021 19:00,2026
08-08-2021 20:00,1919
08-08-2021 21:00,1816
08-08-2021 22:00,1726
08-08-2021 23:00,1635
09-08-2021 00:00,1501
09-08-2021 01:00,1405
09-08-2021 02:00,1379
09-08-2021 03:00,1376
09-08-2021 04:00,1369
09-08-2021 05:00,1379
09-08-2021 06:00,1427
09-08-2021 07:00,1568
09-08-2021 08:00,1800
09-08-2021 09:00,1956
09-08-2021 10:00,1969
09-08-2021 11:00,1929
09-08-2021 12:00,1879
09-08-2021 13:00,1822
09-08-2021 14:00,1809
09-08-2021 15:00,1834
09-08-2021 16:00,1834
09-08-2021 17:00,1808
09-08-2021 18:00,1803
09-08-2021 19:00,1778
09-08-2021 20:00,1689
09-08-2021 21:00,1598
09-08-2021 22:00,1531
09-08-2021 23:00,1448
10-08-2021 00:00,1334
10-08-2021 01:00,1263
10-08-2021 02:00,1261
10-08-2021 03:00,1294
10-08-2021 04:00,1298
10-08-2021 05:00,1314
10-08-2021 06:00,1401
10-08-2021 07:00,1549
10-08-2021 08:00,1793
10-08-2021 09:00,1980
10-08-2021 10:00,2067
10-08-2021 11:00,2112
10-08-2021 12:00,2089
10-08-2021 13:00,2134
10-08-2021 14:00,2151
10-08-2021 15:00,2122
10-08-2021 16:00,2117
10-08-2021 17:00,2007
10-08-2021 18:00,1936
10-08-2021 19:00,1882
10-08-2021 20:00,1758
10-08-2021 21:00,1640
10-08-2021 22:00,1552
10-08-2021 23:00,1461
11-08-2021 00:00,1339
11-08-2021 01:00,1245
11-08-2021 02:00,1242
11-08-2021 03:00,1260
11-08-2021 04:00,1260
11-08-2021 05:00,1266
11-08-2021 06:00,1305
11-08-2021 07:00,1458
11-08-2021 08:00,1710
11-08-2021 09:00,1886
11-08-2021 10:00,1960
11-08-2021 11:00,2013
11-08-2021 12:00,1996
11-08-2021 13:00,2039
11-08-2021 14:00,1984
11-08-2021 15:00,1959
11-08-2021 16:00,1959
11-08-2021 17:00,1908
11-08-2021 18:00,1873
11-08-2021 19:00,1821
11-08-2021 20:00,1702
11-08-2021 21:00,1602
11-08-2021 22:00,1517
11-08-2021 23:00,1437
12-08-2021 00:00,1321
12-08-2021 01:00,1231
12-08-2021 02:00,1226
12-08-2021 03:00,1248
12-08-2021 04:00,1248
12-08-2021 05:00,1246
12-08-2021 06:00,1282
12-08-2021 07:00,1416
12-08-2021 08:00,1590
12-08-2021 09:00,1715
12-08-2021 10:00,1734
12-08-2021 11:00,1733
12-08-2021 12:00,1692
12-08-2021 13:00,1689
12-08-2021 14:00,1666
12-08-2021 15:00,1657
12-08-2021 16:00,1650
12-08-2021 17:00,1633
12-08-2021 18:00,1627
12-08-2021 19:00,1598
12-08-2021 20:00,1505
12-08-2021 21:00,1424
12-08-2021 22:00,1368
12-08-2021 23:00,1310
13-08-2021 00:00,1216
13-08-2021 01:00,1152
13-08-2021 02:00,1163
13-08-2021 03:00,1196
13-08-2021 04:00,1208
13-08-2021 05:00,1202
13-08-2021 06:00,1228
13-08-2021 07:00,1338
13-08-2021 08:00,1474
13-08-2021 09:00,1574
13-08-2021 10:00,1603
13-08-2021 11:00,1618
13-08-2021 12:00,1621
13-08-2021 13:00,1607
13-08-2021 14:00,1594
13-08-2021 15:00,1594
13-08-2021 16:00,1610
13-08-2021 17:00,1625
13-08-2021 18:00,1635
13-08-2021 19:00,1605
13-08-2021 20:00,1526
13-08-2021 21:00,1443
13-08-2021 22:00,1381
13-08-2021 23:00,1337
14-08-2021 00:00,1243
14-08-2021 01:00,1171
14-08-2021 02:00,1179
14-08-2021 03:00,1228
14-08-2021 04:00,1219
14-08-2021 05:00,1197
14-08-2021 06:00,1204
14-08-2021 07:00,1294
14-08-2021 08:00,1436
14-08-2021 09:00,1524
14-08-2021 10:00,1573
14-08-2021 11:00,1598
14-08-2021 12:00,1580
14-08-2021 13:00,1572
14-08-2021 14:00,1586
14-08-2021 15:00,1597
14-08-2021 16:00,1599
14-08-2021 17:00,1626
14-08-2021 18:00,1650
14-08-2021 19:00,1623
14-08-2021 20:00,1531
14-08-2021 21:00,1437
14-08-2021 22:00,1364
14-08-2021 23:00,1311
15-08-2021 00:00,1221
15-08-2021 01:00,1159
15-08-2021 02:00,1164
15-08-2021 03:00,1192
15-08-2021 04:00,1186
15-08-2021 05:00,1160
15-08-2021 06:00,1153
15-08-2021 07:00,1208
15-08-2021 08:00,1291
15-08-2021 09:00,1348
15-08-2021 10:00,1395
15-08-2021 11:00,1446
15-08-2021 12:00,1473
15-08-2021 13:00,1491
15-08-2021 14:00,1496
15-08-2021 15:00,1525
15-08-2021 16:00,1495
15-08-2021 17:00,1517
15-08-2021 18:00,1556
15-08-2021 19:00,1560
15-08-2021 20:00,1486
15-08-2021 21:00,1411
15-08-2021 22:00,1344
15-08-2021 23:00,1288
16-08-2021 00:00,1191
16-08-2021 01:00,1127
16-08-2021 02:00,1144
16-08-2021 03:00,1190
16-08-2021 04:00,1198
16-08-2021 05:00,1201
16-08-2021 06:00,1250
16-08-2021 07:00,1394
16-08-2021 08:00,1608
16-08-2021 09:00,1761
16-08-2021 10:00,1795
16-08-2021 11:00,1814
16-08-2021 12:00,1755
16-08-2021 13:00,1806
16-08-2021 14:00,1842
16-08-2021 15:00,1879
16-08-2021 16:00,1874
16-08-2021 17:00,1835
16-08-2021 18:00,1813
16-08-2021 19:00,1747
16-08-2021 20:00,1643
16-08-2021 21:00,1569
16-08-2021 22:00,1496
16-08-2021 23:00,1430
17-08-2021 00:00,1323
17-08-2021 01:00,1247
17-08-2021 02:00,1261
17-08-2021 03:00,1301
17-08-2021 04:00,1316
17-08-2021 05:00,1317
17-08-2021 06:00,1365
17-08-2021 07:00,1535
17-08-2021 08:00,1783
17-08-2021 09:00,1950
17-08-2021 10:00,1999
17-08-2021 11:00,1999
17-08-2021 12:00,1912
17-08-2021 13:00,1982
17-08-2021 14:00,1972
17-08-2021 15:00,1955
17-08-2021 16:00,1940
17-08-2021 17:00,1873
17-08-2021 18:00,1836
17-08-2021 19:00,1760
17-08-2021 20:00,1657
17-08-2021 21:00,1579
17-08-2021 22:00,1532
17-08-2021 23:00,1469
18-08-2021 00:00,1359
18-08-2021 01:00,1289
18-08-2021 02:00,1297
18-08-2021 03:00,1343
18-08-2021 04:00,1352
18-08-2021 05:00,1347
18-08-2021 06:00,1401
18-08-2021 07:00,1548
18-08-2021 08:00,1776
18-08-2021 09:00,1944
18-08-2021 10:00,2017
18-08-2021 11:00,2048
18-08-2021 12:00,1921
18-08-2021 13:00,2034
18-08-2021 14:00,2099
18-08-2021 15:00,2109
18-08-2021 16:00,2122
18-08-2021 17:00,2025
18-08-2021 18:00,1949
18-08-2021 19:00,1867
18-08-2021 20:00,1753
18-08-2021 21:00,1664
18-08-2021 22:00,1590
18-08-2021 23:00,1502
19-08-2021 00:00,1384
19-08-2021 01:00,1300
19-08-2021 02:00,1304
19-08-2021 03:00,1338
19-08-2021 04:00,1346
19-08-2021 05:00,1342
19-08-2021 06:00,1386
19-08-2021 07:00,1541
19-08-2021 08:00,1809
19-08-2021 09:00,1996
19-08-2021 10:00,2028
19-08-2021 11:00,2018
19-08-2021 12:00,1879
19-08-2021 13:00,1891
19-08-2021 14:00,1904
19-08-2021 15:00,1886
19-08-2021 16:00,1904
19-08-2021 17:00,1841
19-08-2021 18:00,1802
19-08-2021 19:00,1744
19-08-2021 20:00,1642
19-08-2021 21:00,1559
19-08-2021 22:00,1498
19-08-2021 23:00,1438
20-08-2021 00:00,1336
20-08-2021 01:00,1266
20-08-2021 02:00,1275
20-08-2021 03:00,1320
20-08-2021 04:00,1335
20-08-2021 05:00,1332
20-08-2021 06:00,1374
20-08-2021 07:00,1503
20-08-2021 08:00,1767
20-08-2021 09:00,1991
20-08-2021 10:00,2108
20-08-2021 11:00,2122
20-08-2021 12:00,2034
20-08-2021 13:00,2076
20-08-2021 14:00,1998
20-08-2021 15:00,1921
20-08-2021 16:00,1915
20-08-2021 17:00,1855
20-08-2021 18:00,1824
20-08-2021 19:00,1757
20-08-2021 20:00,1647
20-08-2021 21:00,1563
20-08-2021 22:00,1516
20-08-2021 23:00,1456
21-08-2021 00:00,1350
21-08-2021 01:00,1275
21-08-2021 02:00,1285
21-08-2021 03:00,1324
21-08-2021 04:00,1321
21-08-2021 05:00,1292
21-08-2021 06:00,1279
21-08-2021 07:00,1354
21-08-2021 08:00,1496
21-08-2021 09:00,1622
21-08-2021 10:00,1680
21-08-2021 11:00,1735
21-08-2021 12:00,1716
21-08-2021 13:00,1733
21-08-2021 14:00,1764
21-08-2021 15:00,1754
21-08-2021 16:00,1723
21-08-2021 17:00,1694
21-08-2021 18:00,1712
21-08-2021 19:00,1689
21-08-2021 20:00,1594
21-08-2021 21:00,1522
21-08-2021 22:00,1476
21-08-2021 23:00,1418
22-08-2021 00:00,1322
22-08-2021 01:00,1252
22-08-2021 02:00,1264
22-08-2021 03:00,1295
22-08-2021 04:00,1294
22-08-2021 05:00,1264
22-08-2021 06:00,1265
22-08-2021 07:00,1343
22-08-2021 08:00,1471
22-08-2021 09:00,1611
22-08-2021 10:00,1690
22-08-2021 11:00,1778
22-08-2021 12:00,1803
22-08-2021 13:00,1834
22-08-2021 14:00,1813
22-08-2021 15:00,1761
22-08-2021 16:00,1778
22-08-2021 17:00,1799
22-08-2021 18:00,1814
22-08-2021 19:00,1782
22-08-2021 20:00,1688
22-08-2021 21:00,1607
22-08-2021 22:00,1533
22-08-2021 23:00,1459
23-08-2021 00:00,1345
23-08-2021 01:00,1270
23-08-2021 02:00,1281
23-08-2021 03:00,1317
23-08-2021 04:00,1331
23-08-2021 05:00,1334
23-08-2021 06:00,1416
23-08-2021 07:00,1629
23-08-2021 08:00,1910
23-08-2021 09:00,2134
23-08-2021 10:00,2231
23-08-2021 11:00,2296
23-08-2021 12:00,2220
23-08-2021 13:00,2303
23-08-2021 14:00,2318
23-08-2021 15:00,2359
23-08-2021 16:00,2320
23-08-2021 17:00,2200
23-08-2021 18:00,2133
23-08-2021 19:00,2032
23-08-2021 20:00,1893
23-08-2021 21:00,1790
23-08-2021 22:00,1703
23-08-2021 23:00,1607
24-08-2021 00:00,1479
24-08-2021 01:00,1388
24-08-2021 02:00,1389
24-08-2021 03:00,1420
24-08-2021 04:00,1420
24-08-2021 05:00,1416
24-08-2021 06:00,1463
24-08-2021 07:00,1659
24-08-2021 08:00,1950
24-08-2021 09:00,2183
24-08-2021 10:00,2292
24-08-2021 11:00,2307
24-08-2021 12:00,2245
24-08-2021 13:00,2295
24-08-2021 14:00,2281
24-08-2021 15:00,2271
24-08-2021 16:00,2206
24-08-2021 17:00,2105
24-08-2021 18:00,2063
24-08-2021 19:00,1983
24-08-2021 20:00,1858
24-08-2021 21:00,1770
24-08-2021 22:00,1695
24-08-2021 23:00,1622
25-08-2021 00:00,1496
25-08-2021 01:00,1407
25-08-2021 02:00,1408
25-08-2021 03:00,1441
25-08-2021 04:00,1446
25-08-2021 05:00,1447
25-08-2021 06:00,1519
25-08-2021 07:00,1717
25-08-2021 08:00,2024
25-08-2021 09:00,2263
25-08-2021 10:00,2369
25-08-2021 11:00,2428
25-08-2021 12:00,2380
25-08-2021 13:00,2493
25-08-2021 14:00,2495
25-08-2021 15:00,2490
25-08-2021 16:00,2473
25-08-2021 17:00,2343
25-08-2021 18:00,2246
25-08-2021 19:00,2143
25-08-2021 20:00,1993
25-08-2021 21:00,1879
25-08-2021 22:00,1785
25-08-2021 23:00,1680
26-08-2021 00:00,1536
26-08-2021 01:00,1444
26-08-2021 02:00,1432
26-08-2021 03:00,1459
26-08-2021 04:00,1461
26-08-2021 05:00,1461
26-08-2021 06:00,1533
26-08-2021 07:00,1747
26-08-2021 08:00,2091
26-08-2021 09:00,2351
26-08-2021 10:00,2445
26-08-2021 11:00,2511
26-08-2021 12:00,2458
26-08-2021 13:00,2524
26-08-2021 14:00,2504
26-08-2021 15:00,2458
26-08-2021 16:00,2464
26-08-2021 17:00,2362
26-08-2021 18:00,2279
26-08-2021 19:00,2178
26-08-2021 20:00,2024
26-08-2021 21:00,1905
26-08-2021 22:00,1813
26-08-2021 23:00,1710
27-08-2021 00:00,1560
27-08-2021 01:00,1463
27-08-2021 02:00,1455
27-08-2021 03:00,1479
27-08-2021 04:00,1476
27-08-2021 05:00,1473
27-08-2021 06:00,1551
27-08-2021 07:00,1764
27-08-2021 08:00,2089
27-08-2021 09:00,2332
27-08-2021 10:00,2415
27-08-2021 11:00,2469
27-08-2021 12:00,2423
27-08-2021 13:00,2509
27-08-2021 14:00,2523
27-08-2021 15:00,2499
27-08-2021 16:00,2467
27-08-2021 17:00,2328
27-08-2021 18:00,2202
27-08-2021 19:00,2100
27-08-2021 20:00,1964
27-08-2021 21:00,1854
27-08-2021 22:00,1763
27-08-2021 23:00,1670
28-08-2021 00:00,1525
28-08-2021 01:00,1422
28-08-2021 02:00,1410
28-08-2021 03:00,1422
28-08-2021 04:00,1407
28-08-2021 05:00,1385
28-08-2021 06:00,1407
28-08-2021 07:00,1530
28-08-2021 08:00,1738
28-08-2021 09:00,1935
28-08-2021 10:00,2033
28-08-2021 11:00,2088
28-08-2021 12:00,2096
28-08-2021 13:00,2115
28-08-2021 14:00,2106
28-08-2021 15:00,2100
28-08-2021 16:00,2100
28-08-2021 17:00,2051
28-08-2021 18:00,2022
28-08-2021 19:00,1975
28-08-2021 20:00,1854
28-08-2021 21:00,1757
28-08-2021 22:00,1669
28-08-2021 23:00,1583
29-08-2021 00:00,1450
29-08-2021 01:00,1355
29-08-2021 02:00,1338
29-08-2021 03:00,1353
29-08-2021 04:00,1345
29-08-2021 05:00,1320
29-08-2021 06:00,1331
29-08-2021 07:00,1420
29-08-2021 08:00,1591
29-08-2021 09:00,1765
29-08-2021 10:00,1857
29-08-2021 11:00,1919
29-08-2021 12:00,1971
29-08-2021 13:00,1997
29-08-2021 14:00,1999
29-08-2021 15:00,2020
29-08-2021 16:00,2045
29-08-2021 17:00,2045
29-08-2021 18:00,2027
29-08-2021 19:00,1987
29-08-2021 20:00,1882
29-08-2021 21:00,1779
29-08-2021 22:00,1670
29-08-2021 23:00,1563
30-08-2021 00:00,1430
30-08-2021 01:00,1336
30-08-2021 02:00,1329
30-08-2021 03:00,1348
30-08-2021 04:00,1352
30-08-2021 05:00,1359
30-08-2021 06:00,1470
30-08-2021 07:00,1706
30-08-2021 08:00,2067
30-08-2021 09:00,2354
30-08-2021 10:00,2471
30-08-2021 11:00,2532
30-08-2021 12:00,2487
30-08-2021 13:00,2582
30-08-2021 14:00,2586
30-08-2021 15:00,2572
30-08-2021 16:00,2565
30-08-2021 17:00,2402
30-08-2021 18:00,2317
30-08-2021 19:00,2209
30-08-2021 20:00,2045
30-08-2021 21:00,1916
30-08-2021 22:00,1801
30-08-2021 23:00,1699
31-08-2021 00:00,1551
31-08-2021 01:00,1447
31-08-2021 02:00,1426
31-08-2021 03:00,1442
31-08-2021 04:00,1436
31-08-2021 05:00,1438
31-08-2021 06:00,1522
31-08-2021 07:00,1742
31-08-2021 08:00,2062
31-08-2021 09:00,2306
31-08-2021 10:00,2408
31-08-2021 11:00,2470
31-08-2021 12:00,2410
31-08-2021 13:00,2496
31-08-2021 14:00,2521
31-08-2021 15:00,2518
31-08-2021 16:00,2484
31-08-2021 17:00,2340
31-08-2021 18:00,2228
31-08-2021 19:00,2102
31-08-2021 20:00,1945
31-08-2021 21:00,1814
31-08-2021 22:00,1706
31-08-2021 23:00,1598
01-09-2021 00:00,1462
01-09-2021 01:00,1362
01-09-2021 02:00,1350
01-09-2021 03:00,1365
01-09-2021 04:00,1372
01-09-2021 05:00,1377
01-09-2021 06:00,1450
01-09-2021 07:00,1647
01-09-2021 08:00,1934
01-09-2021 09:00,2151
01-09-2021 10:00,2255
01-09-2021 11:00,2314
01-09-2021 12:00,2300
01-09-2021 13:00,2427
01-09-2021 14:00,2419
01-09-2021 15:00,2351
01-09-2021 16:00,2303
01-09-2021 17:00,2200
01-09-2021 18:00,2152
01-09-2021 19:00,2056
01-09-2021 20:00,1923
01-09-2021 21:00,1813
01-09-2021 22:00,1726
01-09-2021 23:00,1628
02-09-2021 00:00,1499
02-09-2021 01:00,1397
02-09-2021 02:00,1385
02-09-2021 03:00,1407
02-09-2021 04:00,1411
02-09-2021 05:00,1425
02-09-2021 06:00,1512
02-09-2021 07:00,1701
02-09-2021 08:00,1974
02-09-2021 09:00,2153
02-09-2021 10:00,2174
02-09-2021 11:00,2177
02-09-2021 12:00,2072
02-09-2021 13:00,2128
02-09-2021 14:00,2129
02-09-2021 15:00,2100
02-09-2021 16:00,2068
02-09-2021 17:00,1985
02-09-2021 18:00,1924
02-09-2021 19:00,1819
02-09-2021 20:00,1699
02-09-2021 21:00,1615
02-09-2021 22:00,1536
02-09-2021 23:00,1467
03-09-2021 00:00,1348
03-09-2021 01:00,1275
03-09-2021 02:00,1287
03-09-2021 03:00,1313
03-09-2021 04:00,1323
03-09-2021 05:00,1334
03-09-2021 06:00,1392
03-09-2021 07:00,1541
03-09-2021 08:00,1783
03-09-2021 09:00,1957
03-09-2021 10:00,1996
03-09-2021 11:00,1993
03-09-2021 12:00,1879
03-09-2021 13:00,1929
03-09-2021 14:00,1939
03-09-2021 15:00,1910
03-09-2021 16:00,1894
03-09-2021 17:00,1824
03-09-2021 18:00,1794
03-09-2021 19:00,1720
03-09-2021 20:00,1616
03-09-2021 21:00,1535
03-09-2021 22:00,1473
03-09-2021 23:00,1411
04-09-2021 00:00,1311
04-09-2021 01:00,1248
04-09-2021 02:00,1253
04-09-2021 03:00,1286
04-09-2021 04:00,1299
04-09-2021 05:00,1275
04-09-2021 06:00,1266
04-09-2021 07:00,1349
04-09-2021 08:00,1490
04-09-2021 09:00,1617
04-09-2021 10:00,1658
04-09-2021 11:00,1692
04-09-2021 12:00,1678
04-09-2021 13:00,1669
04-09-2021 14:00,1654
04-09-2021 15:00,1662
04-09-2021 16:00,1654
04-09-2021 17:00,1632
04-09-2021 18:00,1629
04-09-2021 19:00,1590
04-09-2021 20:00,1492
04-09-2021 21:00,1424
04-09-2021 22:00,1369
04-09-2021 23:00,1313
05-09-2021 00:00,1223
05-09-2021 01:00,1155
05-09-2021 02:00,1164
05-09-2021 03:00,1210
05-09-2021 04:00,1213
05-09-2021 05:00,1189
05-09-2021 06:00,1164
05-09-2021 07:00,1229
05-09-2021 08:00,1352
05-09-2021 09:00,1459
05-09-2021 10:00,1551
05-09-2021 11:00,1594
05-09-2021 12:00,1650
05-09-2021 13:00,1675
05-09-2021 14:00,1664
05-09-2021 15:00,1648
05-09-2021 16:00,1646
05-09-2021 17:00,1646
05-09-2021 18:00,1672
05-09-2021 19:00,1640
05-09-2021 20:00,1552
05-09-2021 21:00,1474
05-09-2021 22:00,1395
05-09-2021 23:00,1332
06-09-2021 00:00,1224
06-09-2021 01:00,1162
06-09-2021 02:00,1172
06-09-2021 03:00,1214
06-09-2021 04:00,1228
06-09-2021 05:00,1240
06-09-2021 06:00,1303
06-09-2021 07:00,1483
06-09-2021 08:00,1774
06-09-2021 09:00,1992
06-09-2021 10:00,2080
06-09-2021 11:00,2132
06-09-2021 12:00,2071
06-09-2021 13:00,2147
06-09-2021 14:00,2164
06-09-2021 15:00,2122
06-09-2021 16:00,2100
06-09-2021 17:00,1974
06-09-2021 18:00,1883
06-09-2021 19:00,1781
06-09-2021 20:00,1655
06-09-2021 21:00,1564
06-09-2021 22:00,1493
06-09-2021 23:00,1424
07-09-2021 00:00,1301
07-09-2021 01:00,1231
07-09-2021 02:00,1238
07-09-2021 03:00,1290
07-09-2021 04:00,1304
07-09-2021 05:00,1307
07-09-2021 06:00,1348
07-09-2021 07:00,1507
07-09-2021 08:00,1759
07-09-2021 09:00,1936
07-09-2021 10:00,2028
07-09-2021 11:00,2073
07-09-2021 12:00,1994
07-09-2021 13:00,2058
07-09-2021 14:00,2051
07-09-2021 15:00,2019
07-09-2021 16:00,1994
07-09-2021 17:00,1918
07-09-2021 18:00,1871
07-09-2021 19:00,1777
07-09-2021 20:00,1660
07-09-2021 21:00,1572
07-09-2021 22:00,1511
07-09-2021 23:00,1442
08-09-2021 00:00,1331
08-09-2021 01:00,1263
08-09-2021 02:00,1270
08-09-2021 03:00,1314
08-09-2021 04:00,1328
08-09-2021 05:00,1332
08-09-2021 06:00,1382
08-09-2021 07:00,1540
08-09-2021 08:00,1784
08-09-2021 09:00,1947
08-09-2021 10:00,1983
08-09-2021 11:00,1986
08-09-2021 12:00,1901
08-09-2021 13:00,1980
08-09-2021 14:00,1978
08-09-2021 15:00,1984
08-09-2021 16:00,1968
08-09-2021 17:00,1895
08-09-2021 18:00,1843
08-09-2021 19:00,1757
08-09-2021 20:00,1647
08-09-2021 21:00,1570
08-09-2021 22:00,1509
08-09-2021 23:00,1437
09-09-2021 00:00,1340
09-09-2021 01:00,1261
09-09-2021 02:00,1273
09-09-2021 03:00,1322
09-09-2021 04:00,1346
09-09-2021 05:00,1351
09-09-2021 06:00,1421
09-09-2021 07:00,1564
09-09-2021 08:00,1768
09-09-2021 09:00,1910
09-09-2021 10:00,1989
09-09-2021 11:00,2065
09-09-2021 12:00,2020
09-09-2021 13:00,2112
09-09-2021 14:00,2123
09-09-2021 15:00,2113
09-09-2021 16:00,2094
09-09-2021 17:00,1995
09-09-2021 18:00,1916
09-09-2021 19:00,1821
09-09-2021 20:00,1685
09-09-2021 21:00,1581
09-09-2021 22:00,1514
09-09-2021 23:00,1438
10-09-2021 00:00,1328
10-09-2021 01:00,1256
10-09-2021 02:00,1266
10-09-2021 03:00,1309
10-09-2021 04:00,1323
10-09-2021 05:00,1321
10-09-2021 06:00,1366
10-09-2021 07:00,1512
10-09-2021 08:00,1754
10-09-2021 09:00,1950
10-09-2021 10:00,2051
10-09-2021 11:00,2125
10-09-2021 12:00,2091
10-09-2021 13:00,2178
10-09-2021 14:00,2210
10-09-2021 15:00,2189
10-09-2021 16:00,2145
10-09-2021 17:00,1995
10-09-2021 18:00,1937
10-09-2021 19:00,1844
10-09-2021 20:00,1720
10-09-2021 21:00,1627
10-09-2021 22:00,1565
10-09-2021 23:00,1495
11-09-2021 00:00,1375
11-09-2021 01:00,1301
11-09-2021 02:00,1301
11-09-2021 03:00,1340
11-09-2021 04:00,1346
11-09-2021 05:00,1319
11-09-2021 06:00,1335
11-09-2021 07:00,1406
11-09-2021 08:00,1494
11-09-2021 09:00,1610
11-09-2021 10:00,1697
11-09-2021 11:00,1745
11-09-2021 12:00,1761
11-09-2021 13:00,1734
11-09-2021 14:00,1705
11-09-2021 15:00,1682
11-09-2021 16:00,1681
11-09-2021 17:00,1661
11-09-2021 18:00,1680
11-09-2021 19:00,1636
11-09-2021 20:00,1546
11-09-2021 21:00,1479
11-09-2021 22:00,1422
11-09-2021 23:00,1369
12-09-2021 00:00,1270
12-09-2021 01:00,1207
12-09-2021 02:00,1218
12-09-2021 03:00,1254
12-09-2021 04:00,1257
12-09-2021 05:00,1235
12-09-2021 06:00,1225
12-09-2021 07:00,1287
12-09-2021 08:00,1383
12-09-2021 09:00,1476
12-09-2021 10:00,1527
12-09-2021 11:00,1547
12-09-2021 12:00,1536
12-09-2021 13:00,1534
12-09-2021 14:00,1533
12-09-2021 15:00,1541
12-09-2021 16:00,1555
12-09-2021 17:00,1605
12-09-2021 18:00,1655
12-09-2021 19:00,1611
12-09-2021 20:00,1534
12-09-2021 21:00,1460
12-09-2021 22:00,1384
12-09-2021 23:00,1323
13-09-2021 00:00,1228
13-09-2021 01:00,1155
13-09-2021 02:00,1174
13-09-2021 03:00,1221
13-09-2021 04:00,1236
13-09-2021 05:00,1253
13-09-2021 06:00,1296
13-09-2021 07:00,1465
13-09-2021 08:00,1711
13-09-2021 09:00,1894
13-09-2021 10:00,1959
13-09-2021 11:00,1959
13-09-2021 12:00,1885
13-09-2021 13:00,2008
13-09-2021 14:00,1979
13-09-2021 15:00,1964
13-09-2021 16:00,1942
13-09-2021 17:00,1869
13-09-2021 18:00,1835
13-09-2021 19:00,1733
13-09-2021 20:00,1613
13-09-2021 21:00,1529
13-09-2021 22:00,1469
13-09-2021 23:00,1404
14-09-2021 00:00,1297
14-09-2021 01:00,1233
14-09-2021 02:00,1246
14-09-2021 03:00,1292
14-09-2021 04:00,1310
14-09-2021 05:00,1313
14-09-2021 06:00,1366
14-09-2021 07:00,1486
14-09-2021 08:00,1700
14-09-2021 09:00,1829
14-09-2021 10:00,1850
14-09-2021 11:00,1857
14-09-2021 12:00,1750
14-09-2021 13:00,1813
14-09-2021 14:00,1822
14-09-2021 15:00,1816
14-09-2021 16:00,1824
14-09-2021 17:00,1775
14-09-2021 18:00,1744
14-09-2021 19:00,1663
14-09-2021 20:00,1563
14-09-2021 21:00,1484
14-09-2021 22:00,1436
14-09-2021 23:00,1375
15-09-2021 00:00,1280
15-09-2021 01:00,1217
15-09-2021 02:00,1240
15-09-2021 03:00,1293
15-09-2021 04:00,1317
15-09-2021 05:00,1316
15-09-2021 06:00,1350
15-09-2021 07:00,1501
15-09-2021 08:00,1700
15-09-2021 09:00,1838
15-09-2021 10:00,1908
15-09-2021 11:00,1953
15-09-2021 12:00,1868
15-09-2021 13:00,1938
15-09-2021 14:00,1936
15-09-2021 15:00,1930
15-09-2021 16:00,1919
15-09-2021 17:00,1821
15-09-2021 18:00,1769
15-09-2021 19:00,1675
15-09-2021 20:00,1556
15-09-2021 21:00,1477
15-09-2021 22:00,1424
15-09-2021 23:00,1366
16-09-2021 00:00,1263
16-09-2021 01:00,1201
16-09-2021 02:00,1211
16-09-2021 03:00,1262
16-09-2021 04:00,1276
16-09-2021 05:00,1280
16-09-2021 06:00,1318
16-09-2021 07:00,1457
16-09-2021 08:00,1655
16-09-2021 09:00,1835
16-09-2021 10:00,1908
16-09-2021 11:00,1933
16-09-2021 12:00,1861
16-09-2021 13:00,1923
16-09-2021 14:00,1937
16-09-2021 15:00,1925
16-09-2021 16:00,1907
16-09-2021 17:00,1838
16-09-2021 18:00,1797
16-09-2021 19:00,1703
16-09-2021 20:00,1602
16-09-2021 21:00,1524
16-09-2021 22:00,1481
16-09-2021 23:00,1423
17-09-2021 00:00,1320
17-09-2021 01:00,1257
17-09-2021 02:00,1272
17-09-2021 03:00,1321
17-09-2021 04:00,1335
17-09-2021 05:00,1331
17-09-2021 06:00,1382
17-09-2021 07:00,1523
17-09-2021 08:00,1715
17-09-2021 09:00,1873
17-09-2021 10:00,1908
17-09-2021 11:00,1910
17-09-2021 12:00,1807
17-09-2021 13:00,1879
17-09-2021 14:00,1881
17-09-2021 15:00,1870
17-09-2021 16:00,1874
17-09-2021 17:00,1807
17-09-2021 18:00,1763
17-09-2021 19:00,1676
17-09-2021 20:00,1573
17-09-2021 21:00,1504
17-09-2021 22:00,1456
17-09-2021 23:00,1404
18-09-2021 00:00,1304
18-09-2021 01:00,1249
18-09-2021 02:00,1256
18-09-2021 03:00,1304
18-09-2021 04:00,1305
18-09-2021 05:00,1278
18-09-2021 06:00,1285
18-09-2021 07:00,1367
18-09-2021 08:00,1498
18-09-2021 09:00,1617
18-09-2021 10:00,1695
18-09-2021 11:00,1744
18-09-2021 12:00,1729
18-09-2021 13:00,1727
18-09-2021 14:00,1736
18-09-2021 15:00,1728
18-09-2021 16:00,1699
18-09-2021 17:00,1651
18-09-2021 18:00,1662
18-09-2021 19:00,1603
18-09-2021 20:00,1506
18-09-2021 21:00,1421
18-09-2021 22:00,1361
18-09-2021 23:00,1309
19-09-2021 00:00,1212
19-09-2021 01:00,1143
19-09-2021 02:00,1157
19-09-2021 03:00,1201
19-09-2021 04:00,1206
19-09-2021 05:00,1179
19-09-2021 06:00,1166
19-09-2021 07:00,1210
19-09-2021 08:00,1316
19-09-2021 09:00,1421
19-09-2021 10:00,1472
19-09-2021 11:00,1493
19-09-2021 12:00,1513
19-09-2021 13:00,1523
19-09-2021 14:00,1524
19-09-2021 15:00,1532
19-09-2021 16:00,1526
19-09-2021 17:00,1542
19-09-2021 18:00,1575
19-09-2021 19:00,1537
19-09-2021 20:00,1456
19-09-2021 21:00,1378
19-09-2021 22:00,1314
19-09-2021 23:00,1259
20-09-2021 00:00,1176
20-09-2021 01:00,1114
20-09-2021 02:00,1134
20-09-2021 03:00,1188
20-09-2021 04:00,1199
20-09-2021 05:00,1189
20-09-2021 06:00,1193
20-09-2021 07:00,1271
20-09-2021 08:00,1402
20-09-2021 09:00,1541
20-09-2021 10:00,1655
20-09-2021 11:00,1740
20-09-2021 12:00,1755
20-09-2021 13:00,1748
20-09-2021 14:00,1748
20-09-2021 15:00,1761
20-09-2021 16:00,1741
20-09-2021 17:00,1722
20-09-2021 18:00,1735
20-09-2021 19:00,1680
20-09-2021 20:00,1592
20-09-2021 21:00,1506
20-09-2021 22:00,1419
20-09-2021 23:00,1350
21-09-2021 00:00,1246
21-09-2021 01:00,1175
21-09-2021 02:00,1189
21-09-2021 03:00,1233
21-09-2021 04:00,1254
21-09-2021 05:00,1261
21-09-2021 06:00,1301
21-09-2021 07:00,1462
21-09-2021 08:00,1712
21-09-2021 09:00,1909
21-09-2021 10:00,2003
21-09-2021 11:00,2051
21-09-2021 12:00,2018
21-09-2021 13:00,2078
21-09-2021 14:00,2066
21-09-2021 15:00,2050
21-09-2021 16:00,2037
21-09-2021 17:00,1933
21-09-2021 18:00,1881
21-09-2021 19:00,1776
21-09-2021 20:00,1655
21-09-2021 21:00,1558
21-09-2021 22:00,1499
21-09-2021 23:00,1426
22-09-2021 00:00,1321
22-09-2021 01:00,1249
22-09-2021 02:00,1262
22-09-2021 03:00,1306
22-09-2021 04:00,1323
22-09-2021 05:00,1325
22-09-2021 06:00,1380
22-09-2021 07:00,1524
22-09-2021 08:00,1833
22-09-2021 09:00,2055
22-09-2021 10:00,2164
22-09-2021 11:00,2205
22-09-2021 12:00,2128
22-09-2021 13:00,2240
22-09-2021 14:00,2215
22-09-2021 15:00,2166
22-09-2021 16:00,2092
22-09-2021 17:00,1961
22-09-2021 18:00,1911
22-09-2021 19:00,1807
22-09-2021 20:00,1686
22-09-2021 21:00,1599
22-09-2021 22:00,1521
22-09-2021 23:00,1445
23-09-2021 00:00,1336
23-09-2021 01:00,1265
23-09-2021 02:00,1269
23-09-2021 03:00,1306
23-09-2021 04:00,1311
23-09-2021 05:00,1289
23-09-2021 06:00,1278
23-09-2021 07:00,1373
23-09-2021 08:00,1558
23-09-2021 09:00,1736
23-09-2021 10:00,1816
23-09-2021 11:00,1854
23-09-2021 12:00,1850
23-09-2021 13:00,1892
23-09-2021 14:00,1901
23-09-2021 15:00,1892
23-09-2021 16:00,1870
23-09-2021 17:00,1812
23-09-2021 18:00,1808
23-09-2021 19:00,1730
23-09-2021 20:00,1628
23-09-2021 21:00,1533
23-09-2021 22:00,1457
23-09-2021 23:00,1385
24-09-2021 00:00,1282
24-09-2021 01:00,1212
24-09-2021 02:00,1220
24-09-2021 03:00,1266
24-09-2021 04:00,1281
24-09-2021 05:00,1280
24-09-2021 06:00,1321
24-09-2021 07:00,1461
24-09-2021 08:00,1692
24-09-2021 09:00,1864
24-09-2021 10:00,1923
24-09-2021 11:00,1944
24-09-2021 12:00,1879
24-09-2021 13:00,1962
24-09-2021 14:00,1979
24-09-2021 15:00,1939
24-09-2021 16:00,1884
24-09-2021 17:00,1803
24-09-2021 18:00,1762
24-09-2021 19:00,1665
24-09-2021 20:00,1555
24-09-2021 21:00,1474
24-09-2021 22:00,1412
24-09-2021 23:00,1358
25-09-2021 00:00,1256
25-09-2021 01:00,1191
25-09-2021 02:00,1204
25-09-2021 03:00,1245
25-09-2021 04:00,1264
25-09-2021 05:00,1242
25-09-2021 06:00,1225
25-09-2021 07:00,1300
25-09-2021 08:00,1442
25-09-2021 09:00,1573
25-09-2021 10:00,1659
25-09-2021 11:00,1704
25-09-2021 12:00,1700
25-09-2021 13:00,1723
25-09-2021 14:00,1728
25-09-2021 15:00,1714
25-09-2021 16:00,1687
25-09-2021 17:00,1637
25-09-2021 18:00,1641
25-09-2021 19:00,1588
25-09-2021 20:00,1496
25-09-2021 21:00,1407
25-09-2021 22:00,1339
25-09-2021 23:00,1292
26-09-2021 00:00,1208
26-09-2021 01:00,1137
26-09-2021 02:00,1158
26-09-2021 03:00,1203
26-09-2021 04:00,1213
26-09-2021 05:00,1187
26-09-2021 06:00,1164
26-09-2021 07:00,1222
26-09-2021 08:00,1307
26-09-2021 09:00,1390
26-09-2021 10:00,1421
26-09-2021 11:00,1420
26-09-2021 12:00,1430
26-09-2021 13:00,1410
26-09-2021 14:00,1393
26-09-2021 15:00,1400
26-09-2021 16:00,1409
26-09-2021 17:00,1458
26-09-2021 18:00,1487
26-09-2021 19:00,1443
26-09-2021 20:00,1375
26-09-2021 21:00,1299
26-09-2021 22:00,1233
26-09-2021 23:00,1186
27-09-2021 00:00,1113
27-09-2021 01:00,1069
27-09-2021 02:00,1091
27-09-2021 03:00,1158
27-09-2021 04:00,1185
27-09-2021 05:00,1193
27-09-2021 06:00,1243
27-09-2021 07:00,1379
27-09-2021 08:00,1574
27-09-2021 09:00,1739
27-09-2021 10:00,1822
27-09-2021 11:00,1874
27-09-2021 12:00,1826
27-09-2021 13:00,1915
27-09-2021 14:00,1940
27-09-2021 15:00,1932
27-09-2021 16:00,1898
27-09-2021 17:00,1803
27-09-2021 18:00,1765
27-09-2021 19:00,1659
27-09-2021 20:00,1545
27-09-2021 21:00,1466
27-09-2021 22:00,1398
27-09-2021 23:00,1335
28-09-2021 00:00,1234
28-09-2021 01:00,1175
28-09-2021 02:00,1192
28-09-2021 03:00,1253
28-09-2021 04:00,1267
28-09-2021 05:00,1277
28-09-2021 06:00,1306
28-09-2021 07:00,1436
28-09-2021 08:00,1622
28-09-2021 09:00,1777
28-09-2021 10:00,1864
28-09-2021 11:00,1884
28-09-2021 12:00,1806
28-09-2021 13:00,1895
28-09-2021 14:00,1894
28-09-2021 15:00,1897
28-09-2021 16:00,1888
28-09-2021 17:00,1825
28-09-2021 18:00,1789
28-09-2021 19:00,1684
28-09-2021 20:00,1578
28-09-2021 21:00,1491
28-09-2021 22:00,1429
28-09-2021 23:00,1366
29-09-2021 00:00,1263
29-09-2021 01:00,1189
29-09-2021 02:00,1208
29-09-2021 03:00,1258
29-09-2021 04:00,1277
29-09-2021 05:00,1269
29-09-2021 06:00,1310
29-09-2021 07:00,1443
29-09-2021 08:00,1673
29-09-2021 09:00,1844
29-09-2021 10:00,1961
29-09-2021 11:00,1982
29-09-2021 12:00,1930
29-09-2021 13:00,2003
29-09-2021 14:00,1982
29-09-2021 15:00,1967
29-09-2021 16:00,1937
29-09-2021 17:00,1857
29-09-2021 18:00,1817
29-09-2021 19:00,1716
29-09-2021 20:00,1598
29-09-2021 21:00,1502
29-09-2021 22:00,1435
29-09-2021 23:00,1374
30-09-2021 00:00,1268
30-09-2021 01:00,1193
30-09-2021 02:00,1212
30-09-2021 03:00,1262
30-09-2021 04:00,1278
30-09-2021 05:00,1276
30-09-2021 06:00,1321
30-09-2021 07:00,1456
30-09-2021 08:00,1691
30-09-2021 09:00,1866
30-09-2021 10:00,1932
30-09-2021 11:00,1962
30-09-2021 12:00,1901
30-09-2021 13:00,1946
30-09-2021 14:00,1931
30-09-2021 15:00,1906
30-09-2021 16:00,1892
30-09-2021 17:00,1831
30-09-2021 18:00,1798
30-09-2021 19:00,1697
30-09-2021 20:00,1590
30-09-2021 21:00,1515
30-09-2021 22:00,1451
30-09-2021 23:00,1389
01-10-2021 00:00,1284
01-10-2021 01:00,1214
01-10-2021 02:00,1226
01-10-2021 03:00,1278
01-10-2021 04:00,1290
01-10-2021 05:00,1294
01-10-2021 06:00,1328
01-10-2021 07:00,1460
01-10-2021 08:00,1677
01-10-2021 09:00,1848
01-10-2021 10:00,1899
01-10-2021 11:00,1924
01-10-2021 12:00,1830
01-10-2021 13:00,1876
01-10-2021 14:00,1857
01-10-2021 15:00,1847
01-10-2021 16:00,1847
01-10-2021 17:00,1761
01-10-2021 18:00,1723
01-10-2021 19:00,1640
01-10-2021 20:00,1542
01-10-2021 21:00,1453
01-10-2021 22:00,1376
01-10-2021 23:00,1319
02-10-2021 00:00,1220
02-10-2021 01:00,1159
02-10-2021 02:00,1173
02-10-2021 03:00,1218
02-10-2021 04:00,1239
02-10-2021 05:00,1209
02-10-2021 06:00,1180
02-10-2021 07:00,1249
02-10-2021 08:00,1385
02-10-2021 09:00,1508
02-10-2021 10:00,1569
02-10-2021 11:00,1606
02-10-2021 12:00,1610
02-10-2021 13:00,1636
02-10-2021 14:00,1643
02-10-2021 15:00,1635
02-10-2021 16:00,1613
02-10-2021 17:00,1571
02-10-2021 18:00,1576
02-10-2021 19:00,1521
02-10-2021 20:00,1443
02-10-2021 21:00,1344
02-10-2021 22:00,1272
02-10-2021 23:00,1224
03-10-2021 00:00,1131
03-10-2021 01:00,1075
03-10-2021 02:00,1095
03-10-2021 03:00,1150
03-10-2021 04:00,1168
03-10-2021 05:00,1146
03-10-2021 06:00,1113
03-10-2021 07:00,1170
03-10-2021 08:00,1244
03-10-2021 09:00,1346
03-10-2021 10:00,1416
03-10-2021 11:00,1473
03-10-2021 12:00,1511
03-10-2021 13:00,1530
03-10-2021 14:00,1533
03-10-2021 15:00,1539
03-10-2021 16:00,1549
03-10-2021 17:00,1550
03-10-2021 18:00,1566
03-10-2021 19:00,1514
03-10-2021 20:00,1438
03-10-2021 21:00,1352
03-10-2021 22:00,1282
03-10-2021 23:00,1228
04-10-2021 00:00,1139
04-10-2021 01:00,1087
04-10-2021 02:00,1109
04-10-2021 03:00,1169
04-10-2021 04:00,1191
04-10-2021 05:00,1197
04-10-2021 06:00,1244
04-10-2021 07:00,1390
04-10-2021 08:00,1636
04-10-2021 09:00,1862
04-10-2021 10:00,1966
04-10-2021 11:00,2021
04-10-2021 12:00,1976
04-10-2021 13:00,2079
04-10-2021 14:00,2080
04-10-2021 15:00,2060
04-10-2021 16:00,2029
04-10-2021 17:00,1913
04-10-2021 18:00,1854
04-10-2021 19:00,1740
04-10-2021 20:00,1638
04-10-2021 21:00,1550
04-10-2021 22:00,1467
04-10-2021 23:00,1396
05-10-2021 00:00,1286
05-10-2021 01:00,1214
05-10-2021 02:00,1225
05-10-2021 03:00,1282
05-10-2021 04:00,1299
05-10-2021 05:00,1299
05-10-2021 06:00,1336
05-10-2021 07:00,1482
05-10-2021 08:00,1722
05-10-2021 09:00,1920
05-10-2021 10:00,2003
05-10-2021 11:00,2035
05-10-2021 12:00,1973
05-10-2021 13:00,2067
05-10-2021 14:00,2074
05-10-2021 15:00,2054
05-10-2021 16:00,2029
05-10-2021 17:00,1907
05-10-2021 18:00,1845
05-10-2021 19:00,1730
05-10-2021 20:00,1621
05-10-2021 21:00,1533
05-10-2021 22:00,1451
05-10-2021 23:00,1374
06-10-2021 00:00,1266
06-10-2021 01:00,1206
06-10-2021 02:00,1215
06-10-2021 03:00,1272
06-10-2021 04:00,1287
06-10-2021 05:00,1290
06-10-2021 06:00,1318
06-10-2021 07:00,1468
06-10-2021 08:00,1698
06-10-2021 09:00,1899
06-10-2021 10:00,1949
06-10-2021 11:00,1919
06-10-2021 12:00,1866
06-10-2021 13:00,1964
06-10-2021 14:00,1979
06-10-2021 15:00,1961
06-10-2021 16:00,1933
06-10-2021 17:00,1830
06-10-2021 18:00,1782
06-10-2021 19:00,1688
06-10-2021 20:00,1590
06-10-2021 21:00,1506
06-10-2021 22:00,1439
06-10-2021 23:00,1372
07-10-2021 00:00,1265
07-10-2021 01:00,1202
07-10-2021 02:00,1224
07-10-2021 03:00,1276
07-10-2021 04:00,1303
07-10-2021 05:00,1304
07-10-2021 06:00,1330
07-10-2021 07:00,1463
07-10-2021 08:00,1672
07-10-2021 09:00,1865
07-10-2021 10:00,1965
07-10-2021 11:00,2007
07-10-2021 12:00,1969
07-10-2021 13:00,2079
07-10-2021 14:00,2095
07-10-2021 15:00,2074
07-10-2021 16:00,2034
07-10-2021 17:00,1931
07-10-2021 18:00,1882
07-10-2021 19:00,1776
07-10-2021 20:00,1671
07-10-2021 21:00,1577
07-10-2021 22:00,1502
07-10-2021 23:00,1430
08-10-2021 00:00,1321
08-10-2021 01:00,1251
08-10-2021 02:00,1255
08-10-2021 03:00,1308
08-10-2021 04:00,1318
08-10-2021 05:00,1311
08-10-2021 06:00,1356
08-10-2021 07:00,1498
08-10-2021 08:00,1729
08-10-2021 09:00,1928
08-10-2021 10:00,2016
08-10-2021 11:00,2040
08-10-2021 12:00,1983
08-10-2021 13:00,2081
08-10-2021 14:00,2086
08-10-2021 15:00,2068
08-10-2021 16:00,2029
08-10-2021 17:00,1900
08-10-2021 18:00,1843
08-10-2021 19:00,1734
08-10-2021 20:00,1639
08-10-2021 21:00,1554
08-10-2021 22:00,1488
08-10-2021 23:00,1417
09-10-2021 00:00,1301
09-10-2021 01:00,1223
09-10-2021 02:00,1231
09-10-2021 03:00,1279
09-10-2021 04:00,1285
09-10-2021 05:00,1259
09-10-2021 06:00,1249
09-10-2021 07:00,1320
09-10-2021 08:00,1467
09-10-2021 09:00,1614
09-10-2021 10:00,1706
09-10-2021 11:00,1749
09-10-2021 12:00,1768
09-10-2021 13:00,1778
09-10-2021 14:00,1779
09-10-2021 15:00,1753
09-10-2021 16:00,1720
09-10-2021 17:00,1690
09-10-2021 18:00,1698
09-10-2021 19:00,1640
09-10-2021 20:00,1567
09-10-2021 21:00,1472
09-10-2021 22:00,1373
09-10-2021 23:00,1312
10-10-2021 00:00,1211
10-10-2021 01:00,1153
10-10-2021 02:00,1165
10-10-2021 03:00,1208
10-10-2021 04:00,1215
10-10-2021 05:00,1187
10-10-2021 06:00,1162
10-10-2021 07:00,1235
10-10-2021 08:00,1358
10-10-2021 09:00,1482
10-10-2021 10:00,1555
10-10-2021 11:00,1588
10-10-2021 12:00,1622
10-10-2021 13:00,1640
10-10-2021 14:00,1646
10-10-2021 15:00,1635
10-10-2021 16:00,1634
10-10-2021 17:00,1657
10-10-2021 18:00,1679
10-10-2021 19:00,1633
10-10-2021 20:00,1560
10-10-2021 21:00,1464
10-10-2021 22:00,1369
10-10-2021 23:00,1295
11-10-2021 00:00,1197
11-10-2021 01:00,1136
11-10-2021 02:00,1153
11-10-2021 03:00,1206
11-10-2021 04:00,1235
11-10-2021 05:00,1244
11-10-2021 06:00,1305
11-10-2021 07:00,1474
11-10-2021 08:00,1705
11-10-2021 09:00,1891
11-10-2021 10:00,1992
11-10-2021 11:00,2023
11-10-2021 12:00,1928
11-10-2021 13:00,2030
11-10-2021 14:00,2036
11-10-2021 15:00,1986
11-10-2021 16:00,1960
11-10-2021 17:00,1915
11-10-2021 18:00,1875
11-10-2021 19:00,1770
11-10-2021 20:00,1671
11-10-2021 21:00,1585
11-10-2021 22:00,1509
11-10-2021 23:00,1432
12-10-2021 00:00,1318
12-10-2021 01:00,1251
12-10-2021 02:00,1265
12-10-2021 03:00,1313
12-10-2021 04:00,1327
12-10-2021 05:00,1327
12-10-2021 06:00,1378
12-10-2021 07:00,1524
12-10-2021 08:00,1728
12-10-2021 09:00,1883
12-10-2021 10:00,1938
12-10-2021 11:00,1939
12-10-2021 12:00,1911
12-10-2021 13:00,2030
12-10-2021 14:00,2052
12-10-2021 15:00,2021
12-10-2021 16:00,1964
12-10-2021 17:00,1901
12-10-2021 18:00,1845
12-10-2021 19:00,1741
12-10-2021 20:00,1635
12-10-2021 21:00,1556
12-10-2021 22:00,1475
12-10-2021 23:00,1403
13-10-2021 00:00,1301
13-10-2021 01:00,1234
13-10-2021 02:00,1252
13-10-2021 03:00,1301
13-10-2021 04:00,1320
13-10-2021 05:00,1320
13-10-2021 06:00,1367
13-10-2021 07:00,1491
13-10-2021 08:00,1720
13-10-2021 09:00,1907
13-10-2021 10:00,1945
13-10-2021 11:00,1949
13-10-2021 12:00,1893
13-10-2021 13:00,1961
13-10-2021 14:00,1958
13-10-2021 15:00,1933
13-10-2021 16:00,1909
13-10-2021 17:00,1843
13-10-2021 18:00,1786
13-10-2021 19:00,1691
13-10-2021 20:00,1595
13-10-2021 21:00,1509
13-10-2021 22:00,1447
13-10-2021 23:00,1380
14-10-2021 00:00,1279
14-10-2021 01:00,1219
14-10-2021 02:00,1234
14-10-2021 03:00,1292
14-10-2021 04:00,1309
14-10-2021 05:00,1309
14-10-2021 06:00,1344
14-10-2021 07:00,1460
14-10-2021 08:00,1656
14-10-2021 09:00,1814
14-10-2021 10:00,1881
14-10-2021 11:00,1901
14-10-2021 12:00,1837
14-10-2021 13:00,1920
14-10-2021 14:00,1921
14-10-2021 15:00,1909
14-10-2021 16:00,1880
14-10-2021 17:00,1804
14-10-2021 18:00,1763
14-10-2021 19:00,1658
14-10-2021 20:00,1561
14-10-2021 21:00,1483
14-10-2021 22:00,1416
14-10-2021 23:00,1351
15-10-2021 00:00,1258
15-10-2021 01:00,1199
15-10-2021 02:00,1216
15-10-2021 03:00,1273
15-10-2021 04:00,1301
15-10-2021 05:00,1299
15-10-2021 06:00,1321
15-10-2021 07:00,1429
15-10-2021 08:00,1610
15-10-2021 09:00,1758
15-10-2021 10:00,1834
15-10-2021 11:00,1875
15-10-2021 12:00,1816
15-10-2021 13:00,1905
15-10-2021 14:00,1921
15-10-2021 15:00,1910
15-10-2021 16:00,1874
15-10-2021 17:00,1782
15-10-2021 18:00,1731
15-10-2021 19:00,1639
15-10-2021 20:00,1548
15-10-2021 21:00,1474
15-10-2021 22:00,1409
15-10-2021 23:00,1347
16-10-2021 00:00,1248
16-10-2021 01:00,1184
16-10-2021 02:00,1207
16-10-2021 03:00,1262
16-10-2021 04:00,1275
16-10-2021 05:00,1248
16-10-2021 06:00,1214
16-10-2021 07:00,1269
16-10-2021 08:00,1398
16-10-2021 09:00,1510
16-10-2021 10:00,1586
16-10-2021 11:00,1640
16-10-2021 12:00,1636
16-10-2021 13:00,1650
16-10-2021 14:00,1643
16-10-2021 15:00,1632
16-10-2021 16:00,1617
16-10-2021 17:00,1628
16-10-2021 18:00,1614
16-10-2021 19:00,1571
16-10-2021 20:00,1501
16-10-2021 21:00,1389
16-10-2021 22:00,1303
16-10-2021 23:00,1256
17-10-2021 00:00,1163
17-10-2021 01:00,1108
17-10-2021 02:00,1122
17-10-2021 03:00,1176
17-10-2021 04:00,1194
17-10-2021 05:00,1165
17-10-2021 06:00,1129
17-10-2021 07:00,1172
17-10-2021 08:00,1240
17-10-2021 09:00,1304
17-10-2021 10:00,1321
17-10-2021 11:00,1307
17-10-2021 12:00,1319
17-10-2021 13:00,1291
17-10-2021 14:00,1292
17-10-2021 15:00,1282
17-10-2021 16:00,1326
17-10-2021 17:00,1402
17-10-2021 18:00,1429
17-10-2021 19:00,1405
17-10-2021 20:00,1350
17-10-2021 21:00,1284
17-10-2021 22:00,1232
17-10-2021 23:00,1178
18-10-2021 00:00,1113
18-10-2021 01:00,1051
18-10-2021 02:00,1101
18-10-2021 03:00,1177
18-10-2021 04:00,1210
18-10-2021 05:00,1228
18-10-2021 06:00,1270
18-10-2021 07:00,1360
18-10-2021 08:00,1512
18-10-2021 09:00,1620
18-10-2021 10:00,1650
18-10-2021 11:00,1638
18-10-2021 12:00,1565
18-10-2021 13:00,1651
18-10-2021 14:00,1654
18-10-2021 15:00,1649
18-10-2021 16:00,1662
18-10-2021 17:00,1666
18-10-2021 18:00,1641
18-10-2021 19:00,1565
18-10-2021 20:00,1486
18-10-2021 21:00,1419
18-10-2021 22:00,1366
18-10-2021 23:00,1311
19-10-2021 00:00,1212
19-10-2021 01:00,1162
19-10-2021 02:00,1196
19-10-2021 03:00,1280
19-10-2021 04:00,1298
19-10-2021 05:00,1290
19-10-2021 06:00,1324
19-10-2021 07:00,1426
19-10-2021 08:00,1565
19-10-2021 09:00,1659
19-10-2021 10:00,1680
19-10-2021 11:00,1683
19-10-2021 12:00,1607
19-10-2021 13:00,1692
19-10-2021 14:00,1694
19-10-2021 15:00,1680
19-10-2021 16:00,1687
19-10-2021 17:00,1679
19-10-2021 18:00,1658
19-10-2021 19:00,1586
19-10-2021 20:00,1510
19-10-2021 21:00,1446
19-10-2021 22:00,1388
19-10-2021 23:00,1327
20-10-2021 00:00,1228
20-10-2021 01:00,1175
20-10-2021 02:00,1214
20-10-2021 03:00,1285
20-10-2021 04:00,1307
20-10-2021 05:00,1306
20-10-2021 06:00,1333
20-10-2021 07:00,1431
20-10-2021 08:00,1556
20-10-2021 09:00,1648
20-10-2021 10:00,1655
20-10-2021 11:00,1650
20-10-2021 12:00,1563
20-10-2021 13:00,1641
20-10-2021 14:00,1654
20-10-2021 15:00,1633
20-10-2021 16:00,1659
20-10-2021 17:00,1671
20-10-2021 18:00,1665
20-10-2021 19:00,1601
20-10-2021 20:00,1534
20-10-2021 21:00,1464
20-10-2021 22:00,1402
20-10-2021 23:00,1342
21-10-2021 00:00,1243
21-10-2021 01:00,1190
21-10-2021 02:00,1235
21-10-2021 03:00,1315
21-10-2021 04:00,1342
21-10-2021 05:00,1341
21-10-2021 06:00,1381
21-10-2021 07:00,1461
21-10-2021 08:00,1606
21-10-2021 09:00,1687
21-10-2021 10:00,1685
21-10-2021 11:00,1683
21-10-2021 12:00,1612
21-10-2021 13:00,1677
21-10-2021 14:00,1685
21-10-2021 15:00,1679
21-10-2021 16:00,1689
21-10-2021 17:00,1709
21-10-2021 18:00,1694
21-10-2021 19:00,1626
21-10-2021 20:00,1561
21-10-2021 21:00,1496
21-10-2021 22:00,1437
21-10-2021 23:00,1364
22-10-2021 00:00,1259
22-10-2021 01:00,1206
22-10-2021 02:00,1248
22-10-2021 03:00,1329
22-10-2021 04:00,1355
22-10-2021 05:00,1342
22-10-2021 06:00,1390
22-10-2021 07:00,1486
22-10-2021 08:00,1597
22-10-2021 09:00,1688
22-10-2021 10:00,1683
22-10-2021 11:00,1672
22-10-2021 12:00,1586
22-10-2021 13:00,1641
22-10-2021 14:00,1646
22-10-2021 15:00,1645
22-10-2021 16:00,1660
22-10-2021 17:00,1649
22-10-2021 18:00,1626
22-10-2021 19:00,1566
22-10-2021 20:00,1505
22-10-2021 21:00,1441
22-10-2021 22:00,1391
22-10-2021 23:00,1325
23-10-2021 00:00,1233
23-10-2021 01:00,1183
23-10-2021 02:00,1218
23-10-2021 03:00,1290
23-10-2021 04:00,1302
23-10-2021 05:00,1279
23-10-2021 06:00,1253
23-10-2021 07:00,1294
23-10-2021 08:00,1373
23-10-2021 09:00,1437
23-10-2021 10:00,1422
23-10-2021 11:00,1419
23-10-2021 12:00,1400
23-10-2021 13:00,1403
23-10-2021 14:00,1397
23-10-2021 15:00,1400
23-10-2021 16:00,1435
23-10-2021 17:00,1506
23-10-2021 18:00,1524
23-10-2021 19:00,1497
23-10-2021 20:00,1455
23-10-2021 21:00,1385
23-10-2021 22:00,1314
23-10-2021 23:00,1261
24-10-2021 00:00,1175
24-10-2021 01:00,1127
24-10-2021 02:00,1163
24-10-2021 03:00,1244
24-10-2021 04:00,1259
24-10-2021 05:00,1238
24-10-2021 06:00,1209
24-10-2021 07:00,1229
24-10-2021 08:00,1282
24-10-2021 09:00,1324
24-10-2021 10:00,1343
24-10-2021 11:00,1332
24-10-2021 12:00,1325
24-10-2021 13:00,1332
24-10-2021 14:00,1320
24-10-2021 15:00,1308
24-10-2021 16:00,1358
24-10-2021 17:00,1469
24-10-2021 18:00,1505
24-10-2021 19:00,1474
24-10-2021 20:00,1435
24-10-2021 21:00,1366
24-10-2021 22:00,1295
24-10-2021 23:00,1243
25-10-2021 00:00,1157
25-10-2021 01:00,1119
25-10-2021 02:00,1164
25-10-2021 03:00,1241
25-10-2021 04:00,1263
25-10-2021 05:00,1255
25-10-2021 06:00,1313
25-10-2021 07:00,1477
25-10-2021 08:00,1657
25-10-2021 09:00,1803
25-10-2021 10:00,1826
25-10-2021 11:00,1824
25-10-2021 12:00,1736
25-10-2021 13:00,1806
25-10-2021 14:00,1815
25-10-2021 15:00,1804
25-10-2021 16:00,1814
25-10-2021 17:00,1799
25-10-2021 18:00,1763
25-10-2021 19:00,1689
25-10-2021 20:00,1611
25-10-2021 21:00,1534
25-10-2021 22:00,1453
25-10-2021 23:00,1368
26-10-2021 00:00,1267
26-10-2021 01:00,1221
26-10-2021 02:00,1263
26-10-2021 03:00,1329
26-10-2021 04:00,1351
26-10-2021 05:00,1347
26-10-2021 06:00,1378
26-10-2021 07:00,1475
26-10-2021 08:00,1605
26-10-2021 09:00,1716
26-10-2021 10:00,1731
26-10-2021 11:00,1704
26-10-2021 12:00,1622
26-10-2021 13:00,1686
26-10-2021 14:00,1679
26-10-2021 15:00,1671
26-10-2021 16:00,1675
26-10-2021 17:00,1685
26-10-2021 18:00,1671
26-10-2021 19:00,1604
26-10-2021 20:00,1542
26-10-2021 21:00,1461
26-10-2021 22:00,1417
26-10-2021 23:00,1342
27-10-2021 00:00,1249
27-10-2021 01:00,1199
27-10-2021 02:00,1251
27-10-2021 03:00,1323
27-10-2021 04:00,1340
27-10-2021 05:00,1329
27-10-2021 06:00,1367
27-10-2021 07:00,1471
27-10-2021 08:00,1589
27-10-2021 09:00,1680
27-10-2021 10:00,1689
27-10-2021 11:00,1684
27-10-2021 12:00,1597
27-10-2021 13:00,1658
27-10-2021 14:00,1655
27-10-2021 15:00,1656
27-10-2021 16:00,1659
27-10-2021 17:00,1668
27-10-2021 18:00,1651
27-10-2021 19:00,1591
27-10-2021 20:00,1526
27-10-2021 21:00,1460
27-10-2021 22:00,1406
27-10-2021 23:00,1343
28-10-2021 00:00,1240
28-10-2021 01:00,1198
28-10-2021 02:00,1245
28-10-2021 03:00,1314
28-10-2021 04:00,1342
28-10-2021 05:00,1334
28-10-2021 06:00,1359
28-10-2021 07:00,1443
28-10-2021 08:00,1561
28-10-2021 09:00,1653
28-10-2021 10:00,1658
28-10-2021 11:00,1655
28-10-2021 12:00,1573
28-10-2021 13:00,1637
28-10-2021 14:00,1633
28-10-2021 15:00,1629
28-10-2021 16:00,1650
28-10-2021 17:00,1675
28-10-2021 18:00,1657
28-10-2021 19:00,1589
28-10-2021 20:00,1523
28-10-2021 21:00,1457
28-10-2021 22:00,1396
28-10-2021 23:00,1331
29-10-2021 00:00,1237
29-10-2021 01:00,1196
29-10-2021 02:00,1239
29-10-2021 03:00,1305
29-10-2021 04:00,1335
29-10-2021 05:00,1334
29-10-2021 06:00,1371
29-10-2021 07:00,1442
29-10-2021 08:00,1557
29-10-2021 09:00,1629
29-10-2021 10:00,1632
29-10-2021 11:00,1636
29-10-2021 12:00,1556
29-10-2021 13:00,1611
29-10-2021 14:00,1611
29-10-2021 15:00,1617
29-10-2021 16:00,1631
29-10-2021 17:00,1644
29-10-2021 18:00,1627
29-10-2021 19:00,1573
29-10-2021 20:00,1513
29-10-2021 21:00,1453
29-10-2021 22:00,1400
29-10-2021 23:00,1339
30-10-2021 00:00,1238
30-10-2021 01:00,1193
30-10-2021 02:00,1236
30-10-2021 03:00,1306
30-10-2021 04:00,1318
30-10-2021 05:00,1287
30-10-2021 06:00,1264
30-10-2021 07:00,1303
30-10-2021 08:00,1373
30-10-2021 09:00,1416
30-10-2021 10:00,1417
30-10-2021 11:00,1413
30-10-2021 12:00,1377
30-10-2021 13:00,1389
30-10-2021 14:00,1384
30-10-2021 15:00,1391
30-10-2021 16:00,1407
30-10-2021 17:00,1470
30-10-2021 18:00,1483
30-10-2021 19:00,1454
30-10-2021 20:00,1407
30-10-2021 21:00,1344
30-10-2021 22:00,1276
30-10-2021 23:00,1220
31-10-2021 00:00,1144
31-10-2021 01:00,1100
31-10-2021 02:00,1149
31-10-2021 03:00,1215
31-10-2021 04:00,1213
31-10-2021 05:00,1169
31-10-2021 06:00,1133
31-10-2021 07:00,1192
31-10-2021 08:00,1275
31-10-2021 09:00,1299
31-10-2021 10:00,1289
31-10-2021 11:00,1279
31-10-2021 12:00,1285
31-10-2021 13:00,1292
31-10-2021 14:00,1287
31-10-2021 15:00,1296
31-10-2021 16:00,1324
31-10-2021 17:00,1419
31-10-2021 18:00,1441
31-10-2021 19:00,1414
31-10-2021 20:00,1377
31-10-2021 21:00,1313
31-10-2021 22:00,1242
31-10-2021 23:00,1195
01-11-2021 00:00,1121
01-11-2021 01:00,1091
01-11-2021 02:00,1140
01-11-2021 03:00,1206
01-11-2021 04:00,1230
01-11-2021 05:00,1228
01-11-2021 06:00,1268
01-11-2021 07:00,1383
01-11-2021 08:00,1534
01-11-2021 09:00,1635
01-11-2021 10:00,1658
01-11-2021 11:00,1661
01-11-2021 12:00,1596
01-11-2021 13:00,1671
01-11-2021 14:00,1660
01-11-2021 15:00,1666
01-11-2021 16:00,1661
01-11-2021 17:00,1675
01-11-2021 18:00,1640
01-11-2021 19:00,1572
01-11-2021 20:00,1500
01-11-2021 21:00,1428
01-11-2021 22:00,1366
01-11-2021 23:00,1305
02-11-2021 00:00,1217
02-11-2021 01:00,1169
02-11-2021 02:00,1223
02-11-2021 03:00,1288
02-11-2021 04:00,1316
02-11-2021 05:00,1309
02-11-2021 06:00,1344
02-11-2021 07:00,1441
02-11-2021 08:00,1586
02-11-2021 09:00,1676
02-11-2021 10:00,1699
02-11-2021 11:00,1693
02-11-2021 12:00,1605
02-11-2021 13:00,1690
02-11-2021 14:00,1688
02-11-2021 15:00,1675
02-11-2021 16:00,1671
02-11-2021 17:00,1672
02-11-2021 18:00,1643
02-11-2021 19:00,1577
02-11-2021 20:00,1514
02-11-2021 21:00,1444
02-11-2021 22:00,1387
02-11-2021 23:00,1335
03-11-2021 00:00,1239
03-11-2021 01:00,1195
03-11-2021 02:00,1245
03-11-2021 03:00,1314
03-11-2021 04:00,1328
03-11-2021 05:00,1297
03-11-2021 06:00,1278
03-11-2021 07:00,1332
03-11-2021 08:00,1416
03-11-2021 09:00,1482
03-11-2021 10:00,1493
03-11-2021 11:00,1501
03-11-2021 12:00,1455
03-11-2021 13:00,1473
03-11-2021 14:00,1469
03-11-2021 15:00,1479
03-11-2021 16:00,1505
03-11-2021 17:00,1559
03-11-2021 18:00,1571
03-11-2021 19:00,1533
03-11-2021 20:00,1492
03-11-2021 21:00,1427
03-11-2021 22:00,1363
03-11-2021 23:00,1311
04-11-2021 00:00,1221
04-11-2021 01:00,1190
04-11-2021 02:00,1244
04-11-2021 03:00,1317
04-11-2021 04:00,1350
04-11-2021 05:00,1340
04-11-2021 06:00,1381
04-11-2021 07:00,1468
04-11-2021 08:00,1593
04-11-2021 09:00,1676
04-11-2021 10:00,1684
04-11-2021 11:00,1685
04-11-2021 12:00,1594
04-11-2021 13:00,1670
04-11-2021 14:00,1667
04-11-2021 15:00,1659
04-11-2021 16:00,1673
04-11-2021 17:00,1688
04-11-2021 18:00,1666
04-11-2021 19:00,1602
04-11-2021 20:00,1542
04-11-2021 21:00,1483
04-11-2021 22:00,1421
04-11-2021 23:00,1357
05-11-2021 00:00,1254
05-11-2021 01:00,1213
05-11-2021 02:00,1259
05-11-2021 03:00,1327
05-11-2021 04:00,1353
05-11-2021 05:00,1344
05-11-2021 06:00,1396
05-11-2021 07:00,1488
05-11-2021 08:00,1607
05-11-2021 09:00,1688
05-11-2021 10:00,1687
05-11-2021 11:00,1686
05-11-2021 12:00,1588
05-11-2021 13:00,1644
05-11-2021 14:00,1651
05-11-2021 15:00,1657
05-11-2021 16:00,1666
05-11-2021 17:00,1668
05-11-2021 18:00,1638
05-11-2021 19:00,1582
05-11-2021 20:00,1522
05-11-2021 21:00,1454
05-11-2021 22:00,1403
05-11-2021 23:00,1336
06-11-2021 00:00,1247
06-11-2021 01:00,1205
06-11-2021 02:00,1249
06-11-2021 03:00,1319
06-11-2021 04:00,1333
06-11-2021 05:00,1306
06-11-2021 06:00,1292
06-11-2021 07:00,1343
06-11-2021 08:00,1419
06-11-2021 09:00,1467
06-11-2021 10:00,1470
06-11-2021 11:00,1449
06-11-2021 12:00,1430
06-11-2021 13:00,1451
06-11-2021 14:00,1431
06-11-2021 15:00,1421
06-11-2021 16:00,1450
06-11-2021 17:00,1513
06-11-2021 18:00,1514
06-11-2021 19:00,1488
06-11-2021 20:00,1441
06-11-2021 21:00,1373
06-11-2021 22:00,1298
06-11-2021 23:00,1251
07-11-2021 00:00,1167
07-11-2021 01:00,1115
07-11-2021 02:00,1166
07-11-2021 03:00,1239
07-11-2021 04:00,1239
07-11-2021 05:00,1205
07-11-2021 06:00,1174
07-11-2021 07:00,1215
07-11-2021 08:00,1273
07-11-2021 09:00,1304
07-11-2021 10:00,1307
07-11-2021 11:00,1306
07-11-2021 12:00,1312
07-11-2021 13:00,1317
07-11-2021 14:00,1317
07-11-2021 15:00,1314
07-11-2021 16:00,1342
07-11-2021 17:00,1433
07-11-2021 18:00,1461
07-11-2021 19:00,1438
07-11-2021 20:00,1396
07-11-2021 21:00,1331
07-11-2021 22:00,1255
07-11-2021 23:00,1206
08-11-2021 00:00,1123
08-11-2021 01:00,1085
08-11-2021 02:00,1140
08-11-2021 03:00,1211
08-11-2021 04:00,1231
08-11-2021 05:00,1231
08-11-2021 06:00,1272
08-11-2021 07:00,1383
08-11-2021 08:00,1558
08-11-2021 09:00,1656
08-11-2021 10:00,1676
08-11-2021 11:00,1635
08-11-2021 12:00,1590
08-11-2021 13:00,1658
08-11-2021 14:00,1685
08-11-2021 15:00,1664
08-11-2021 16:00,1676
08-11-2021 17:00,1685
08-11-2021 18:00,1646
08-11-2021 19:00,1573
08-11-2021 20:00,1503
08-11-2021 21:00,1433
08-11-2021 22:00,1384
08-11-2021 23:00,1318
09-11-2021 00:00,1239
09-11-2021 01:00,1195
09-11-2021 02:00,1241
09-11-2021 03:00,1308
09-11-2021 04:00,1319
09-11-2021 05:00,1299
09-11-2021 06:00,1334
09-11-2021 07:00,1463
09-11-2021 08:00,1631
09-11-2021 09:00,1723
09-11-2021 10:00,1719
09-11-2021 11:00,1718
09-11-2021 12:00,1634
09-11-2021 13:00,1723
09-11-2021 14:00,1733
09-11-2021 15:00,1735
09-11-2021 16:00,1756
09-11-2021 17:00,1746
09-11-2021 18:00,1707
09-11-2021 19:00,1640
09-11-2021 20:00,1563
09-11-2021 21:00,1491
09-11-2021 22:00,1424
09-11-2021 23:00,1351
10-11-2021 00:00,1250
10-11-2021 01:00,1206
10-11-2021 02:00,1264
10-11-2021 03:00,1328
10-11-2021 04:00,1352
10-11-2021 05:00,1350
10-11-2021 06:00,1401
10-11-2021 07:00,1522
10-11-2021 08:00,1674
10-11-2021 09:00,1733
10-11-2021 10:00,1734
10-11-2021 11:00,1702
10-11-2021 12:00,1627
10-11-2021 13:00,1694
10-11-2021 14:00,1728
10-11-2021 15:00,1730
10-11-2021 16:00,1750
10-11-2021 17:00,1764
10-11-2021 18:00,1735
10-11-2021 19:00,1675
10-11-2021 20:00,1605
10-11-2021 21:00,1535
10-11-2021 22:00,1463
10-11-2021 23:00,1389
11-11-2021 00:00,1280
11-11-2021 01:00,1237
11-11-2021 02:00,1288
11-11-2021 03:00,1359
11-11-2021 04:00,1370
11-11-2021 05:00,1368
11-11-2021 06:00,1432
11-11-2021 07:00,1540
11-11-2021 08:00,1675
11-11-2021 09:00,1747
11-11-2021 10:00,1760
11-11-2021 11:00,1749
11-11-2021 12:00,1665
11-11-2021 13:00,1759
11-11-2021 14:00,1753
11-11-2021 15:00,1757
11-11-2021 16:00,1789
11-11-2021 17:00,1809
11-11-2021 18:00,1775
11-11-2021 19:00,1706
11-11-2021 20:00,1633
11-11-2021 21:00,1563
11-11-2021 22:00,1491
11-11-2021 23:00,1420
12-11-2021 00:00,1312
12-11-2021 01:00,1274
12-11-2021 02:00,1315
12-11-2021 03:00,1377
12-11-2021 04:00,1387
12-11-2021 05:00,1393
12-11-2021 06:00,1462
12-11-2021 07:00,1596
12-11-2021 08:00,1726
12-11-2021 09:00,1781
12-11-2021 10:00,1773
12-11-2021 11:00,1724
12-11-2021 12:00,1650
12-11-2021 13:00,1716
12-11-2021 14:00,1746
12-11-2021 15:00,1746
12-11-2021 16:00,1778
12-11-2021 17:00,1796
12-11-2021 18:00,1766
12-11-2021 19:00,1705
12-11-2021 20:00,1643
12-11-2021 21:00,1577
12-11-2021 22:00,1514
12-11-2021 23:00,1435
13-11-2021 00:00,1335
13-11-2021 01:00,1286
13-11-2021 02:00,1333
13-11-2021 03:00,1384
13-11-2021 04:00,1382
13-11-2021 05:00,1358
13-11-2021 06:00,1358
13-11-2021 07:00,1434
13-11-2021 08:00,1511
13-11-2021 09:00,1536
13-11-2021 10:00,1521
13-11-2021 11:00,1513
13-11-2021 12:00,1474
13-11-2021 13:00,1467
13-11-2021 14:00,1454
13-11-2021 15:00,1465
13-11-2021 16:00,1504
13-11-2021 17:00,1591
13-11-2021 18:00,1607
13-11-2021 19:00,1585
13-11-2021 20:00,1539
13-11-2021 21:00,1465
13-11-2021 22:00,1385
13-11-2021 23:00,1322
14-11-2021 00:00,1223
14-11-2021 01:00,1189
14-11-2021 02:00,1233
14-11-2021 03:00,1281
14-11-2021 04:00,1281
14-11-2021 05:00,1241
14-11-2021 06:00,1226
14-11-2021 07:00,1268
14-11-2021 08:00,1333
14-11-2021 09:00,1376
14-11-2021 10:00,1373
14-11-2021 11:00,1349
14-11-2021 12:00,1336
14-11-2021 13:00,1306
14-11-2021 14:00,1292
14-11-2021 15:00,1329
14-11-2021 16:00,1379
14-11-2021 17:00,1495
14-11-2021 18:00,1529
14-11-2021 19:00,1508
14-11-2021 20:00,1481
14-11-2021 21:00,1411
14-11-2021 22:00,1336
14-11-2021 23:00,1266
15-11-2021 00:00,1179
15-11-2021 01:00,1153
15-11-2021 02:00,1211
15-11-2021 03:00,1268
15-11-2021 04:00,1285
15-11-2021 05:00,1304
15-11-2021 06:00,1397
15-11-2021 07:00,1540
15-11-2021 08:00,1690
15-11-2021 09:00,1758
15-11-2021 10:00,1736
15-11-2021 11:00,1720
15-11-2021 12:00,1617
15-11-2021 13:00,1673
15-11-2021 14:00,1676
15-11-2021 15:00,1674
15-11-2021 16:00,1699
15-11-2021 17:00,1729
15-11-2021 18:00,1699
15-11-2021 19:00,1633
15-11-2021 20:00,1572
15-11-2021 21:00,1505
15-11-2021 22:00,1441
15-11-2021 23:00,1364
16-11-2021 00:00,1262
16-11-2021 01:00,1226
16-11-2021 02:00,1288
16-11-2021 03:00,1349
16-11-2021 04:00,1361
16-11-2021 05:00,1375
16-11-2021 06:00,1439
16-11-2021 07:00,1562
16-11-2021 08:00,1694
16-11-2021 09:00,1761
16-11-2021 10:00,1735
16-11-2021 11:00,1718
16-11-2021 12:00,1627
16-11-2021 13:00,1705
16-11-2021 14:00,1708
16-11-2021 15:00,1694
16-11-2021 16:00,1717
16-11-2021 17:00,1743
16-11-2021 18:00,1709
16-11-2021 19:00,1643
16-11-2021 20:00,1582
16-11-2021 21:00,1503
16-11-2021 22:00,1433
16-11-2021 23:00,1355
17-11-2021 00:00,1259
17-11-2021 01:00,1220
17-11-2021 02:00,1278
17-11-2021 03:00,1344
17-11-2021 04:00,1356
17-11-2021 05:00,1367
17-11-2021 06:00,1432
17-11-2021 07:00,1539
17-11-2021 08:00,1677
17-11-2021 09:00,1736
17-11-2021 10:00,1715
17-11-2021 11:00,1700
17-11-2021 12:00,1605
17-11-2021 13:00,1659
17-11-2021 14:00,1669
17-11-2021 15:00,1673
17-11-2021 16:00,1699
17-11-2021 17:00,1729
17-11-2021 18:00,1707
17-11-2021 19:00,1650
17-11-2021 20:00,1593
17-11-2021 21:00,1525
17-11-2021 22:00,1462
17-11-2021 23:00,1381
18-11-2021 00:00,1279
18-11-2021 01:00,1243
18-11-2021 02:00,1295
18-11-2021 03:00,1353
18-11-2021 04:00,1361
18-11-2021 05:00,1375
18-11-2021 06:00,1445
18-11-2021 07:00,1543
18-11-2021 08:00,1720
18-11-2021 09:00,1780
18-11-2021 10:00,1747
18-11-2021 11:00,1721
18-11-2021 12:00,1630
18-11-2021 13:00,1686
18-11-2021 14:00,1683
18-11-2021 15:00,1686
18-11-2021 16:00,1709
18-11-2021 17:00,1742
18-11-2021 18:00,1718
18-11-2021 19:00,1657
18-11-2021 20:00,1597
18-11-2021 21:00,1530
18-11-2021 22:00,1451
18-11-2021 23:00,1378
19-11-2021 00:00,1280
19-11-2021 01:00,1247
19-11-2021 02:00,1297
19-11-2021 03:00,1361
19-11-2021 04:00,1373
19-11-2021 05:00,1374
19-11-2021 06:00,1453
19-11-2021 07:00,1572
19-11-2021 08:00,1704
19-11-2021 09:00,1769
19-11-2021 10:00,1747
19-11-2021 11:00,1710
19-11-2021 12:00,1610
19-11-2021 13:00,1668
19-11-2021 14:00,1673
19-11-2021 15:00,1653
19-11-2021 16:00,1684
19-11-2021 17:00,1711
19-11-2021 18:00,1682
19-11-2021 19:00,1635
19-11-2021 20:00,1580
19-11-2021 21:00,1510
19-11-2021 22:00,1457
19-11-2021 23:00,1386
20-11-2021 00:00,1298
20-11-2021 01:00,1258
20-11-2021 02:00,1300
20-11-2021 03:00,1354
20-11-2021 04:00,1349
20-11-2021 05:00,1324
20-11-2021 06:00,1331
20-11-2021 07:00,1395
20-11-2021 08:00,1486
20-11-2021 09:00,1504
20-11-2021 10:00,1494
20-11-2021 11:00,1474
20-11-2021 12:00,1446
20-11-2021 13:00,1436
20-11-2021 14:00,1430
20-11-2021 15:00,1434
20-11-2021 16:00,1461
20-11-2021 17:00,1531
20-11-2021 18:00,1541
20-11-2021 19:00,1523
20-11-2021 20:00,1478
20-11-2021 21:00,1411
20-11-2021 22:00,1336
20-11-2021 23:00,1277
21-11-2021 00:00,1199
21-11-2021 01:00,1160
21-11-2021 02:00,1203
21-11-2021 03:00,1263
21-11-2021 04:00,1266
21-11-2021 05:00,1239
21-11-2021 06:00,1230
21-11-2021 07:00,1269
21-11-2021 08:00,1334
21-11-2021 09:00,1351
21-11-2021 10:00,1345
21-11-2021 11:00,1325
21-11-2021 12:00,1302
21-11-2021 13:00,1320
21-11-2021 14:00,1311
21-11-2021 15:00,1324
21-11-2021 16:00,1383
21-11-2021 17:00,1491
21-11-2021 18:00,1504
21-11-2021 19:00,1489
21-11-2021 20:00,1443
21-11-2021 21:00,1374
21-11-2021 22:00,1296
21-11-2021 23:00,1241
22-11-2021 00:00,1155
22-11-2021 01:00,1125
22-11-2021 02:00,1189
22-11-2021 03:00,1242
22-11-2021 04:00,1252
22-11-2021 05:00,1248
22-11-2021 06:00,1308
22-11-2021 07:00,1474
22-11-2021 08:00,1671
22-11-2021 09:00,1783
22-11-2021 10:00,1794
22-11-2021 11:00,1794
22-11-2021 12:00,1705
22-11-2021 13:00,1783
22-11-2021 14:00,1790
22-11-2021 15:00,1771
22-11-2021 16:00,1791
22-11-2021 17:00,1775
22-11-2021 18:00,1731
22-11-2021 19:00,1658
22-11-2021 20:00,1592
22-11-2021 21:00,1526
22-11-2021 22:00,1464
22-11-2021 23:00,1389
23-11-2021 00:00,1295
23-11-2021 01:00,1251
23-11-2021 02:00,1305
23-11-2021 03:00,1358
23-11-2021 04:00,1369
23-11-2021 05:00,1354
23-11-2021 06:00,1361
23-11-2021 07:00,1422
23-11-2021 08:00,1542
23-11-2021 09:00,1599
23-11-2021 10:00,1598
23-11-2021 11:00,1601
23-11-2021 12:00,1561
23-11-2021 13:00,1584
23-11-2021 14:00,1589
23-11-2021 15:00,1613
23-11-2021 16:00,1672
23-11-2021 17:00,1757
23-11-2021 18:00,1773
23-11-2021 19:00,1745
23-11-2021 20:00,1702
23-11-2021 21:00,1626
23-11-2021 22:00,1523
23-11-2021 23:00,1437
24-11-2021 00:00,1341
24-11-2021 01:00,1304
24-11-2021 02:00,1343
24-11-2021 03:00,1388
24-11-2021 04:00,1411
24-11-2021 05:00,1434
24-11-2021 06:00,1533
24-11-2021 07:00,1659
24-11-2021 08:00,1823
24-11-2021 09:00,1892
24-11-2021 10:00,1862
24-11-2021 11:00,1844
24-11-2021 12:00,1760
24-11-2021 13:00,1834
24-11-2021 14:00,1838
24-11-2021 15:00,1850
24-11-2021 16:00,1890
24-11-2021 17:00,1917
24-11-2021 18:00,1889
24-11-2021 19:00,1820
24-11-2021 20:00,1751
24-11-2021 21:00,1673
24-11-2021 22:00,1578
24-11-2021 23:00,1481
25-11-2021 00:00,1362
25-11-2021 01:00,1320
25-11-2021 02:00,1364
25-11-2021 03:00,1409
25-11-2021 04:00,1415
25-11-2021 05:00,1427
25-11-2021 06:00,1515
25-11-2021 07:00,1640
25-11-2021 08:00,1798
25-11-2021 09:00,1854
25-11-2021 10:00,1837
25-11-2021 11:00,1806
25-11-2021 12:00,1706
25-11-2021 13:00,1770
25-11-2021 14:00,1773
25-11-2021 15:00,1780
25-11-2021 16:00,1821
25-11-2021 17:00,1845
25-11-2021 18:00,1822
25-11-2021 19:00,1751
25-11-2021 20:00,1684
25-11-2021 21:00,1613
25-11-2021 22:00,1522
25-11-2021 23:00,1437
26-11-2021 00:00,1328
26-11-2021 01:00,1291
26-11-2021 02:00,1334
26-11-2021 03:00,1386
26-11-2021 04:00,1396
26-11-2021 05:00,1402
26-11-2021 06:00,1488
26-11-2021 07:00,1605
26-11-2021 08:00,1743
26-11-2021 09:00,1802
26-11-2021 10:00,1779
26-11-2021 11:00,1746
26-11-2021 12:00,1664
26-11-2021 13:00,1715
26-11-2021 14:00,1716
26-11-2021 15:00,1724
26-11-2021 16:00,1767
26-11-2021 17:00,1798
26-11-2021 18:00,1772
26-11-2021 19:00,1713
26-11-2021 20:00,1656
26-11-2021 21:00,1590
26-11-2021 22:00,1526
26-11-2021 23:00,1452
27-11-2021 00:00,1342
27-11-2021 01:00,1311
27-11-2021 02:00,1352
27-11-2021 03:00,1394
27-11-2021 04:00,1396
27-11-2021 05:00,1365
27-11-2021 06:00,1371
27-11-2021 07:00,1468
27-11-2021 08:00,1590
27-11-2021 09:00,1640
27-11-2021 10:00,1630
27-11-2021 11:00,1620
27-11-2021 12:00,1591
27-11-2021 13:00,1599
27-11-2021 14:00,1603
27-11-2021 15:00,1625
27-11-2021 16:00,1682
27-11-2021 17:00,1758
27-11-2021 18:00,1769
27-11-2021 19:00,1749
27-11-2021 20:00,1703
27-11-2021 21:00,1627
27-11-2021 22:00,1546
27-11-2021 23:00,1475
28-11-2021 00:00,1374
28-11-2021 01:00,1329
28-11-2021 02:00,1362
28-11-2021 03:00,1390
28-11-2021 04:00,1372
28-11-2021 05:00,1345
28-11-2021 06:00,1356
28-11-2021 07:00,1426
28-11-2021 08:00,1484
28-11-2021 09:00,1490
28-11-2021 10:00,1460
28-11-2021 11:00,1433
28-11-2021 12:00,1411
28-11-2021 13:00,1390
28-11-2021 14:00,1389
28-11-2021 15:00,1418
28-11-2021 16:00,1494
28-11-2021 17:00,1635
28-11-2021 18:00,1679
28-11-2021 19:00,1671
28-11-2021 20:00,1641
28-11-2021 21:00,1588
28-11-2021 22:00,1494
28-11-2021 23:00,1414
29-11-2021 00:00,1330
29-11-2021 01:00,1310
29-11-2021 02:00,1359
29-11-2021 03:00,1399
29-11-2021 04:00,1401
29-11-2021 05:00,1430
29-11-2021 06:00,1577
29-11-2021 07:00,1760
29-11-2021 08:00,1912
29-11-2021 09:00,1969
29-11-2021 10:00,1921
29-11-2021 11:00,1865
29-11-2021 12:00,1748
29-11-2021 13:00,1793
29-11-2021 14:00,1789
29-11-2021 15:00,1804
29-11-2021 16:00,1867
29-11-2021 17:00,1925
29-11-2021 18:00,1914
29-11-2021 19:00,1858
29-11-2021 20:00,1794
29-11-2021 21:00,1714
29-11-2021 22:00,1630
29-11-2021 23:00,1533
30-11-2021 00:00,1420
30-11-2021 01:00,1384
30-11-2021 02:00,1429
30-11-2021 03:00,1471
30-11-2021 04:00,1470
30-11-2021 05:00,1487
30-11-2021 06:00,1607
30-11-2021 07:00,1762
30-11-2021 08:00,1910
30-11-2021 09:00,1955
30-11-2021 10:00,1896
30-11-2021 11:00,1846
30-11-2021 12:00,1739
30-11-2021 13:00,1772
30-11-2021 14:00,1792
30-11-2021 15:00,1794
30-11-2021 16:00,1832
30-11-2021 17:00,1844
30-11-2021 18:00,1810
30-11-2021 19:00,1744
30-11-2021 20:00,1681
30-11-2021 21:00,1594
30-11-2021 22:00,1511
30-11-2021 23:00,1441
01-12-2021 00:00,1338
01-12-2021 01:00,1303
01-12-2021 02:00,1352
01-12-2021 03:00,1396
01-12-2021 04:00,1395
01-12-2021 05:00,1385
01-12-2021 06:00,1478
01-12-2021 07:00,1634
01-12-2021 08:00,1804
01-12-2021 09:00,1908
01-12-2021 10:00,1911
01-12-2021 11:00,1898
01-12-2021 12:00,1795
01-12-2021 13:00,1865
01-12-2021 14:00,1868
01-12-2021 15:00,1890
01-12-2021 16:00,1945
01-12-2021 17:00,1996
01-12-2021 18:00,1986
01-12-2021 19:00,1932
01-12-2021 20:00,1877
01-12-2021 21:00,1797
01-12-2021 22:00,1707
01-12-2021 23:00,1600
02-12-2021 00:00,1482
02-12-2021 01:00,1438
02-12-2021 02:00,1478
02-12-2021 03:00,1517
02-12-2021 04:00,1524
02-12-2021 05:00,1543
02-12-2021 06:00,1679
02-12-2021 07:00,1835
02-12-2021 08:00,1983
02-12-2021 09:00,2028
02-12-2021 10:00,1982
02-12-2021 11:00,1941
02-12-2021 12:00,1840
02-12-2021 13:00,1899
02-12-2021 14:00,1886
02-12-2021 15:00,1902
02-12-2021 16:00,1967
02-12-2021 17:00,2027
02-12-2021 18:00,2010
02-12-2021 19:00,1952
02-12-2021 20:00,1889
02-12-2021 21:00,1825
02-12-2021 22:00,1728
02-12-2021 23:00,1619
03-12-2021 00:00,1510
03-12-2021 01:00,1473
03-12-2021 02:00,1506
03-12-2021 03:00,1532
03-12-2021 04:00,1534
03-12-2021 05:00,1545
03-12-2021 06:00,1682
03-12-2021 07:00,1839
03-12-2021 08:00,1976
03-12-2021 09:00,2010
03-12-2021 10:00,1964
03-12-2021 11:00,1920
03-12-2021 12:00,1812
03-12-2021 13:00,1873
03-12-2021 14:00,1883
03-12-2021 15:00,1893
03-12-2021 16:00,1933
03-12-2021 17:00,1963
03-12-2021 18:00,1939
03-12-2021 19:00,1878
03-12-2021 20:00,1810
03-12-2021 21:00,1740
03-12-2021 22:00,1653
03-12-2021 23:00,1564
04-12-2021 00:00,1445
04-12-2021 01:00,1395
04-12-2021 02:00,1428
04-12-2021 03:00,1458
04-12-2021 04:00,1444
04-12-2021 05:00,1416
04-12-2021 06:00,1443
04-12-2021 07:00,1545
04-12-2021 08:00,1669
04-12-2021 09:00,1709
04-12-2021 10:00,1693
04-12-2021 11:00,1677
04-12-2021 12:00,1637
04-12-2021 13:00,1649
04-12-2021 14:00,1651
04-12-2021 15:00,1659
04-12-2021 16:00,1715
04-12-2021 17:00,1779
04-12-2021 18:00,1778
04-12-2021 19:00,1751
04-12-2021 20:00,1712
04-12-2021 21:00,1639
04-12-2021 22:00,1547
04-12-2021 23:00,1473
05-12-2021 00:00,1369
05-12-2021 01:00,1339
05-12-2021 02:00,1378
05-12-2021 03:00,1404
05-12-2021 04:00,1389
05-12-2021 05:00,1358
05-12-2021 06:00,1375
05-12-2021 07:00,1452
05-12-2021 08:00,1546
05-12-2021 09:00,1567
05-12-2021 10:00,1589
05-12-2021 11:00,1574
05-12-2021 12:00,1546
05-12-2021 13:00,1530
05-12-2021 14:00,1539
05-12-2021 15:00,1575
05-12-2021 16:00,1641
05-12-2021 17:00,1770
05-12-2021 18:00,1798
05-12-2021 19:00,1785
05-12-2021 20:00,1759
05-12-2021 21:00,1684
05-12-2021 22:00,1575
05-12-2021 23:00,1487
06-12-2021 00:00,1381
06-12-2021 01:00,1347
06-12-2021 02:00,1372
06-12-2021 03:00,1400
06-12-2021 04:00,1409
06-12-2021 05:00,1439
06-12-2021 06:00,1582
06-12-2021 07:00,1788
06-12-2021 08:00,1983
06-12-2021 09:00,2078
06-12-2021 10:00,2044
06-12-2021 11:00,1991
06-12-2021 12:00,1869
06-12-2021 13:00,1916
06-12-2021 14:00,1909
06-12-2021 15:00,1901
06-12-2021 16:00,1945
06-12-2021 17:00,1970
06-12-2021 18:00,1940
06-12-2021 19:00,1872
06-12-2021 20:00,1795
06-12-2021 21:00,1713
06-12-2021 22:00,1615
06-12-2021 23:00,1522
07-12-2021 00:00,1404
07-12-2021 01:00,1371
07-12-2021 02:00,1406
07-12-2021 03:00,1448
07-12-2021 04:00,1438
07-12-2021 05:00,1446
07-12-2021 06:00,1540
07-12-2021 07:00,1721
07-12-2021 08:00,1937
07-12-2021 09:00,2059
07-12-2021 10:00,2053
07-12-2021 11:00,2041
07-12-2021 12:00,1938
07-12-2021 13:00,2006
07-12-2021 14:00,2014
07-12-2021 15:00,2001
07-12-2021 16:00,2027
07-12-2021 17:00,2004
07-12-2021 18:00,1955
07-12-2021 19:00,1876
07-12-2021 20:00,1794
07-12-2021 21:00,1712
07-12-2021 22:00,1615
07-12-2021 23:00,1518
08-12-2021 00:00,1412
08-12-2021 01:00,1368
08-12-2021 02:00,1409
08-12-2021 03:00,1444
08-12-2021 04:00,1448
08-12-2021 05:00,1448
08-12-2021 06:00,1542
08-12-2021 07:00,1705
08-12-2021 08:00,1893
08-12-2021 09:00,1984
08-12-2021 10:00,1969
08-12-2021 11:00,1956
08-12-2021 12:00,1864
08-12-2021 13:00,1911
08-12-2021 14:00,1908
08-12-2021 15:00,1905
08-12-2021 16:00,1948
08-12-2021 17:00,1973
08-12-2021 18:00,1942
08-12-2021 19:00,1879
08-12-2021 20:00,1812
08-12-2021 21:00,1738
08-12-2021 22:00,1642
08-12-2021 23:00,1543
09-12-2021 00:00,1421
09-12-2021 01:00,1381
09-12-2021 02:00,1424
09-12-2021 03:00,1468
09-12-2021 04:00,1480
09-12-2021 05:00,1498
09-12-2021 06:00,1616
09-12-2021 07:00,1762
09-12-2021 08:00,1913
09-12-2021 09:00,1957
09-12-2021 10:00,1907
09-12-2021 11:00,1867
09-12-2021 12:00,1758
09-12-2021 13:00,1810
09-12-2021 14:00,1803
09-12-2021 15:00,1815
09-12-2021 16:00,1858
09-12-2021 17:00,1912
09-12-2021 18:00,1896
09-12-2021 19:00,1840
09-12-2021 20:00,1783
09-12-2021 21:00,1713
09-12-2021 22:00,1632
09-12-2021 23:00,1539
10-12-2021 00:00,1433
10-12-2021 01:00,1393
10-12-2021 02:00,1435
10-12-2021 03:00,1476
10-12-2021 04:00,1482
10-12-2021 05:00,1497
10-12-2021 06:00,1606
10-12-2021 07:00,1760
10-12-2021 08:00,1925
10-12-2021 09:00,1979
10-12-2021 10:00,1923
10-12-2021 11:00,1902
10-12-2021 12:00,1792
10-12-2021 13:00,1841
10-12-2021 14:00,1825
10-12-2021 15:00,1808
10-12-2021 16:00,1850
10-12-2021 17:00,1876
10-12-2021 18:00,1850
10-12-2021 19:00,1798
10-12-2021 20:00,1744
10-12-2021 21:00,1676
10-12-2021 22:00,1610
10-12-2021 23:00,1525
11-12-2021 00:00,1421
11-12-2021 01:00,1378
11-12-2021 02:00,1420
11-12-2021 03:00,1451
11-12-2021 04:00,1449
11-12-2021 05:00,1423
11-12-2021 06:00,1443
11-12-2021 07:00,1529
11-12-2021 08:00,1649
11-12-2021 09:00,1682
11-12-2021 10:00,1634
11-12-2021 11:00,1600
11-12-2021 12:00,1546
11-12-2021 13:00,1540
11-12-2021 14:00,1522
11-12-2021 15:00,1523
11-12-2021 16:00,1558
11-12-2021 17:00,1646
11-12-2021 18:00,1661
11-12-2021 19:00,1631
11-12-2021 20:00,1594
11-12-2021 21:00,1532
11-12-2021 22:00,1450
11-12-2021 23:00,1394
12-12-2021 00:00,1306
12-12-2021 01:00,1275
12-12-2021 02:00,1318
12-12-2021 03:00,1357
12-12-2021 04:00,1341
12-12-2021 05:00,1298
12-12-2021 06:00,1298
12-12-2021 07:00,1372
12-12-2021 08:00,1462
12-12-2021 09:00,1514
12-12-2021 10:00,1499
12-12-2021 11:00,1454
12-12-2021 12:00,1451
12-12-2021 13:00,1429
12-12-2021 14:00,1420
12-12-2021 15:00,1446
12-12-2021 16:00,1501
12-12-2021 17:00,1602
12-12-2021 18:00,1625
12-12-2021 19:00,1603
12-12-2021 20:00,1573
12-12-2021 21:00,1500
12-12-2021 22:00,1402
12-12-2021 23:00,1345
13-12-2021 00:00,1245
13-12-2021 01:00,1226
13-12-2021 02:00,1282
13-12-2021 03:00,1340
13-12-2021 04:00,1350
13-12-2021 05:00,1376
13-12-2021 06:00,1501
13-12-2021 07:00,1673
13-12-2021 08:00,1854
13-12-2021 09:00,1928
13-12-2021 10:00,1914
13-12-2021 11:00,1895
13-12-2021 12:00,1795
13-12-2021 13:00,1859
13-12-2021 14:00,1874
13-12-2021 15:00,1900
13-12-2021 16:00,1963
13-12-2021 17:00,2015
13-12-2021 18:00,1998
13-12-2021 19:00,1942
13-12-2021 20:00,1870
13-12-2021 21:00,1794
13-12-2021 22:00,1700
13-12-2021 23:00,1596
14-12-2021 00:00,1491
14-12-2021 01:00,1449
14-12-2021 02:00,1486
14-12-2021 03:00,1519
14-12-2021 04:00,1524
14-12-2021 05:00,1549
14-12-2021 06:00,1699
14-12-2021 07:00,1863
14-12-2021 08:00,2027
14-12-2021 09:00,2067
14-12-2021 10:00,2001
14-12-2021 11:00,1949
14-12-2021 12:00,1831
14-12-2021 13:00,1879
14-12-2021 14:00,1882
14-12-2021 15:00,1890
14-12-2021 16:00,1956
14-12-2021 17:00,2021
14-12-2021 18:00,2009
14-12-2021 19:00,1951
14-12-2021 20:00,1885
14-12-2021 21:00,1804
14-12-2021 22:00,1705
14-12-2021 23:00,1608
15-12-2021 00:00,1497
15-12-2021 01:00,1452
15-12-2021 02:00,1486
15-12-2021 03:00,1514
15-12-2021 04:00,1512
15-12-2021 05:00,1521
15-12-2021 06:00,1673
15-12-2021 07:00,1845
15-12-2021 08:00,2005
15-12-2021 09:00,2042
15-12-2021 10:00,1978
15-12-2021 11:00,1931
15-12-2021 12:00,1817
15-12-2021 13:00,1887
15-12-2021 14:00,1880
15-12-2021 15:00,1877
15-12-2021 16:00,1923
15-12-2021 17:00,1972
15-12-2021 18:00,1960
15-12-2021 19:00,1905
15-12-2021 20:00,1846
15-12-2021 21:00,1772
15-12-2021 22:00,1683
15-12-2021 23:00,1589
16-12-2021 00:00,1479
16-12-2021 01:00,1439
16-12-2021 02:00,1477
16-12-2021 03:00,1501
16-12-2021 04:00,1508
16-12-2021 05:00,1536
16-12-2021 06:00,1676
16-12-2021 07:00,1834
16-12-2021 08:00,2002
16-12-2021 09:00,2038
16-12-2021 10:00,1963
16-12-2021 11:00,1908
16-12-2021 12:00,1810
16-12-2021 13:00,1897
16-12-2021 14:00,1884
16-12-2021 15:00,1894
16-12-2021 16:00,1932
16-12-2021 17:00,1941
16-12-2021 18:00,1904
16-12-2021 19:00,1831
16-12-2021 20:00,1763
16-12-2021 21:00,1695
16-12-2021 22:00,1625
16-12-2021 23:00,1541
17-12-2021 00:00,1426
17-12-2021 01:00,1388
17-12-2021 02:00,1439
17-12-2021 03:00,1468
17-12-2021 04:00,1462
17-12-2021 05:00,1455
17-12-2021 06:00,1551
17-12-2021 07:00,1719
17-12-2021 08:00,1919
17-12-2021 09:00,2005
17-12-2021 10:00,1961
17-12-2021 11:00,1931
17-12-2021 12:00,1822
17-12-2021 13:00,1909
17-12-2021 14:00,1940
17-12-2021 15:00,1957
17-12-2021 16:00,2007
17-12-2021 17:00,2043
17-12-2021 18:00,2041
17-12-2021 19:00,2010
17-12-2021 20:00,1963
17-12-2021 21:00,1903
17-12-2021 22:00,1836
17-12-2021 23:00,1754
18-12-2021 00:00,1649
18-12-2021 01:00,1596
18-12-2021 02:00,1604
18-12-2021 03:00,1610
18-12-2021 04:00,1582
18-12-2021 05:00,1556
18-12-2021 06:00,1623
18-12-2021 07:00,1775
18-12-2021 08:00,1951
18-12-2021 09:00,2008
18-12-2021 10:00,1961
18-12-2021 11:00,1912
18-12-2021 12:00,1837
18-12-2021 13:00,1826
18-12-2021 14:00,1825
18-12-2021 15:00,1844
18-12-2021 16:00,1898
18-12-2021 17:00,1977
18-12-2021 18:00,1973
18-12-2021 19:00,1945
18-12-2021 20:00,1898
18-12-2021 21:00,1820
18-12-2021 22:00,1728
18-12-2021 23:00,1654
19-12-2021 00:00,1557
19-12-2021 01:00,1508
19-12-2021 02:00,1520
19-12-2021 03:00,1522
19-12-2021 04:00,1491
19-12-2021 05:00,1444
19-12-2021 06:00,1476
19-12-2021 07:00,1593
19-12-2021 08:00,1728
19-12-2021 09:00,1787
19-12-2021 10:00,1757
19-12-2021 11:00,1722
19-12-2021 12:00,1682
19-12-2021 13:00,1653
19-12-2021 14:00,1645
19-12-2021 15:00,1666
19-12-2021 16:00,1735
19-12-2021 17:00,1873
19-12-2021 18:00,1907
19-12-2021 19:00,1879
19-12-2021 20:00,1835
19-12-2021 21:00,1763
19-12-2021 22:00,1655
19-12-2021 23:00,1559
20-12-2021 00:00,1439
20-12-2021 01:00,1412
20-12-2021 02:00,1442
20-12-2021 03:00,1463
20-12-2021 04:00,1454
20-12-2021 05:00,1491
20-12-2021 06:00,1660
20-12-2021 07:00,1871
20-12-2021 08:00,2073
20-12-2021 09:00,2135
20-12-2021 10:00,2096
20-12-2021 11:00,2042
20-12-2021 12:00,1928
20-12-2021 13:00,1998
20-12-2021 14:00,1997
20-12-2021 15:00,2001
20-12-2021 16:00,2050
20-12-2021 17:00,2090
20-12-2021 18:00,2078
20-12-2021 19:00,2017
20-12-2021 20:00,1948
20-12-2021 21:00,1866
20-12-2021 22:00,1757
20-12-2021 23:00,1651
21-12-2021 00:00,1543
21-12-2021 01:00,1493
21-12-2021 02:00,1524
21-12-2021 03:00,1542
21-12-2021 04:00,1537
21-12-2021 05:00,1560
21-12-2021 06:00,1699
21-12-2021 07:00,1885
21-12-2021 08:00,2091
21-12-2021 09:00,2136
21-12-2021 10:00,2057
21-12-2021 11:00,1999
21-12-2021 12:00,1869
21-12-2021 13:00,1920
21-12-2021 14:00,1913
21-12-2021 15:00,1926
21-12-2021 16:00,1964
21-12-2021 17:00,2005
21-12-2021 18:00,1993
21-12-2021 19:00,1936
21-12-2021 20:00,1871
21-12-2021 21:00,1789
21-12-2021 22:00,1690
21-12-2021 23:00,1590
22-12-2021 00:00,1478
22-12-2021 01:00,1441
22-12-2021 02:00,1476
22-12-2021 03:00,1503
22-12-2021 04:00,1500
22-12-2021 05:00,1513
22-12-2021 06:00,1642
22-12-2021 07:00,1821
22-12-2021 08:00,2049
22-12-2021 09:00,2138
22-12-2021 10:00,2103
22-12-2021 11:00,2058
22-12-2021 12:00,1941
22-12-2021 13:00,1997
22-12-2021 14:00,2010
22-12-2021 15:00,2024
22-12-2021 16:00,2062
22-12-2021 17:00,2093
22-12-2021 18:00,2073
22-12-2021 19:00,2012
22-12-2021 20:00,1942
22-12-2021 21:00,1863
22-12-2021 22:00,1745
22-12-2021 23:00,1635
23-12-2021 00:00,1520
23-12-2021 01:00,1480
23-12-2021 02:00,1518
23-12-2021 03:00,1543
23-12-2021 04:00,1541
23-12-2021 05:00,1572
23-12-2021 06:00,1716
23-12-2021 07:00,1891
23-12-2021 08:00,2083
23-12-2021 09:00,2128
23-12-2021 10:00,2062
23-12-2021 11:00,1989
23-12-2021 12:00,1870
23-12-2021 13:00,1906
23-12-2021 14:00,1896
23-12-2021 15:00,1910
23-12-2021 16:00,1960
23-12-2021 17:00,2031
23-12-2021 18:00,2023
23-12-2021 19:00,1970
23-12-2021 20:00,1913
23-12-2021 21:00,1841
23-12-2021 22:00,1743
23-12-2021 23:00,1651
24-12-2021 00:00,1541
24-12-2021 01:00,1490
24-12-2021 02:00,1520
24-12-2021 03:00,1541
24-12-2021 04:00,1533
24-12-2021 05:00,1564
24-12-2021 06:00,1711
24-12-2021 07:00,1891
24-12-2021 08:00,2078
24-12-2021 09:00,2127
24-12-2021 10:00,2075
24-12-2021 11:00,2005
24-12-2021 12:00,1894
24-12-2021 13:00,1938
24-12-2021 14:00,1942
24-12-2021 15:00,1947
24-12-2021 16:00,1972
24-12-2021 17:00,1968
24-12-2021 18:00,1931
24-12-2021 19:00,1873
24-12-2021 20:00,1808
24-12-2021 21:00,1733
24-12-2021 22:00,1657
24-12-2021 23:00,1567
25-12-2021 00:00,1453
25-12-2021 01:00,1408
25-12-2021 02:00,1437
25-12-2021 03:00,1452
25-12-2021 04:00,1434
25-12-2021 05:00,1407
25-12-2021 06:00,1436
25-12-2021 07:00,1550
25-12-2021 08:00,1704
25-12-2021 09:00,1738
25-12-2021 10:00,1716
25-12-2021 11:00,1710
25-12-2021 12:00,1679
25-12-2021 13:00,1681
25-12-2021 14:00,1683
25-12-2021 15:00,1707
25-12-2021 16:00,1760
25-12-2021 17:00,1837
25-12-2021 18:00,1849
25-12-2021 19:00,1825
25-12-2021 20:00,1795
25-12-2021 21:00,1737
25-12-2021 22:00,1659
25-12-2021 23:00,1597
26-12-2021 00:00,1516
26-12-2021 01:00,1480
26-12-2021 02:00,1497
26-12-2021 03:00,1500
26-12-2021 04:00,1466
26-12-2021 05:00,1430
26-12-2021 06:00,1478
26-12-2021 07:00,1604
26-12-2021 08:00,1745
26-12-2021 09:00,1800
26-12-2021 10:00,1788
26-12-2021 11:00,1774
26-12-2021 12:00,1772
26-12-2021 13:00,1764
26-12-2021 14:00,1759
26-12-2021 15:00,1784
26-12-2021 16:00,1864
26-12-2021 17:00,2006
26-12-2021 18:00,2057
26-12-2021 19:00,2044
26-12-2021 20:00,2015
26-12-2021 21:00,1948
26-12-2021 22:00,1827
26-12-2021 23:00,1742
27-12-2021 00:00,1633
27-12-2021 01:00,1581
27-12-2021 02:00,1587
27-12-2021 03:00,1581
27-12-2021 04:00,1565
27-12-2021 05:00,1598
27-12-2021 06:00,1775
27-12-2021 07:00,2010
27-12-2021 08:00,2274
27-12-2021 09:00,2373
27-12-2021 10:00,2311
27-12-2021 11:00,2274
27-12-2021 12:00,2177
27-12-2021 13:00,2196
27-12-2021 14:00,2172
27-12-2021 15:00,2176
27-12-2021 16:00,2224
27-12-2021 17:00,2265
27-12-2021 18:00,2245
27-12-2021 19:00,2173
27-12-2021 20:00,2105
27-12-2021 21:00,2006
27-12-2021 22:00,1880
27-12-2021 23:00,1767
28-12-2021 00:00,1646
28-12-2021 01:00,1575
28-12-2021 02:00,1574
28-12-2021 03:00,1558
28-12-2021 04:00,1531
28-12-2021 05:00,1548
28-12-2021 06:00,1685
28-12-2021 07:00,1898
28-12-2021 08:00,2142
28-12-2021 09:00,2182
28-12-2021 10:00,2095
28-12-2021 11:00,2040
28-12-2021 12:00,1949
28-12-2021 13:00,1957
28-12-2021 14:00,1924
28-12-2021 15:00,1923
28-12-2021 16:00,1959
28-12-2021 17:00,2029
28-12-2021 18:00,2031
28-12-2021 19:00,1997
28-12-2021 20:00,1949
28-12-2021 21:00,1872
28-12-2021 22:00,1748
28-12-2021 23:00,1667
29-12-2021 00:00,1563
29-12-2021 01:00,1504
29-12-2021 02:00,1506
29-12-2021 03:00,1499
29-12-2021 04:00,1466
29-12-2021 05:00,1449
29-12-2021 06:00,1527
29-12-2021 07:00,1676
29-12-2021 08:00,1838
29-12-2021 09:00,1867
29-12-2021 10:00,1810
29-12-2021 11:00,1727
29-12-2021 12:00,1656
29-12-2021 13:00,1627
29-12-2021 14:00,1616
29-12-2021 15:00,1628
29-12-2021 16:00,1683
29-12-2021 17:00,1765
29-12-2021 18:00,1776
29-12-2021 19:00,1753
29-12-2021 20:00,1708
29-12-2021 21:00,1644
29-12-2021 22:00,1543
29-12-2021 23:00,1458
30-12-2021 00:00,1361
30-12-2021 01:00,1316
30-12-2021 02:00,1331
30-12-2021 03:00,1329
30-12-2021 04:00,1307
30-12-2021 05:00,1284
30-12-2021 06:00,1316
30-12-2021 07:00,1421
30-12-2021 08:00,1549
30-12-2021 09:00,1574
30-12-2021 10:00,1544
30-12-2021 11:00,1509
30-12-2021 12:00,1479
30-12-2021 13:00,1457
30-12-2021 14:00,1437
30-12-2021 15:00,1459
30-12-2021 16:00,1535
30-12-2021 17:00,1681
30-12-2021 18:00,1732
30-12-2021 19:00,1732
30-12-2021 20:00,1714
30-12-2021 21:00,1662
30-12-2021 22:00,1574
30-12-2021 23:00,1515
31-12-2021 00:00,1430
31-12-2021 01:00,1386
31-12-2021 02:00,1392
31-12-2021 03:00,1385
31-12-2021 04:00,1349
31-12-2021 05:00,1320
31-12-2021 06:00,1369
31-12-2021 07:00,1497
31-12-2021 08:00,1618
31-12-2021 09:00,1648
31-12-2021 10:00,1623
31-12-2021 11:00,1588
31-12-2021 12:00,1582
31-12-2021 13:00,1558
31-12-2021 14:00,1573
31-12-2021 15:00,1618
31-12-2021 16:00,1693
31-12-2021 17:00,1830
31-12-2021 18:00,1855
31-12-2021 19:00,1832
31-12-2021 20:00,1796
31-12-2021 21:00,1740
31-12-2021 22:00,1663
31-12-2021 23:00,1653
01-01-2022 00:00,1564
01-01-2022 01:00,1488
01-01-2022 02:00,1461
01-01-2022 03:00,1424
01-01-2022 04:00,1368
01-01-2022 05:00,1309
01-01-2022 06:00,1319
01-01-2022 07:00,1417
01-01-2022 08:00,1544
01-01-2022 09:00,1544
01-01-2022 10:00,1496
01-01-2022 11:00,1478
01-01-2022 12:00,1465
01-01-2022 13:00,1439
01-01-2022 14:00,1429
01-01-2022 15:00,1450
01-01-2022 16:00,1511
01-01-2022 17:00,1629
01-01-2022 18:00,1665
01-01-2022 19:00,1665
01-01-2022 20:00,1662
01-01-2022 21:00,1648
01-01-2022 22:00,1585
01-01-2022 23:00,1546
02-01-2022 00:00,1463
02-01-2022 01:00,1411
02-01-2022 02:00,1407
02-01-2022 03:00,1394
02-01-2022 04:00,1356
02-01-2022 05:00,1322
02-01-2022 06:00,1358
02-01-2022 07:00,1473
02-01-2022 08:00,1604
02-01-2022 09:00,1606
02-01-2022 10:00,1533
02-01-2022 11:00,1458
02-01-2022 12:00,1399
02-01-2022 13:00,1352
02-01-2022 14:00,1337
02-01-2022 15:00,1361
02-01-2022 16:00,1436
02-01-2022 17:00,1582
02-01-2022 18:00,1643
02-01-2022 19:00,1647
02-01-2022 20:00,1645
02-01-2022 21:00,1615
02-01-2022 22:00,1547
02-01-2022 23:00,1498
03-01-2022 00:00,1400
03-01-2022 01:00,1350
03-01-2022 02:00,1352
03-01-2022 03:00,1337
03-01-2022 04:00,1300
03-01-2022 05:00,1261
03-01-2022 06:00,1289
03-01-2022 07:00,1396
03-01-2022 08:00,1523
03-01-2022 09:00,1539
03-01-2022 10:00,1486
03-01-2022 11:00,1445
03-01-2022 12:00,1395
03-01-2022 13:00,1351
03-01-2022 14:00,1339
03-01-2022 15:00,1366
03-01-2022 16:00,1438
03-01-2022 17:00,1586
03-01-2022 18:00,1652
03-01-2022 19:00,1664
03-01-2022 20:00,1648
03-01-2022 21:00,1603
03-01-2022 22:00,1517
03-01-2022 23:00,1452
04-01-2022 00:00,1363
04-01-2022 01:00,1324
04-01-2022 02:00,1341
04-01-2022 03:00,1333
04-01-2022 04:00,1306
04-01-2022 05:00,1295
04-01-2022 06:00,1390
04-01-2022 07:00,1547
04-01-2022 08:00,1724
04-01-2022 09:00,1763
04-01-2022 10:00,1720
04-01-2022 11:00,1695
04-01-2022 12:00,1680
04-01-2022 13:00,1687
04-01-2022 14:00,1699
04-01-2022 15:00,1728
04-01-2022 16:00,1790
04-01-2022 17:00,1888
04-01-2022 18:00,1906
04-01-2022 19:00,1885
04-01-2022 20:00,1841
04-01-2022 21:00,1757
04-01-2022 22:00,1640
04-01-2022 23:00,1551
05-01-2022 00:00,1454
05-01-2022 01:00,1420
05-01-2022 02:00,1435
05-01-2022 03:00,1427
05-01-2022 04:00,1406
05-01-2022 05:00,1433
05-01-2022 06:00,1591
05-01-2022 07:00,1819
05-01-2022 08:00,2090
05-01-2022 09:00,2181
05-01-2022 10:00,2151
05-01-2022 11:00,2133
05-01-2022 12:00,2073
05-01-2022 13:00,2119
05-01-2022 14:00,2141
05-01-2022 15:00,2152
05-01-2022 16:00,2180
05-01-2022 17:00,2212
05-01-2022 18:00,2204
05-01-2022 19:00,2160
05-01-2022 20:00,2092
05-01-2022 21:00,1989
05-01-2022 22:00,1846
05-01-2022 23:00,1734
06-01-2022 00:00,1610
06-01-2022 01:00,1556
06-01-2022 02:00,1563
06-01-2022 03:00,1560
06-01-2022 04:00,1541
06-01-2022 05:00,1553
06-01-2022 06:00,1722
06-01-2022 07:00,1955
06-01-2022 08:00,2277
06-01-2022 09:00,2434
06-01-2022 10:00,2432
06-01-2022 11:00,2397
06-01-2022 12:00,2255
06-01-2022 13:00,2275
06-01-2022 14:00,2192
06-01-2022 15:00,2175
06-01-2022 16:00,2223
06-01-2022 17:00,2271
06-01-2022 18:00,2277
06-01-2022 19:00,2224
06-01-2022 20:00,2152
06-01-2022 21:00,2068
06-01-2022 22:00,1937
06-01-2022 23:00,1826
07-01-2022 00:00,1686
07-01-2022 01:00,1625
07-01-2022 02:00,1627
07-01-2022 03:00,1617
07-01-2022 04:00,1605
07-01-2022 05:00,1629
07-01-2022 06:00,1801
07-01-2022 07:00,2022
07-01-2022 08:00,2296
07-01-2022 09:00,2389
07-01-2022 10:00,2326
07-01-2022 11:00,2308
07-01-2022 12:00,2214
07-01-2022 13:00,2263
07-01-2022 14:00,2253
07-01-2022 15:00,2250
07-01-2022 16:00,2276
07-01-2022 17:00,2299
07-01-2022 18:00,2271
07-01-2022 19:00,2204
07-01-2022 20:00,2131
07-01-2022 21:00,2046
07-01-2022 22:00,1954
07-01-2022 23:00,1867
08-01-2022 00:00,1749
08-01-2022 01:00,1688
08-01-2022 02:00,1680
08-01-2022 03:00,1659
08-01-2022 04:00,1619
08-01-2022 05:00,1591
08-01-2022 06:00,1664
08-01-2022 07:00,1829
08-01-2022 08:00,2014
08-01-2022 09:00,2037
08-01-2022 10:00,1945
08-01-2022 11:00,1870
08-01-2022 12:00,1784
08-01-2022 13:00,1763
08-01-2022 14:00,1744
08-01-2022 15:00,1766
08-01-2022 16:00,1823
08-01-2022 17:00,1929
08-01-2022 18:00,1977
08-01-2022 19:00,1965
08-01-2022 20:00,1932
08-01-2022 21:00,1866
08-01-2022 22:00,1787
08-01-2022 23:00,1726
09-01-2022 00:00,1634
09-01-2022 01:00,1586
09-01-2022 02:00,1592
09-01-2022 03:00,1572
09-01-2022 04:00,1535
09-01-2022 05:00,1499
09-01-2022 06:00,1531
09-01-2022 07:00,1632
09-01-2022 08:00,1750
09-01-2022 09:00,1760
09-01-2022 10:00,1697
09-01-2022 11:00,1647
09-01-2022 12:00,1623
09-01-2022 13:00,1566
09-01-2022 14:00,1553
09-01-2022 15:00,1584
09-01-2022 16:00,1658
09-01-2022 17:00,1789
09-01-2022 18:00,1828
09-01-2022 19:00,1814
09-01-2022 20:00,1788
09-01-2022 21:00,1721
09-01-2022 22:00,1627
09-01-2022 23:00,1553
10-01-2022 00:00,1464
10-01-2022 01:00,1429
10-01-2022 02:00,1452
10-01-2022 03:00,1464
10-01-2022 04:00,1449
10-01-2022 05:00,1441
10-01-2022 06:00,1487
10-01-2022 07:00,1618
10-01-2022 08:00,1786
10-01-2022 09:00,1816
10-01-2022 10:00,1750
10-01-2022 11:00,1696
10-01-2022 12:00,1642
10-01-2022 13:00,1631
10-01-2022 14:00,1614
10-01-2022 15:00,1634
10-01-2022 16:00,1707
10-01-2022 17:00,1844
10-01-2022 18:00,1906
10-01-2022 19:00,1888
10-01-2022 20:00,1865
10-01-2022 21:00,1803
10-01-2022 22:00,1689
10-01-2022 23:00,1621
11-01-2022 00:00,1529
11-01-2022 01:00,1500
11-01-2022 02:00,1525
11-01-2022 03:00,1518
11-01-2022 04:00,1506
11-01-2022 05:00,1531
11-01-2022 06:00,1690
11-01-2022 07:00,1929
11-01-2022 08:00,2192
11-01-2022 09:00,2346
11-01-2022 10:00,2351
11-01-2022 11:00,2339
11-01-2022 12:00,2238
11-01-2022 13:00,2283
11-01-2022 14:00,2255
11-01-2022 15:00,2233
11-01-2022 16:00,2244
11-01-2022 17:00,2251
11-01-2022 18:00,2241
11-01-2022 19:00,2179
11-01-2022 20:00,2113
11-01-2022 21:00,2031
11-01-2022 22:00,1913
11-01-2022 23:00,1807
12-01-2022 00:00,1689
12-01-2022 01:00,1638
12-01-2022 02:00,1645
12-01-2022 03:00,1638
12-01-2022 04:00,1620
12-01-2022 05:00,1650
12-01-2022 06:00,1832
12-01-2022 07:00,2077
12-01-2022 08:00,2320
12-01-2022 09:00,2409
12-01-2022 10:00,2362
12-01-2022 11:00,2335
12-01-2022 12:00,2254
12-01-2022 13:00,2325
12-01-2022 14:00,2315
12-01-2022 15:00,2301
12-01-2022 16:00,2345
12-01-2022 17:00,2379
12-01-2022 18:00,2361
12-01-2022 19:00,2286
12-01-2022 20:00,2204
12-01-2022 21:00,2095
12-01-2022 22:00,1969
12-01-2022 23:00,1850
13-01-2022 00:00,1721
13-01-2022 01:00,1663
13-01-2022 02:00,1666
13-01-2022 03:00,1662
13-01-2022 04:00,1645
13-01-2022 05:00,1669
13-01-2022 06:00,1855
13-01-2022 07:00,2095
13-01-2022 08:00,2334
13-01-2022 09:00,2428
13-01-2022 10:00,2392
13-01-2022 11:00,2330
13-01-2022 12:00,2211
13-01-2022 13:00,2271
13-01-2022 14:00,2259
13-01-2022 15:00,2268
13-01-2022 16:00,2335
13-01-2022 17:00,2405
13-01-2022 18:00,2424
13-01-2022 19:00,2365
13-01-2022 20:00,2294
13-01-2022 21:00,2206
13-01-2022 22:00,2080
13-01-2022 23:00,1957
14-01-2022 00:00,1829
14-01-2022 01:00,1768
14-01-2022 02:00,1761
14-01-2022 03:00,1740
14-01-2022 04:00,1713
14-01-2022 05:00,1765
14-01-2022 06:00,1959
14-01-2022 07:00,2203
14-01-2022 08:00,2435
14-01-2022 09:00,2545
14-01-2022 10:00,2498
14-01-2022 11:00,2432
14-01-2022 12:00,2294
14-01-2022 13:00,2344
14-01-2022 14:00,2334
14-01-2022 15:00,2330
14-01-2022 16:00,2373
14-01-2022 17:00,2405
14-01-2022 18:00,2398
14-01-2022 19:00,2325
14-01-2022 20:00,2241
14-01-2022 21:00,2140
14-01-2022 22:00,2017
14-01-2022 23:00,1909
15-01-2022 00:00,1787
15-01-2022 01:00,1722
15-01-2022 02:00,1708
15-01-2022 03:00,1684
15-01-2022 04:00,1641
15-01-2022 05:00,1602
15-01-2022 06:00,1687
15-01-2022 07:00,1849
15-01-2022 08:00,2056
15-01-2022 09:00,2129
15-01-2022 10:00,2076
15-01-2022 11:00,1996
15-01-2022 12:00,1901
15-01-2022 13:00,1872
15-01-2022 14:00,1838
15-01-2022 15:00,1856
15-01-2022 16:00,1898
15-01-2022 17:00,2001
15-01-2022 18:00,2040
15-01-2022 19:00,2023
15-01-2022 20:00,1985
15-01-2022 21:00,1912
15-01-2022 22:00,1812
15-01-2022 23:00,1754
16-01-2022 00:00,1674
16-01-2022 01:00,1618
16-01-2022 02:00,1623
16-01-2022 03:00,1609
16-01-2022 04:00,1562
16-01-2022 05:00,1532
16-01-2022 06:00,1579
16-01-2022 07:00,1700
16-01-2022 08:00,1835
16-01-2022 09:00,1869
16-01-2022 10:00,1826
16-01-2022 11:00,1754
16-01-2022 12:00,1714
16-01-2022 13:00,1666
16-01-2022 14:00,1647
16-01-2022 15:00,1673
16-01-2022 16:00,1733
16-01-2022 17:00,1869
16-01-2022 18:00,1931
16-01-2022 19:00,1913
16-01-2022 20:00,1866
16-01-2022 21:00,1781
16-01-2022 22:00,1666
16-01-2022 23:00,1580
17-01-2022 00:00,1472
17-01-2022 01:00,1448
17-01-2022 02:00,1481
17-01-2022 03:00,1492
17-01-2022 04:00,1493
17-01-2022 05:00,1546
17-01-2022 06:00,1723
17-01-2022 07:00,1964
17-01-2022 08:00,2214
17-01-2022 09:00,2304
17-01-2022 10:00,2283
17-01-2022 11:00,2259
17-01-2022 12:00,2142
17-01-2022 13:00,2179
17-01-2022 14:00,2180
17-01-2022 15:00,2178
17-01-2022 16:00,2218
17-01-2022 17:00,2257
17-01-2022 18:00,2257
17-01-2022 19:00,2194
17-01-2022 20:00,2128
17-01-2022 21:00,2048
17-01-2022 22:00,1934
17-01-2022 23:00,1827
18-01-2022 00:00,1711
18-01-2022 01:00,1658
18-01-2022 02:00,1671
18-01-2022 03:00,1671
18-01-2022 04:00,1649
18-01-2022 05:00,1682
18-01-2022 06:00,1874
18-01-2022 07:00,2105
18-01-2022 08:00,2338
18-01-2022 09:00,2420
18-01-2022 10:00,2384
18-01-2022 11:00,2361
18-01-2022 12:00,2258
18-01-2022 13:00,2318
18-01-2022 14:00,2308
18-01-2022 15:00,2312
18-01-2022 16:00,2356
18-01-2022 17:00,2409
18-01-2022 18:00,2410
18-01-2022 19:00,2341
18-01-2022 20:00,2259
18-01-2022 21:00,2156
18-01-2022 22:00,2017
18-01-2022 23:00,1909
19-01-2022 00:00,1777
19-01-2022 01:00,1719
19-01-2022 02:00,1716
19-01-2022 03:00,1704
19-01-2022 04:00,1682
19-01-2022 05:00,1723
19-01-2022 06:00,1907
19-01-2022 07:00,2141
19-01-2022 08:00,2370
19-01-2022 09:00,2427
19-01-2022 10:00,2371
19-01-2022 11:00,2335
19-01-2022 12:00,2227
19-01-2022 13:00,2256
19-01-2022 14:00,2236
19-01-2022 15:00,2238
19-01-2022 16:00,2285
19-01-2022 17:00,2325
19-01-2022 18:00,2335
19-01-2022 19:00,2272
19-01-2022 20:00,2206
19-01-2022 21:00,2112
19-01-2022 22:00,1997
19-01-2022 23:00,1898
20-01-2022 00:00,1770
20-01-2022 01:00,1713
20-01-2022 02:00,1706
20-01-2022 03:00,1700
20-01-2022 04:00,1689
20-01-2022 05:00,1722
20-01-2022 06:00,1897
20-01-2022 07:00,2134
20-01-2022 08:00,2384
20-01-2022 09:00,2497
20-01-2022 10:00,2449
20-01-2022 11:00,2414
20-01-2022 12:00,2293
20-01-2022 13:00,2310
20-01-2022 14:00,2290
20-01-2022 15:00,2286
20-01-2022 16:00,2338
20-01-2022 17:00,2381
20-01-2022 18:00,2402
20-01-2022 19:00,2339
20-01-2022 20:00,2259
20-01-2022 21:00,2171
20-01-2022 22:00,2042
20-01-2022 23:00,1935
21-01-2022 00:00,1818
21-01-2022 01:00,1757
21-01-2022 02:00,1755
21-01-2022 03:00,1740
21-01-2022 04:00,1710
21-01-2022 05:00,1753
21-01-2022 06:00,1957
21-01-2022 07:00,2192
21-01-2022 08:00,2435
21-01-2022 09:00,2537
21-01-2022 10:00,2480
21-01-2022 11:00,2440
21-01-2022 12:00,2341
21-01-2022 13:00,2395
21-01-2022 14:00,2379
21-01-2022 15:00,2379
21-01-2022 16:00,2413
21-01-2022 17:00,2423
21-01-2022 18:00,2404
21-01-2022 19:00,2317
21-01-2022 20:00,2244
21-01-2022 21:00,2139
21-01-2022 22:00,2006
21-01-2022 23:00,1908
22-01-2022 00:00,1780
22-01-2022 01:00,1708
22-01-2022 02:00,1698
22-01-2022 03:00,1668
22-01-2022 04:00,1617
22-01-2022 05:00,1592
22-01-2022 06:00,1661
22-01-2022 07:00,1807
22-01-2022 08:00,2010
22-01-2022 09:00,2108
22-01-2022 10:00,2063
22-01-2022 11:00,1976
22-01-2022 12:00,1901
22-01-2022 13:00,1864
22-01-2022 14:00,1819
22-01-2022 15:00,1812
22-01-2022 16:00,1862
22-01-2022 17:00,1975
22-01-2022 18:00,2040
22-01-2022 19:00,2028
22-01-2022 20:00,1999
22-01-2022 21:00,1928
22-01-2022 22:00,1830
22-01-2022 23:00,1761
23-01-2022 00:00,1667
23-01-2022 01:00,1622
23-01-2022 02:00,1612
23-01-2022 03:00,1592
23-01-2022 04:00,1557
23-01-2022 05:00,1515
23-01-2022 06:00,1551
23-01-2022 07:00,1671
23-01-2022 08:00,1850
23-01-2022 09:00,1978
23-01-2022 10:00,1987
23-01-2022 11:00,1977
23-01-2022 12:00,1965
23-01-2022 13:00,1942
23-01-2022 14:00,1935
23-01-2022 15:00,1943
23-01-2022 16:00,1996
23-01-2022 17:00,2085
23-01-2022 18:00,2114
23-01-2022 19:00,2080
23-01-2022 20:00,2023
23-01-2022 21:00,1926
23-01-2022 22:00,1790
23-01-2022 23:00,1696
24-01-2022 00:00,1576
24-01-2022 01:00,1532
24-01-2022 02:00,1543
24-01-2022 03:00,1537
24-01-2022 04:00,1519
24-01-2022 05:00,1550
24-01-2022 06:00,1732
24-01-2022 07:00,1971
24-01-2022 08:00,2256
24-01-2022 09:00,2391
24-01-2022 10:00,2358
24-01-2022 11:00,2306
24-01-2022 12:00,2159
24-01-2022 13:00,2168
24-01-2022 14:00,2138
24-01-2022 15:00,2149
24-01-2022 16:00,2212
24-01-2022 17:00,2247
24-01-2022 18:00,2266
24-01-2022 19:00,2203
24-01-2022 20:00,2133
24-01-2022 21:00,2039
24-01-2022 22:00,1929
24-01-2022 23:00,1830
25-01-2022 00:00,1714
25-01-2022 01:00,1667
25-01-2022 02:00,1671
25-01-2022 03:00,1669
25-01-2022 04:00,1655
25-01-2022 05:00,1694
25-01-2022 06:00,1889
25-01-2022 07:00,2105
25-01-2022 08:00,2325
25-01-2022 09:00,2396
25-01-2022 10:00,2342
25-01-2022 11:00,2298
25-01-2022 12:00,2187
25-01-2022 13:00,2252
25-01-2022 14:00,2239
25-01-2022 15:00,2229
25-01-2022 16:00,2264
25-01-2022 17:00,2271
25-01-2022 18:00,2259
25-01-2022 19:00,2190
25-01-2022 20:00,2119
25-01-2022 21:00,2032
25-01-2022 22:00,1924
25-01-2022 23:00,1830
26-01-2022 00:00,1711
26-01-2022 01:00,1668
26-01-2022 02:00,1670
26-01-2022 03:00,1669
26-01-2022 04:00,1658
26-01-2022 05:00,1683
26-01-2022 06:00,1877
26-01-2022 07:00,2085
26-01-2022 08:00,2310
26-01-2022 09:00,2380
26-01-2022 10:00,2304
26-01-2022 11:00,2235
26-01-2022 12:00,2098
26-01-2022 13:00,2127
26-01-2022 14:00,2089
26-01-2022 15:00,2096
26-01-2022 16:00,2134
26-01-2022 17:00,2162
26-01-2022 18:00,2160
26-01-2022 19:00,2098
26-01-2022 20:00,2022
26-01-2022 21:00,1934
26-01-2022 22:00,1829
26-01-2022 23:00,1712
27-01-2022 00:00,1600
27-01-2022 01:00,1570
27-01-2022 02:00,1586
27-01-2022 03:00,1588
27-01-2022 04:00,1574
27-01-2022 05:00,1595
27-01-2022 06:00,1747
27-01-2022 07:00,1945
27-01-2022 08:00,2163
27-01-2022 09:00,2223
27-01-2022 10:00,2178
27-01-2022 11:00,2154
27-01-2022 12:00,2048
27-01-2022 13:00,2095
27-01-2022 14:00,2082
27-01-2022 15:00,2071
27-01-2022 16:00,2114
27-01-2022 17:00,2156
27-01-2022 18:00,2176
27-01-2022 19:00,2120
27-01-2022 20:00,2059
27-01-2022 21:00,1973
27-01-2022 22:00,1857
27-01-2022 23:00,1767
28-01-2022 00:00,1674
28-01-2022 01:00,1645
28-01-2022 02:00,1651
28-01-2022 03:00,1650
28-01-2022 04:00,1629
28-01-2022 05:00,1669
28-01-2022 06:00,1841
28-01-2022 07:00,2042
28-01-2022 08:00,2255
28-01-2022 09:00,2293
28-01-2022 10:00,2219
28-01-2022 11:00,2170
28-01-2022 12:00,2052
28-01-2022 13:00,2079
28-01-2022 14:00,2059
28-01-2022 15:00,2065
28-01-2022 16:00,2087
28-01-2022 17:00,2117
28-01-2022 18:00,2134
28-01-2022 19:00,2077
28-01-2022 20:00,2010
28-01-2022 21:00,1927
28-01-2022 22:00,1839
28-01-2022 23:00,1763
29-01-2022 00:00,1661
29-01-2022 01:00,1614
29-01-2022 02:00,1622
29-01-2022 03:00,1606
29-01-2022 04:00,1576
29-01-2022 05:00,1556
29-01-2022 06:00,1615
29-01-2022 07:00,1741
29-01-2022 08:00,1929
29-01-2022 09:00,1973
29-01-2022 10:00,1934
29-01-2022 11:00,1900
29-01-2022 12:00,1838
29-01-2022 13:00,1810
29-01-2022 14:00,1766
29-01-2022 15:00,1756
29-01-2022 16:00,1794
29-01-2022 17:00,1883
29-01-2022 18:00,1939
29-01-2022 19:00,1916
29-01-2022 20:00,1872
29-01-2022 21:00,1790
29-01-2022 22:00,1693
29-01-2022 23:00,1628
30-01-2022 00:00,1544
30-01-2022 01:00,1507
30-01-2022 02:00,1503
30-01-2022 03:00,1500
30-01-2022 04:00,1474
30-01-2022 05:00,1436
30-01-2022 06:00,1461
30-01-2022 07:00,1564
30-01-2022 08:00,1691
30-01-2022 09:00,1754
30-01-2022 10:00,1725
30-01-2022 11:00,1700
30-01-2022 12:00,1717
30-01-2022 13:00,1693
30-01-2022 14:00,1664
30-01-2022 15:00,1682
30-01-2022 16:00,1730
30-01-2022 17:00,1860
30-01-2022 18:00,1944
30-01-2022 19:00,1934
30-01-2022 20:00,1897
30-01-2022 21:00,1811
30-01-2022 22:00,1690
30-01-2022 23:00,1614
31-01-2022 00:00,1527
31-01-2022 01:00,1496
31-01-2022 02:00,1515
31-01-2022 03:00,1522
31-01-2022 04:00,1513
31-01-2022 05:00,1563
31-01-2022 06:00,1759
31-01-2022 07:00,2000
31-01-2022 08:00,2253
31-01-2022 09:00,2341
31-01-2022 10:00,2280
31-01-2022 11:00,2218
31-01-2022 12:00,2112
31-01-2022 13:00,2121
31-01-2022 14:00,2099
31-01-2022 15:00,2105
31-01-2022 16:00,2162
31-01-2022 17:00,2207
31-01-2022 18:00,2237
31-01-2022 19:00,2182
31-01-2022 20:00,2117
31-01-2022 21:00,2026
31-01-2022 22:00,1906
31-01-2022 23:00,1813
01-02-2022 00:00,1707
01-02-2022 01:00,1661
01-02-2022 02:00,1667
01-02-2022 03:00,1655
01-02-2022 04:00,1646
01-02-2022 05:00,1688
01-02-2022 06:00,1874
01-02-2022 07:00,2081
01-02-2022 08:00,2271
01-02-2022 09:00,2302
01-02-2022 10:00,2222
01-02-2022 11:00,2189
01-02-2022 12:00,2070
01-02-2022 13:00,2142
01-02-2022 14:00,2142
01-02-2022 15:00,2168
01-02-2022 16:00,2221
01-02-2022 17:00,2248
01-02-2022 18:00,2248
01-02-2022 19:00,2173
01-02-2022 20:00,2096
01-02-2022 21:00,2002
01-02-2022 22:00,1882
01-02-2022 23:00,1787
02-02-2022 00:00,1679
02-02-2022 01:00,1635
02-02-2022 02:00,1642
02-02-2022 03:00,1637
02-02-2022 04:00,1626
02-02-2022 05:00,1649
02-02-2022 06:00,1822
02-02-2022 07:00,2044
02-02-2022 08:00,2271
02-02-2022 09:00,2337
02-02-2022 10:00,2274
02-02-2022 11:00,2226
02-02-2022 12:00,2104
02-02-2022 13:00,2138
02-02-2022 14:00,2125
02-02-2022 15:00,2120
02-02-2022 16:00,2156
02-02-2022 17:00,2195
02-02-2022 18:00,2214
02-02-2022 19:00,2159
02-02-2022 20:00,2089
02-02-2022 21:00,1996
02-02-2022 22:00,1885
02-02-2022 23:00,1786
03-02-2022 00:00,1680
03-02-2022 01:00,1632
03-02-2022 02:00,1640
03-02-2022 03:00,1638
03-02-2022 04:00,1622
03-02-2022 05:00,1640
03-02-2022 06:00,1809
03-02-2022 07:00,2016
03-02-2022 08:00,2250
03-02-2022 09:00,2340
03-02-2022 10:00,2264
03-02-2022 11:00,2213
03-02-2022 12:00,2120
03-02-2022 13:00,2128
03-02-2022 14:00,2107
03-02-2022 15:00,2117
03-02-2022 16:00,2156
03-02-2022 17:00,2183
03-02-2022 18:00,2186
03-02-2022 19:00,2128
03-02-2022 20:00,2058
03-02-2022 21:00,1972
03-02-2022 22:00,1855
03-02-2022 23:00,1754
04-02-2022 00:00,1654
04-02-2022 01:00,1620
04-02-2022 02:00,1634
04-02-2022 03:00,1643
04-02-2022 04:00,1635
04-02-2022 05:00,1667
04-02-2022 06:00,1842
04-02-2022 07:00,2055
04-02-2022 08:00,2255
04-02-2022 09:00,2308
04-02-2022 10:00,2244
04-02-2022 11:00,2195
04-02-2022 12:00,2075
04-02-2022 13:00,2111
04-02-2022 14:00,2094
04-02-2022 15:00,2099
04-02-2022 16:00,2144
04-02-2022 17:00,2175
04-02-2022 18:00,2188
04-02-2022 19:00,2127
04-02-2022 20:00,2053
04-02-2022 21:00,1971
04-02-2022 22:00,1884
04-02-2022 23:00,1800
05-02-2022 00:00,1695
05-02-2022 01:00,1651
05-02-2022 02:00,1649
05-02-2022 03:00,1637
05-02-2022 04:00,1599
05-02-2022 05:00,1583
05-02-2022 06:00,1655
05-02-2022 07:00,1814
05-02-2022 08:00,1986
05-02-2022 09:00,2055
05-02-2022 10:00,2029
05-02-2022 11:00,2003
05-02-2022 12:00,1970
05-02-2022 13:00,1964
05-02-2022 14:00,1936
05-02-2022 15:00,1930
05-02-2022 16:00,1965
05-02-2022 17:00,2049
05-02-2022 18:00,2127
05-02-2022 19:00,2108
05-02-2022 20:00,2060
05-02-2022 21:00,1976
05-02-2022 22:00,1879
05-02-2022 23:00,1816
06-02-2022 00:00,1711
06-02-2022 01:00,1659
06-02-2022 02:00,1645
06-02-2022 03:00,1621
06-02-2022 04:00,1572
06-02-2022 05:00,1540
06-02-2022 06:00,1587
06-02-2022 07:00,1722
06-02-2022 08:00,1869
06-02-2022 09:00,1925
06-02-2022 10:00,1901
06-02-2022 11:00,1864
06-02-2022 12:00,1839
06-02-2022 13:00,1808
06-02-2022 14:00,1799
06-02-2022 15:00,1808
06-02-2022 16:00,1877
06-02-2022 17:00,2015
06-02-2022 18:00,2111
06-02-2022 19:00,2103
06-02-2022 20:00,2057
06-02-2022 21:00,1975
06-02-2022 22:00,1839
06-02-2022 23:00,1759
07-02-2022 00:00,1648
07-02-2022 01:00,1617
07-02-2022 02:00,1614
07-02-2022 03:00,1607
07-02-2022 04:00,1590
07-02-2022 05:00,1636
07-02-2022 06:00,1857
07-02-2022 07:00,2111
07-02-2022 08:00,2345
07-02-2022 09:00,2423
07-02-2022 10:00,2369
07-02-2022 11:00,2309
07-02-2022 12:00,2198
07-02-2022 13:00,2228
07-02-2022 14:00,2205
07-02-2022 15:00,2213
07-02-2022 16:00,2246
07-02-2022 17:00,2272
07-02-2022 18:00,2302
07-02-2022 19:00,2231
07-02-2022 20:00,2147
07-02-2022 21:00,2044
07-02-2022 22:00,1930
07-02-2022 23:00,1831
08-02-2022 00:00,1708
08-02-2022 01:00,1656
08-02-2022 02:00,1657
08-02-2022 03:00,1643
08-02-2022 04:00,1621
08-02-2022 05:00,1644
08-02-2022 06:00,1829
08-02-2022 07:00,2054
08-02-2022 08:00,2303
08-02-2022 09:00,2391
08-02-2022 10:00,2303
08-02-2022 11:00,2221
08-02-2022 12:00,2143
08-02-2022 13:00,2194
08-02-2022 14:00,2174
08-02-2022 15:00,2187
08-02-2022 16:00,2240
08-02-2022 17:00,2256
08-02-2022 18:00,2248
08-02-2022 19:00,2176
08-02-2022 20:00,2091
08-02-2022 21:00,1989
08-02-2022 22:00,1879
08-02-2022 23:00,1780
09-02-2022 00:00,1673
09-02-2022 01:00,1625
09-02-2022 02:00,1642
09-02-2022 03:00,1643
09-02-2022 04:00,1633
09-02-2022 05:00,1648
09-02-2022 06:00,1831
09-02-2022 07:00,2040
09-02-2022 08:00,2234
09-02-2022 09:00,2291
09-02-2022 10:00,2228
09-02-2022 11:00,2171
09-02-2022 12:00,2053
09-02-2022 13:00,2074
09-02-2022 14:00,2033
09-02-2022 15:00,2040
09-02-2022 16:00,2084
09-02-2022 17:00,2129
09-02-2022 18:00,2177
09-02-2022 19:00,2128
09-02-2022 20:00,2062
09-02-2022 21:00,1975
09-02-2022 22:00,1871
09-02-2022 23:00,1782
10-02-2022 00:00,1671
10-02-2022 01:00,1618
10-02-2022 02:00,1623
10-02-2022 03:00,1617
10-02-2022 04:00,1599
10-02-2022 05:00,1628
10-02-2022 06:00,1786
10-02-2022 07:00,1994
10-02-2022 08:00,2237
10-02-2022 09:00,2334
10-02-2022 10:00,2319
10-02-2022 11:00,2285
10-02-2022 12:00,2188
10-02-2022 13:00,2242
10-02-2022 14:00,2191
10-02-2022 15:00,2140
10-02-2022 16:00,2149
10-02-2022 17:00,2158
10-02-2022 18:00,2191
10-02-2022 19:00,2132
10-02-2022 20:00,2057
10-02-2022 21:00,1973
10-02-2022 22:00,1875
10-02-2022 23:00,1794
11-02-2022 00:00,1693
11-02-2022 01:00,1640
11-02-2022 02:00,1649
11-02-2022 03:00,1643
11-02-2022 04:00,1603
11-02-2022 05:00,1591
11-02-2022 06:00,1657
11-02-2022 07:00,1794
11-02-2022 08:00,1917
11-02-2022 09:00,1934
11-02-2022 10:00,1895
11-02-2022 11:00,1853
11-02-2022 12:00,1789
11-02-2022 13:00,1757
11-02-2022 14:00,1728
11-02-2022 15:00,1729
11-02-2022 16:00,1762
11-02-2022 17:00,1856
11-02-2022 18:00,1945
11-02-2022 19:00,1941
11-02-2022 20:00,1906
11-02-2022 21:00,1842
11-02-2022 22:00,1747
11-02-2022 23:00,1689
12-02-2022 00:00,1612
12-02-2022 01:00,1588
12-02-2022 02:00,1597
12-02-2022 03:00,1593
12-02-2022 04:00,1552
12-02-2022 05:00,1539
12-02-2022 06:00,1606
12-02-2022 07:00,1749
12-02-2022 08:00,1885
12-02-2022 09:00,1906
12-02-2022 10:00,1832
12-02-2022 11:00,1769
12-02-2022 12:00,1707
12-02-2022 13:00,1669
12-02-2022 14:00,1637
12-02-2022 15:00,1623
12-02-2022 16:00,1672
12-02-2022 17:00,1765
12-02-2022 18:00,1855
12-02-2022 19:00,1851
12-02-2022 20:00,1814
12-02-2022 21:00,1747
12-02-2022 22:00,1665
12-02-2022 23:00,1619
13-02-2022 00:00,1541
13-02-2022 01:00,1509
13-02-2022 02:00,1521
13-02-2022 03:00,1516
13-02-2022 04:00,1475
13-02-2022 05:00,1429
13-02-2022 06:00,1460
13-02-2022 07:00,1567
13-02-2022 08:00,1721
13-02-2022 09:00,1812
13-02-2022 10:00,1825
13-02-2022 11:00,1822
13-02-2022 12:00,1815
13-02-2022 13:00,1822
13-02-2022 14:00,1824
13-02-2022 15:00,1836
13-02-2022 16:00,1888
13-02-2022 17:00,1980
13-02-2022 18:00,2021
13-02-2022 19:00,1986
13-02-2022 20:00,1926
13-02-2022 21:00,1830
13-02-2022 22:00,1711
13-02-2022 23:00,1629
14-02-2022 00:00,1525
14-02-2022 01:00,1483
14-02-2022 02:00,1498
14-02-2022 03:00,1497
14-02-2022 04:00,1485
14-02-2022 05:00,1521
14-02-2022 06:00,1697
14-02-2022 07:00,1935
14-02-2022 08:00,2193
14-02-2022 09:00,2318
14-02-2022 10:00,2279
14-02-2022 11:00,2222
14-02-2022 12:00,2079
14-02-2022 13:00,2088
14-02-2022 14:00,2051
14-02-2022 15:00,2020
14-02-2022 16:00,2055
14-02-2022 17:00,2084
14-02-2022 18:00,2136
14-02-2022 19:00,2086
14-02-2022 20:00,2022
14-02-2022 21:00,1949
14-02-2022 22:00,1854
14-02-2022 23:00,1769
15-02-2022 00:00,1667
15-02-2022 01:00,1620
15-02-2022 02:00,1637
15-02-2022 03:00,1637
15-02-2022 04:00,1633
15-02-2022 05:00,1658
15-02-2022 06:00,1821
15-02-2022 07:00,2038
15-02-2022 08:00,2238
15-02-2022 09:00,2319
15-02-2022 10:00,2254
15-02-2022 11:00,2180
15-02-2022 12:00,2047
15-02-2022 13:00,2082
15-02-2022 14:00,2052
15-02-2022 15:00,2044
15-02-2022 16:00,2075
15-02-2022 17:00,2093
15-02-2022 18:00,2122
15-02-2022 19:00,2058
15-02-2022 20:00,1986
15-02-2022 21:00,1892
15-02-2022 22:00,1789
15-02-2022 23:00,1708
16-02-2022 00:00,1613
16-02-2022 01:00,1573
16-02-2022 02:00,1585
16-02-2022 03:00,1597
16-02-2022 04:00,1595
16-02-2022 05:00,1610
16-02-2022 06:00,1779
16-02-2022 07:00,2000
16-02-2022 08:00,2228
16-02-2022 09:00,2337
16-02-2022 10:00,2298
16-02-2022 11:00,2261
16-02-2022 12:00,2148
16-02-2022 13:00,2197
16-02-2022 14:00,2164
16-02-2022 15:00,2168
16-02-2022 16:00,2218
16-02-2022 17:00,2259
16-02-2022 18:00,2300
16-02-2022 19:00,2250
16-02-2022 20:00,2180
16-02-2022 21:00,2087
16-02-2022 22:00,1968
16-02-2022 23:00,1883
17-02-2022 00:00,1763
17-02-2022 01:00,1714
17-02-2022 02:00,1719
17-02-2022 03:00,1704
17-02-2022 04:00,1686
17-02-2022 05:00,1725
17-02-2022 06:00,1925
17-02-2022 07:00,2176
17-02-2022 08:00,2425
17-02-2022 09:00,2526
17-02-2022 10:00,2478
17-02-2022 11:00,2418
17-02-2022 12:00,2292
17-02-2022 13:00,2334
17-02-2022 14:00,2310
17-02-2022 15:00,2311
17-02-2022 16:00,2356
17-02-2022 17:00,2392
17-02-2022 18:00,2427
17-02-2022 19:00,2362
17-02-2022 20:00,2274
17-02-2022 21:00,2171
17-02-2022 22:00,2034
17-02-2022 23:00,1939
18-02-2022 00:00,1805
18-02-2022 01:00,1731
18-02-2022 02:00,1727
18-02-2022 03:00,1708
18-02-2022 04:00,1679
18-02-2022 05:00,1706
18-02-2022 06:00,1899
18-02-2022 07:00,2133
18-02-2022 08:00,2355
18-02-2022 09:00,2447
18-02-2022 10:00,2389
18-02-2022 11:00,2329
18-02-2022 12:00,2197
18-02-2022 13:00,2221
18-02-2022 14:00,2185
18-02-2022 15:00,2161
18-02-2022 16:00,2183
18-02-2022 17:00,2199
18-02-2022 18:00,2238
18-02-2022 19:00,2191
18-02-2022 20:00,2133
18-02-2022 21:00,2045
18-02-2022 22:00,1949
18-02-2022 23:00,1887
19-02-2022 00:00,1776
19-02-2022 01:00,1710
19-02-2022 02:00,1695
19-02-2022 03:00,1683
19-02-2022 04:00,1634
19-02-2022 05:00,1608
19-02-2022 06:00,1685
19-02-2022 07:00,1820
19-02-2022 08:00,1996
19-02-2022 09:00,2074
19-02-2022 10:00,2037
19-02-2022 11:00,2030
19-02-2022 12:00,1944
19-02-2022 13:00,1987
19-02-2022 14:00,1971
19-02-2022 15:00,1965
19-02-2022 16:00,1998
19-02-2022 17:00,2030
19-02-2022 18:00,2046
19-02-2022 19:00,2007
19-02-2022 20:00,1943
19-02-2022 21:00,1848
19-02-2022 22:00,1748
19-02-2022 23:00,1680
20-02-2022 00:00,1573
20-02-2022 01:00,1520
20-02-2022 02:00,1524
20-02-2022 03:00,1511
20-02-2022 04:00,1479
20-02-2022 05:00,1441
20-02-2022 06:00,1465
20-02-2022 07:00,1583
20-02-2022 08:00,1708
20-02-2022 09:00,1757
20-02-2022 10:00,1759
20-02-2022 11:00,1724
20-02-2022 12:00,1692
20-02-2022 13:00,1663
20-02-2022 14:00,1661
20-02-2022 15:00,1677
20-02-2022 16:00,1745
20-02-2022 17:00,1897
20-02-2022 18:00,2014
20-02-2022 19:00,2013
20-02-2022 20:00,1989
20-02-2022 21:00,1909
20-02-2022 22:00,1795
20-02-2022 23:00,1721
21-02-2022 00:00,1635
21-02-2022 01:00,1594
21-02-2022 02:00,1601
21-02-2022 03:00,1589
21-02-2022 04:00,1576
21-02-2022 05:00,1625
21-02-2022 06:00,1834
21-02-2022 07:00,2091
21-02-2022 08:00,2336
21-02-2022 09:00,2439
21-02-2022 10:00,2414
21-02-2022 11:00,2365
21-02-2022 12:00,2242
21-02-2022 13:00,2289
21-02-2022 14:00,2265
21-02-2022 15:00,2256
21-02-2022 16:00,2294
21-02-2022 17:00,2326
21-02-2022 18:00,2369
21-02-2022 19:00,2303
21-02-2022 20:00,2222
21-02-2022 21:00,2115
21-02-2022 22:00,1991
21-02-2022 23:00,1897
22-02-2022 00:00,1773
22-02-2022 01:00,1706
22-02-2022 02:00,1709
22-02-2022 03:00,1695
22-02-2022 04:00,1670
22-02-2022 05:00,1710
22-02-2022 06:00,1908
22-02-2022 07:00,2140
22-02-2022 08:00,2351
22-02-2022 09:00,2424
22-02-2022 10:00,2385
22-02-2022 11:00,2338
22-02-2022 12:00,2216
22-02-2022 13:00,2259
22-02-2022 14:00,2222
22-02-2022 15:00,2204
22-02-2022 16:00,2259
22-02-2022 17:00,2288
22-02-2022 18:00,2342
22-02-2022 19:00,2289
22-02-2022 20:00,2216
22-02-2022 21:00,2121
22-02-2022 22:00,2013
22-02-2022 23:00,1925
23-02-2022 00:00,1812
23-02-2022 01:00,1751
23-02-2022 02:00,1745
23-02-2022 03:00,1716
23-02-2022 04:00,1671
23-02-2022 05:00,1651
23-02-2022 06:00,1736
23-02-2022 07:00,1892
23-02-2022 08:00,2074
23-02-2022 09:00,2142
23-02-2022 10:00,2101
23-02-2022 11:00,2081
23-02-2022 12:00,2008
23-02-2022 13:00,2001
23-02-2022 14:00,1986
23-02-2022 15:00,2000
23-02-2022 16:00,2051
23-02-2022 17:00,2126
23-02-2022 18:00,2199
23-02-2022 19:00,2179
23-02-2022 20:00,2137
23-02-2022 21:00,2057
23-02-2022 22:00,1934
23-02-2022 23:00,1847
24-02-2022 00:00,1741
24-02-2022 01:00,1705
24-02-2022 02:00,1707
24-02-2022 03:00,1699
24-02-2022 04:00,1692
24-02-2022 05:00,1735
24-02-2022 06:00,1928
24-02-2022 07:00,2144
24-02-2022 08:00,2346
24-02-2022 09:00,2436
24-02-2022 10:00,2400
24-02-2022 11:00,2360
24-02-2022 12:00,2242
24-02-2022 13:00,2272
24-02-2022 14:00,2243
24-02-2022 15:00,2218
24-02-2022 16:00,2257
24-02-2022 17:00,2286
24-02-2022 18:00,2342
24-02-2022 19:00,2293
24-02-2022 20:00,2219
24-02-2022 21:00,2119
24-02-2022 22:00,2006
24-02-2022 23:00,1915
25-02-2022 00:00,1798
25-02-2022 01:00,1743
25-02-2022 02:00,1742
25-02-2022 03:00,1732
25-02-2022 04:00,1717
25-02-2022 05:00,1757
25-02-2022 06:00,1963
25-02-2022 07:00,2166
25-02-2022 08:00,2328
25-02-2022 09:00,2377
25-02-2022 10:00,2311
25-02-2022 11:00,2260
25-02-2022 12:00,2131
25-02-2022 13:00,2143
25-02-2022 14:00,2095
25-02-2022 15:00,2075
25-02-2022 16:00,2109
25-02-2022 17:00,2127
25-02-2022 18:00,2172
25-02-2022 19:00,2122
25-02-2022 20:00,2053
25-02-2022 21:00,1963
25-02-2022 22:00,1874
25-02-2022 23:00,1801
26-02-2022 00:00,1705
26-02-2022 01:00,1657
26-02-2022 02:00,1651
26-02-2022 03:00,1637
26-02-2022 04:00,1603
26-02-2022 05:00,1583
26-02-2022 06:00,1661
26-02-2022 07:00,1785
26-02-2022 08:00,1913
26-02-2022 09:00,1928
26-02-2022 10:00,1879
26-02-2022 11:00,1831
26-02-2022 12:00,1757
26-02-2022 13:00,1717
26-02-2022 14:00,1662
26-02-2022 15:00,1630
26-02-2022 16:00,1681
26-02-2022 17:00,1754
26-02-2022 18:00,1846
26-02-2022 19:00,1851
26-02-2022 20:00,1815
26-02-2022 21:00,1745
26-02-2022 22:00,1655
26-02-2022 23:00,1593
27-02-2022 00:00,1516
27-02-2022 01:00,1483
27-02-2022 02:00,1498
27-02-2022 03:00,1495
27-02-2022 04:00,1456
27-02-2022 05:00,1413
27-02-2022 06:00,1442
27-02-2022 07:00,1549
27-02-2022 08:00,1666
27-02-2022 09:00,1698
27-02-2022 10:00,1655
27-02-2022 11:00,1624
27-02-2022 12:00,1592
27-02-2022 13:00,1571
27-02-2022 14:00,1549
27-02-2022 15:00,1546
27-02-2022 16:00,1584
27-02-2022 17:00,1678
27-02-2022 18:00,1794
27-02-2022 19:00,1799
27-02-2022 20:00,1779
27-02-2022 21:00,1705
27-02-2022 22:00,1604
27-02-2022 23:00,1544
28-02-2022 00:00,1481
28-02-2022 01:00,1457
28-02-2022 02:00,1483
28-02-2022 03:00,1497
28-02-2022 04:00,1484
28-02-2022 05:00,1524
28-02-2022 06:00,1723
28-02-2022 07:00,1923
28-02-2022 08:00,2078
28-02-2022 09:00,2124
28-02-2022 10:00,2066
28-02-2022 11:00,2013
28-02-2022 12:00,1897
28-02-2022 13:00,1923
28-02-2022 14:00,1891
28-02-2022 15:00,1859
28-02-2022 16:00,1894
28-02-2022 17:00,1907
28-02-2022 18:00,1959
28-02-2022 19:00,1917
28-02-2022 20:00,1866
28-02-2022 21:00,1796
28-02-2022 22:00,1701
28-02-2022 23:00,1623
01-03-2022 00:00,1520
01-03-2022 01:00,1498
01-03-2022 02:00,1526
01-03-2022 03:00,1527
01-03-2022 04:00,1524
01-03-2022 05:00,1546
01-03-2022 06:00,1697
01-03-2022 07:00,1906
01-03-2022 08:00,2123
01-03-2022 09:00,2180
01-03-2022 10:00,2183
01-03-2022 11:00,2187
01-03-2022 12:00,2117
01-03-2022 13:00,2198
01-03-2022 14:00,2192
01-03-2022 15:00,2186
01-03-2022 16:00,2199
01-03-2022 17:00,2167
01-03-2022 18:00,2135
01-03-2022 19:00,2049
01-03-2022 20:00,1962
01-03-2022 21:00,1861
01-03-2022 22:00,1749
01-03-2022 23:00,1640
02-03-2022 00:00,1527
02-03-2022 01:00,1486
02-03-2022 02:00,1503
02-03-2022 03:00,1523
02-03-2022 04:00,1519
02-03-2022 05:00,1531
02-03-2022 06:00,1665
02-03-2022 07:00,1856
02-03-2022 08:00,2079
02-03-2022 09:00,2151
02-03-2022 10:00,2088
02-03-2022 11:00,2021
02-03-2022 12:00,1907
02-03-2022 13:00,1955
02-03-2022 14:00,1928
02-03-2022 15:00,1932
02-03-2022 16:00,1957
02-03-2022 17:00,1957
02-03-2022 18:00,1978
02-03-2022 19:00,1927
02-03-2022 20:00,1863
02-03-2022 21:00,1779
02-03-2022 22:00,1683
02-03-2022 23:00,1599
03-03-2022 00:00,1501
03-03-2022 01:00,1473
03-03-2022 02:00,1509
03-03-2022 03:00,1530
03-03-2022 04:00,1532
03-03-2022 05:00,1557
03-03-2022 06:00,1699
03-03-2022 07:00,1842
03-03-2022 08:00,1994
03-03-2022 09:00,2056
03-03-2022 10:00,2012
03-03-2022 11:00,1989
03-03-2022 12:00,1883
03-03-2022 13:00,1933
03-03-2022 14:00,1909
03-03-2022 15:00,1905
03-03-2022 16:00,1945
03-03-2022 17:00,1959
03-03-2022 18:00,1987
03-03-2022 19:00,1943
03-03-2022 20:00,1879
03-03-2022 21:00,1808
03-03-2022 22:00,1718
03-03-2022 23:00,1634
04-03-2022 00:00,1549
04-03-2022 01:00,1521
04-03-2022 02:00,1559
04-03-2022 03:00,1574
04-03-2022 04:00,1573
04-03-2022 05:00,1604
04-03-2022 06:00,1750
04-03-2022 07:00,1891
04-03-2022 08:00,2035
04-03-2022 09:00,2082
04-03-2022 10:00,2040
04-03-2022 11:00,2011
04-03-2022 12:00,1883
04-03-2022 13:00,1913
04-03-2022 14:00,1916
04-03-2022 15:00,1922
04-03-2022 16:00,1953
04-03-2022 17:00,1974
04-03-2022 18:00,1988
04-03-2022 19:00,1939
04-03-2022 20:00,1868
04-03-2022 21:00,1791
04-03-2022 22:00,1715
04-03-2022 23:00,1640
05-03-2022 00:00,1546
05-03-2022 01:00,1514
05-03-2022 02:00,1540
05-03-2022 03:00,1546
05-03-2022 04:00,1520
05-03-2022 05:00,1492
05-03-2022 06:00,1530
05-03-2022 07:00,1621
05-03-2022 08:00,1713
05-03-2022 09:00,1735
05-03-2022 10:00,1692
05-03-2022 11:00,1651
05-03-2022 12:00,1601
05-03-2022 13:00,1587
05-03-2022 14:00,1554
05-03-2022 15:00,1563
05-03-2022 16:00,1577
05-03-2022 17:00,1610
05-03-2022 18:00,1705
05-03-2022 19:00,1707
05-03-2022 20:00,1673
05-03-2022 21:00,1615
05-03-2022 22:00,1543
05-03-2022 23:00,1488
06-03-2022 00:00,1408
06-03-2022 01:00,1393
06-03-2022 02:00,1428
06-03-2022 03:00,1448
06-03-2022 04:00,1426
06-03-2022 05:00,1391
06-03-2022 06:00,1409
06-03-2022 07:00,1493
06-03-2022 08:00,1582
06-03-2022 09:00,1630
06-03-2022 10:00,1627
06-03-2022 11:00,1602
06-03-2022 12:00,1585
06-03-2022 13:00,1583
06-03-2022 14:00,1576
06-03-2022 15:00,1572
06-03-2022 16:00,1636
06-03-2022 17:00,1751
06-03-2022 18:00,1872
06-03-2022 19:00,1879
06-03-2022 20:00,1855
06-03-2022 21:00,1778
06-03-2022 22:00,1652
06-03-2022 23:00,1571
07-03-2022 00:00,1497
07-03-2022 01:00,1470
07-03-2022 02:00,1492
07-03-2022 03:00,1501
07-03-2022 04:00,1485
07-03-2022 05:00,1515
07-03-2022 06:00,1695
07-03-2022 07:00,1890
07-03-2022 08:00,2096
07-03-2022 09:00,2198
07-03-2022 10:00,2182
07-03-2022 11:00,2168
07-03-2022 12:00,2053
07-03-2022 13:00,2080
07-03-2022 14:00,2049
07-03-2022 15:00,2021
07-03-2022 16:00,2061
07-03-2022 17:00,2088
07-03-2022 18:00,2129
07-03-2022 19:00,2075
07-03-2022 20:00,2004
07-03-2022 21:00,1920
07-03-2022 22:00,1805
07-03-2022 23:00,1714
08-03-2022 00:00,1621
08-03-2022 01:00,1586
08-03-2022 02:00,1614
08-03-2022 03:00,1618
08-03-2022 04:00,1613
08-03-2022 05:00,1653
08-03-2022 06:00,1820
08-03-2022 07:00,1981
08-03-2022 08:00,2131
08-03-2022 09:00,2181
08-03-2022 10:00,2122
08-03-2022 11:00,2071
08-03-2022 12:00,1939
08-03-2022 13:00,1964
08-03-2022 14:00,1922
08-03-2022 15:00,1901
08-03-2022 16:00,1934
08-03-2022 17:00,1957
08-03-2022 18:00,2025
08-03-2022 19:00,1995
08-03-2022 20:00,1940
08-03-2022 21:00,1865
08-03-2022 22:00,1768
08-03-2022 23:00,1687
09-03-2022 00:00,1592
09-03-2022 01:00,1557
09-03-2022 02:00,1584
09-03-2022 03:00,1593
09-03-2022 04:00,1580
09-03-2022 05:00,1611
09-03-2022 06:00,1771
09-03-2022 07:00,1931
09-03-2022 08:00,2097
09-03-2022 09:00,2152
09-03-2022 10:00,2109
09-03-2022 11:00,2045
09-03-2022 12:00,1931
09-03-2022 13:00,1970
09-03-2022 14:00,1961
09-03-2022 15:00,1900
09-03-2022 16:00,1912
09-03-2022 17:00,1921
09-03-2022 18:00,1972
09-03-2022 19:00,1940
09-03-2022 20:00,1882
09-03-2022 21:00,1803
09-03-2022 22:00,1718
09-03-2022 23:00,1639
10-03-2022 00:00,1553
10-03-2022 01:00,1527
10-03-2022 02:00,1561
10-03-2022 03:00,1579
10-03-2022 04:00,1574
10-03-2022 05:00,1604
10-03-2022 06:00,1748
10-03-2022 07:00,1896
10-03-2022 08:00,2027
10-03-2022 09:00,2065
10-03-2022 10:00,2004
10-03-2022 11:00,1951
10-03-2022 12:00,1829
10-03-2022 13:00,1855
10-03-2022 14:00,1832
10-03-2022 15:00,1800
10-03-2022 16:00,1817
10-03-2022 17:00,1824
10-03-2022 18:00,1890
10-03-2022 19:00,1860
10-03-2022 20:00,1809
10-03-2022 21:00,1736
10-03-2022 22:00,1655
10-03-2022 23:00,1581
11-03-2022 00:00,1492
11-03-2022 01:00,1473
11-03-2022 02:00,1511
11-03-2022 03:00,1530
11-03-2022 04:00,1525
11-03-2022 05:00,1545
11-03-2022 06:00,1672
11-03-2022 07:00,1804
11-03-2022 08:00,1945
11-03-2022 09:00,1991
11-03-2022 10:00,1931
11-03-2022 11:00,1881
11-03-2022 12:00,1757
11-03-2022 13:00,1800
11-03-2022 14:00,1779
11-03-2022 15:00,1743
11-03-2022 16:00,1748
11-03-2022 17:00,1741
11-03-2022 18:00,1789
11-03-2022 19:00,1756
11-03-2022 20:00,1700
11-03-2022 21:00,1630
11-03-2022 22:00,1559
11-03-2022 23:00,1494
12-03-2022 00:00,1397
12-03-2022 01:00,1371
12-03-2022 02:00,1407
12-03-2022 03:00,1427
12-03-2022 04:00,1406
12-03-2022 05:00,1368
12-03-2022 06:00,1377
12-03-2022 07:00,1447
12-03-2022 08:00,1517
12-03-2022 09:00,1533
12-03-2022 10:00,1515
12-03-2022 11:00,1499
12-03-2022 12:00,1452
12-03-2022 13:00,1446
12-03-2022 14:00,1427
12-03-2022 15:00,1405
12-03-2022 16:00,1411
12-03-2022 17:00,1434
12-03-2022 18:00,1493
12-03-2022 19:00,1481
12-03-2022 20:00,1445
12-03-2022 21:00,1390
12-03-2022 22:00,1331
12-03-2022 23:00,1289
13-03-2022 00:00,1222
13-03-2022 01:00,1209
13-03-2022 02:00,1259
13-03-2022 03:00,1295
13-03-2022 04:00,1273
13-03-2022 05:00,1221
13-03-2022 06:00,1203
13-03-2022 07:00,1247
13-03-2022 08:00,1317
13-03-2022 09:00,1345
13-03-2022 10:00,1341
13-03-2022 11:00,1331
13-03-2022 12:00,1321
13-03-2022 13:00,1304
13-03-2022 14:00,1292
13-03-2022 15:00,1297
13-03-2022 16:00,1324
13-03-2022 17:00,1409
13-03-2022 18:00,1480
13-03-2022 19:00,1467
13-03-2022 20:00,1430
13-03-2022 21:00,1366
13-03-2022 22:00,1289
13-03-2022 23:00,1244
14-03-2022 00:00,1180
14-03-2022 01:00,1174
14-03-2022 02:00,1226
14-03-2022 03:00,1261
14-03-2022 04:00,1253
14-03-2022 05:00,1232
14-03-2022 06:00,1293
14-03-2022 07:00,1451
14-03-2022 08:00,1612
14-03-2022 09:00,1672
14-03-2022 10:00,1698
14-03-2022 11:00,1684
14-03-2022 12:00,1607
14-03-2022 13:00,1675
14-03-2022 14:00,1664
14-03-2022 15:00,1656
14-03-2022 16:00,1651
14-03-2022 17:00,1621
14-03-2022 18:00,1640
14-03-2022 19:00,1584
14-03-2022 20:00,1515
14-03-2022 21:00,1449
14-03-2022 22:00,1397
14-03-2022 23:00,1351
15-03-2022 00:00,1265
15-03-2022 01:00,1255
15-03-2022 02:00,1303
15-03-2022 03:00,1336
15-03-2022 04:00,1325
15-03-2022 05:00,1292
15-03-2022 06:00,1333
15-03-2022 07:00,1460
15-03-2022 08:00,1589
15-03-2022 09:00,1676
15-03-2022 10:00,1682
15-03-2022 11:00,1662
15-03-2022 12:00,1585
15-03-2022 13:00,1655
15-03-2022 14:00,1640
15-03-2022 15:00,1622
15-03-2022 16:00,1634
15-03-2022 17:00,1620
15-03-2022 18:00,1645
15-03-2022 19:00,1604
15-03-2022 20:00,1550
15-03-2022 21:00,1486
15-03-2022 22:00,1428
15-03-2022 23:00,1379
16-03-2022 00:00,1293
16-03-2022 01:00,1267
16-03-2022 02:00,1322
16-03-2022 03:00,1367
16-03-2022 04:00,1371
16-03-2022 05:00,1367
16-03-2022 06:00,1419
16-03-2022 07:00,1501
16-03-2022 08:00,1632
16-03-2022 09:00,1697
16-03-2022 10:00,1695
16-03-2022 11:00,1688
16-03-2022 12:00,1596
16-03-2022 13:00,1655
16-03-2022 14:00,1637
16-03-2022 15:00,1620
16-03-2022 16:00,1630
16-03-2022 17:00,1599
16-03-2022 18:00,1622
16-03-2022 19:00,1578
16-03-2022 20:00,1518
16-03-2022 21:00,1458
16-03-2022 22:00,1396
16-03-2022 23:00,1341
17-03-2022 00:00,1268
17-03-2022 01:00,1249
17-03-2022 02:00,1307
17-03-2022 03:00,1349
17-03-2022 04:00,1350
17-03-2022 05:00,1349
17-03-2022 06:00,1396
17-03-2022 07:00,1488
17-03-2022 08:00,1619
17-03-2022 09:00,1705
17-03-2022 10:00,1723
17-03-2022 11:00,1709
17-03-2022 12:00,1623
17-03-2022 13:00,1696
17-03-2022 14:00,1666
17-03-2022 15:00,1652
17-03-2022 16:00,1670
17-03-2022 17:00,1666
17-03-2022 18:00,1707
17-03-2022 19:00,1668
17-03-2022 20:00,1605
17-03-2022 21:00,1541
17-03-2022 22:00,1476
17-03-2022 23:00,1416
18-03-2022 00:00,1326
18-03-2022 01:00,1301
18-03-2022 02:00,1342
18-03-2022 03:00,1390
18-03-2022 04:00,1384
18-03-2022 05:00,1384
18-03-2022 06:00,1441
18-03-2022 07:00,1595
18-03-2022 08:00,1811
18-03-2022 09:00,1935
18-03-2022 10:00,1959
18-03-2022 11:00,1948
18-03-2022 12:00,1877
18-03-2022 13:00,1941
18-03-2022 14:00,1938
18-03-2022 15:00,1925
18-03-2022 16:00,1924
18-03-2022 17:00,1875
18-03-2022 18:00,1846
18-03-2022 19:00,1773
18-03-2022 20:00,1696
18-03-2022 21:00,1607
18-03-2022 22:00,1539
18-03-2022 23:00,1453
19-03-2022 00:00,1355
19-03-2022 01:00,1317
19-03-2022 02:00,1351
19-03-2022 03:00,1392
19-03-2022 04:00,1380
19-03-2022 05:00,1341
19-03-2022 06:00,1345
19-03-2022 07:00,1410
19-03-2022 08:00,1527
19-03-2022 09:00,1576
19-03-2022 10:00,1559
19-03-2022 11:00,1576
19-03-2022 12:00,1541
19-03-2022 13:00,1555
19-03-2022 14:00,1551
19-03-2022 15:00,1561
19-03-2022 16:00,1577
19-03-2022 17:00,1615
19-03-2022 18:00,1661
19-03-2022 19:00,1638
19-03-2022 20:00,1604
19-03-2022 21:00,1550
19-03-2022 22:00,1479
19-03-2022 23:00,1415
20-03-2022 00:00,1328
20-03-2022 01:00,1289
20-03-2022 02:00,1333
20-03-2022 03:00,1368
20-03-2022 04:00,1358
20-03-2022 05:00,1325
20-03-2022 06:00,1330
20-03-2022 07:00,1369
20-03-2022 08:00,1435
20-03-2022 09:00,1478
20-03-2022 10:00,1475
20-03-2022 11:00,1457
20-03-2022 12:00,1441
20-03-2022 13:00,1416
20-03-2022 14:00,1389
20-03-2022 15:00,1398
20-03-2022 16:00,1443
20-03-2022 17:00,1530
20-03-2022 18:00,1628
20-03-2022 19:00,1639
20-03-2022 20:00,1600
20-03-2022 21:00,1538
20-03-2022 22:00,1454
20-03-2022 23:00,1382
21-03-2022 00:00,1299
21-03-2022 01:00,1277
21-03-2022 02:00,1320
21-03-2022 03:00,1353
21-03-2022 04:00,1350
21-03-2022 05:00,1332
21-03-2022 06:00,1345
21-03-2022 07:00,1421
21-03-2022 08:00,1528
21-03-2022 09:00,1583
21-03-2022 10:00,1562
21-03-2022 11:00,1566
21-03-2022 12:00,1527
21-03-2022 13:00,1521
21-03-2022 14:00,1475
21-03-2022 15:00,1474
21-03-2022 16:00,1508
21-03-2022 17:00,1577
21-03-2022 18:00,1673
21-03-2022 19:00,1676
21-03-2022 20:00,1648
21-03-2022 21:00,1581
21-03-2022 22:00,1488
21-03-2022 23:00,1409
22-03-2022 00:00,1323
22-03-2022 01:00,1292
22-03-2022 02:00,1340
22-03-2022 03:00,1381
22-03-2022 04:00,1393
22-03-2022 05:00,1412
22-03-2022 06:00,1522
22-03-2022 07:00,1711
22-03-2022 08:00,1964
22-03-2022 09:00,2102
22-03-2022 10:00,2112
22-03-2022 11:00,2091
22-03-2022 12:00,1993
22-03-2022 13:00,2015
22-03-2022 14:00,1958
22-03-2022 15:00,1907
22-03-2022 16:00,1923
22-03-2022 17:00,1912
22-03-2022 18:00,1956
22-03-2022 19:00,1923
22-03-2022 20:00,1859
22-03-2022 21:00,1777
22-03-2022 22:00,1686
22-03-2022 23:00,1586
23-03-2022 00:00,1484
23-03-2022 01:00,1445
23-03-2022 02:00,1482
23-03-2022 03:00,1512
23-03-2022 04:00,1506
23-03-2022 05:00,1526
23-03-2022 06:00,1644
23-03-2022 07:00,1780
23-03-2022 08:00,1950
23-03-2022 09:00,2006
23-03-2022 10:00,1962
23-03-2022 11:00,1908
23-03-2022 12:00,1797
23-03-2022 13:00,1874
23-03-2022 14:00,1880
23-03-2022 15:00,1896
23-03-2022 16:00,1928
23-03-2022 17:00,1932
23-03-2022 18:00,1944
23-03-2022 19:00,1891
23-03-2022 20:00,1817
23-03-2022 21:00,1731
23-03-2022 22:00,1638
23-03-2022 23:00,1543
24-03-2022 00:00,1426
24-03-2022 01:00,1380
24-03-2022 02:00,1419
24-03-2022 03:00,1456
24-03-2022 04:00,1463
24-03-2022 05:00,1473
24-03-2022 06:00,1579
24-03-2022 07:00,1697
24-03-2022 08:00,1840
24-03-2022 09:00,1911
24-03-2022 10:00,1908
24-03-2022 11:00,1894
24-03-2022 12:00,1792
24-03-2022 13:00,1822
24-03-2022 14:00,1792
24-03-2022 15:00,1765
24-03-2022 16:00,1770
24-03-2022 17:00,1760
24-03-2022 18:00,1805
24-03-2022 19:00,1778
24-03-2022 20:00,1728
24-03-2022 21:00,1671
24-03-2022 22:00,1590
24-03-2022 23:00,1511
25-03-2022 00:00,1412
25-03-2022 01:00,1385
25-03-2022 02:00,1429
25-03-2022 03:00,1468
25-03-2022 04:00,1467
25-03-2022 05:00,1473
25-03-2022 06:00,1555
25-03-2022 07:00,1657
25-03-2022 08:00,1801
25-03-2022 09:00,1866
25-03-2022 10:00,1848
25-03-2022 11:00,1819
25-03-2022 12:00,1702
25-03-2022 13:00,1710
25-03-2022 14:00,1689
25-03-2022 15:00,1660
25-03-2022 16:00,1661
25-03-2022 17:00,1645
25-03-2022 18:00,1685
25-03-2022 19:00,1661
25-03-2022 20:00,1602
25-03-2022 21:00,1534
25-03-2022 22:00,1479
25-03-2022 23:00,1412
26-03-2022 00:00,1309
26-03-2022 01:00,1278
26-03-2022 02:00,1315
26-03-2022 03:00,1359
26-03-2022 04:00,1330
26-03-2022 05:00,1275
26-03-2022 06:00,1277
26-03-2022 07:00,1371
26-03-2022 08:00,1479
26-03-2022 09:00,1575
26-03-2022 10:00,1594
26-03-2022 11:00,1597
26-03-2022 12:00,1537
26-03-2022 13:00,1542
26-03-2022 14:00,1549
26-03-2022 15:00,1539
26-03-2022 16:00,1541
26-03-2022 17:00,1559
26-03-2022 18:00,1567
26-03-2022 19:00,1533
26-03-2022 20:00,1479
26-03-2022 21:00,1409
26-03-2022 22:00,1335
26-03-2022 23:00,1277
27-03-2022 00:00,1203
27-03-2022 01:00,1179
27-03-2022 02:00,1230
27-03-2022 03:00,1263
27-03-2022 04:00,1241
27-03-2022 05:00,1183
27-03-2022 06:00,1168
27-03-2022 07:00,1210
27-03-2022 08:00,1275
27-03-2022 09:00,1309
27-03-2022 10:00,1338
27-03-2022 11:00,1333
27-03-2022 12:00,1312
27-03-2022 13:00,1287
27-03-2022 14:00,1267
27-03-2022 15:00,1263
27-03-2022 16:00,1303
27-03-2022 17:00,1365
27-03-2022 18:00,1438
27-03-2022 19:00,1453
27-03-2022 20:00,1420
27-03-2022 21:00,1376
27-03-2022 22:00,1303
27-03-2022 23:00,1252
28-03-2022 00:00,1185
28-03-2022 01:00,1174
28-03-2022 02:00,1233
28-03-2022 03:00,1269
28-03-2022 04:00,1271
28-03-2022 05:00,1258
28-03-2022 06:00,1309
28-03-2022 07:00,1423
28-03-2022 08:00,1586
28-03-2022 09:00,1694
28-03-2022 10:00,1712
28-03-2022 11:00,1698
28-03-2022 12:00,1612
28-03-2022 13:00,1654
28-03-2022 14:00,1653
28-03-2022 15:00,1648
28-03-2022 16:00,1689
28-03-2022 17:00,1704
28-03-2022 18:00,1747
28-03-2022 19:00,1718
28-03-2022 20:00,1666
28-03-2022 21:00,1590
28-03-2022 22:00,1527
28-03-2022 23:00,1440
29-03-2022 00:00,1336
29-03-2022 01:00,1304
29-03-2022 02:00,1350
29-03-2022 03:00,1391
29-03-2022 04:00,1393
29-03-2022 05:00,1400
29-03-2022 06:00,1482
29-03-2022 07:00,1602
29-03-2022 08:00,1807
29-03-2022 09:00,1895
29-03-2022 10:00,1866
29-03-2022 11:00,1803
29-03-2022 12:00,1690
29-03-2022 13:00,1746
29-03-2022 14:00,1737
29-03-2022 15:00,1727
29-03-2022 16:00,1728
29-03-2022 17:00,1703
29-03-2022 18:00,1734
29-03-2022 19:00,1709
29-03-2022 20:00,1652
29-03-2022 21:00,1574
29-03-2022 22:00,1491
29-03-2022 23:00,1407
30-03-2022 00:00,1307
30-03-2022 01:00,1275
30-03-2022 02:00,1321
30-03-2022 03:00,1364
30-03-2022 04:00,1358
30-03-2022 05:00,1345
30-03-2022 06:00,1390
30-03-2022 07:00,1495
30-03-2022 08:00,1634
30-03-2022 09:00,1705
30-03-2022 10:00,1697
30-03-2022 11:00,1702
30-03-2022 12:00,1617
30-03-2022 13:00,1648
30-03-2022 14:00,1616
30-03-2022 15:00,1600
30-03-2022 16:00,1592
30-03-2022 17:00,1569
30-03-2022 18:00,1591
30-03-2022 19:00,1563
30-03-2022 20:00,1508
30-03-2022 21:00,1443
30-03-2022 22:00,1374
30-03-2022 23:00,1316
31-03-2022 00:00,1228
31-03-2022 01:00,1200
31-03-2022 02:00,1256
31-03-2022 03:00,1293
31-03-2022 04:00,1289
31-03-2022 05:00,1260
31-03-2022 06:00,1302
31-03-2022 07:00,1411
31-03-2022 08:00,1608
31-03-2022 09:00,1714
31-03-2022 10:00,1731
31-03-2022 11:00,1719
31-03-2022 12:00,1646
31-03-2022 13:00,1711
31-03-2022 14:00,1710
31-03-2022 15:00,1707
31-03-2022 16:00,1722
31-03-2022 17:00,1719
31-03-2022 18:00,1714
31-03-2022 19:00,1677
31-03-2022 20:00,1618
31-03-2022 21:00,1551
31-03-2022 22:00,1469
31-03-2022 23:00,1396
01-04-2022 00:00,1306
01-04-2022 01:00,1276
01-04-2022 02:00,1329
01-04-2022 03:00,1376
01-04-2022 04:00,1381
01-04-2022 05:00,1384
01-04-2022 06:00,1455
01-04-2022 07:00,1573
01-04-2022 08:00,1708
01-04-2022 09:00,1767
01-04-2022 10:00,1775
01-04-2022 11:00,1772
01-04-2022 12:00,1690
01-04-2022 13:00,1730
01-04-2022 14:00,1694
01-04-2022 15:00,1673
01-04-2022 16:00,1707
01-04-2022 17:00,1727
01-04-2022 18:00,1797
01-04-2022 19:00,1784
01-04-2022 20:00,1732
01-04-2022 21:00,1668
01-04-2022 22:00,1591
01-04-2022 23:00,1509
02-04-2022 00:00,1401
02-04-2022 01:00,1370
02-04-2022 02:00,1416
02-04-2022 03:00,1441
02-04-2022 04:00,1427
02-04-2022 05:00,1394
02-04-2022 06:00,1398
02-04-2022 07:00,1448
02-04-2022 08:00,1533
02-04-2022 09:00,1582
02-04-2022 10:00,1562
02-04-2022 11:00,1526
02-04-2022 12:00,1469
02-04-2022 13:00,1464
02-04-2022 14:00,1429
02-04-2022 15:00,1414
02-04-2022 16:00,1451
02-04-2022 17:00,1513
02-04-2022 18:00,1608
02-04-2022 19:00,1621
02-04-2022 20:00,1581
02-04-2022 21:00,1527
02-04-2022 22:00,1438
02-04-2022 23:00,1371
03-04-2022 00:00,1291
03-04-2022 01:00,1260
03-04-2022 02:00,1301
03-04-2022 03:00,1341
03-04-2022 04:00,1333
03-04-2022 05:00,1274
03-04-2022 06:00,1260
03-04-2022 07:00,1310
03-04-2022 08:00,1376
03-04-2022 09:00,1409
03-04-2022 10:00,1421
03-04-2022 11:00,1417
03-04-2022 12:00,1412
03-04-2022 13:00,1398
03-04-2022 14:00,1385
03-04-2022 15:00,1405
03-04-2022 16:00,1448
03-04-2022 17:00,1511
03-04-2022 18:00,1600
03-04-2022 19:00,1609
03-04-2022 20:00,1575
03-04-2022 21:00,1496
03-04-2022 22:00,1402
03-04-2022 23:00,1333
04-04-2022 00:00,1244
04-04-2022 01:00,1218
04-04-2022 02:00,1267
04-04-2022 03:00,1315
04-04-2022 04:00,1321
04-04-2022 05:00,1325
04-04-2022 06:00,1402
04-04-2022 07:00,1527
04-04-2022 08:00,1653
04-04-2022 09:00,1731
04-04-2022 10:00,1737
04-04-2022 11:00,1725
04-04-2022 12:00,1632
04-04-2022 13:00,1676
04-04-2022 14:00,1646
04-04-2022 15:00,1622
04-04-2022 16:00,1648
04-04-2022 17:00,1653
04-04-2022 18:00,1689
04-04-2022 19:00,1680
04-04-2022 20:00,1636
04-04-2022 21:00,1577
04-04-2022 22:00,1514
04-04-2022 23:00,1439
05-04-2022 00:00,1343
05-04-2022 01:00,1311
05-04-2022 02:00,1372
05-04-2022 03:00,1412
05-04-2022 04:00,1414
05-04-2022 05:00,1415
05-04-2022 06:00,1473
05-04-2022 07:00,1541
05-04-2022 08:00,1660
05-04-2022 09:00,1735
05-04-2022 10:00,1728
05-04-2022 11:00,1724
05-04-2022 12:00,1636
05-04-2022 13:00,1678
05-04-2022 14:00,1651
05-04-2022 15:00,1629
05-04-2022 16:00,1646
05-04-2022 17:00,1637
05-04-2022 18:00,1661
05-04-2022 19:00,1639
05-04-2022 20:00,1582
05-04-2022 21:00,1523
05-04-2022 22:00,1453
05-04-2022 23:00,1382
06-04-2022 00:00,1285
06-04-2022 01:00,1256
06-04-2022 02:00,1307
06-04-2022 03:00,1359
06-04-2022 04:00,1362
06-04-2022 05:00,1353
06-04-2022 06:00,1393
06-04-2022 07:00,1457
06-04-2022 08:00,1587
06-04-2022 09:00,1664
06-04-2022 10:00,1678
06-04-2022 11:00,1690
06-04-2022 12:00,1596
06-04-2022 13:00,1652
06-04-2022 14:00,1634
06-04-2022 15:00,1602
06-04-2022 16:00,1620
06-04-2022 17:00,1589
06-04-2022 18:00,1612
06-04-2022 19:00,1592
06-04-2022 20:00,1537
06-04-2022 21:00,1484
06-04-2022 22:00,1421
06-04-2022 23:00,1351
07-04-2022 00:00,1265
07-04-2022 01:00,1242
07-04-2022 02:00,1298
07-04-2022 03:00,1351
07-04-2022 04:00,1358
07-04-2022 05:00,1346
07-04-2022 06:00,1386
07-04-2022 07:00,1456
07-04-2022 08:00,1578
07-04-2022 09:00,1668
07-04-2022 10:00,1682
07-04-2022 11:00,1676
07-04-2022 12:00,1597
07-04-2022 13:00,1645
07-04-2022 14:00,1628
07-04-2022 15:00,1615
07-04-2022 16:00,1629
07-04-2022 17:00,1605
07-04-2022 18:00,1610
07-04-2022 19:00,1576
07-04-2022 20:00,1519
07-04-2022 21:00,1473
07-04-2022 22:00,1402
07-04-2022 23:00,1346
08-04-2022 00:00,1259
08-04-2022 01:00,1228
08-04-2022 02:00,1284
08-04-2022 03:00,1336
08-04-2022 04:00,1335
08-04-2022 05:00,1318
08-04-2022 06:00,1346
08-04-2022 07:00,1429
08-04-2022 08:00,1553
08-04-2022 09:00,1640
08-04-2022 10:00,1653
08-04-2022 11:00,1662
08-04-2022 12:00,1585
08-04-2022 13:00,1625
08-04-2022 14:00,1602
08-04-2022 15:00,1574
08-04-2022 16:00,1575
08-04-2022 17:00,1556
08-04-2022 18:00,1562
08-04-2022 19:00,1542
08-04-2022 20:00,1487
08-04-2022 21:00,1438
08-04-2022 22:00,1390
08-04-2022 23:00,1330
09-04-2022 00:00,1244
09-04-2022 01:00,1212
09-04-2022 02:00,1274
09-04-2022 03:00,1325
09-04-2022 04:00,1312
09-04-2022 05:00,1270
09-04-2022 06:00,1236
09-04-2022 07:00,1253
09-04-2022 08:00,1319
09-04-2022 09:00,1370
09-04-2022 10:00,1396
09-04-2022 11:00,1397
09-04-2022 12:00,1369
09-04-2022 13:00,1371
09-04-2022 14:00,1351
09-04-2022 15:00,1328
09-04-2022 16:00,1347
09-04-2022 17:00,1366
09-04-2022 18:00,1392
09-04-2022 19:00,1408
09-04-2022 20:00,1364
09-04-2022 21:00,1310
09-04-2022 22:00,1237
09-04-2022 23:00,1193
10-04-2022 00:00,1123
10-04-2022 01:00,1098
10-04-2022 02:00,1160
10-04-2022 03:00,1207
10-04-2022 04:00,1198
10-04-2022 05:00,1159
10-04-2022 06:00,1120
10-04-2022 07:00,1136
10-04-2022 08:00,1176
10-04-2022 09:00,1228
10-04-2022 10:00,1270
10-04-2022 11:00,1290
10-04-2022 12:00,1293
10-04-2022 13:00,1284
10-04-2022 14:00,1265
10-04-2022 15:00,1273
10-04-2022 16:00,1303
10-04-2022 17:00,1325
10-04-2022 18:00,1383
10-04-2022 19:00,1386
10-04-2022 20:00,1345
10-04-2022 21:00,1283
10-04-2022 22:00,1208
10-04-2022 23:00,1163
11-04-2022 00:00,1094
11-04-2022 01:00,1074
11-04-2022 02:00,1134
11-04-2022 03:00,1187
11-04-2022 04:00,1199
11-04-2022 05:00,1185
11-04-2022 06:00,1201
11-04-2022 07:00,1294
11-04-2022 08:00,1461
11-04-2022 09:00,1567
11-04-2022 10:00,1601
11-04-2022 11:00,1627
11-04-2022 12:00,1548
11-04-2022 13:00,1581
11-04-2022 14:00,1575
11-04-2022 15:00,1568
11-04-2022 16:00,1564
11-04-2022 17:00,1567
11-04-2022 18:00,1573
11-04-2022 19:00,1527
11-04-2022 20:00,1463
11-04-2022 21:00,1399
11-04-2022 22:00,1340
11-04-2022 23:00,1285
12-04-2022 00:00,1196
12-04-2022 01:00,1173
12-04-2022 02:00,1231
12-04-2022 03:00,1283
12-04-2022 04:00,1288
12-04-2022 05:00,1266
12-04-2022 06:00,1287
12-04-2022 07:00,1378
12-04-2022 08:00,1518
12-04-2022 09:00,1617
12-04-2022 10:00,1651
12-04-2022 11:00,1665
12-04-2022 12:00,1611
12-04-2022 13:00,1686
12-04-2022 14:00,1686
12-04-2022 15:00,1674
12-04-2022 16:00,1677
12-04-2022 17:00,1626
12-04-2022 18:00,1598
12-04-2022 19:00,1550
12-04-2022 20:00,1484
12-04-2022 21:00,1423
12-04-2022 22:00,1356
12-04-2022 23:00,1299
13-04-2022 00:00,1213
13-04-2022 01:00,1182
13-04-2022 02:00,1228
13-04-2022 03:00,1277
13-04-2022 04:00,1284
13-04-2022 05:00,1254
13-04-2022 06:00,1279
13-04-2022 07:00,1368
13-04-2022 08:00,1515
13-04-2022 09:00,1615
13-04-2022 10:00,1634
13-04-2022 11:00,1668
13-04-2022 12:00,1620
13-04-2022 13:00,1718
13-04-2022 14:00,1723
13-04-2022 15:00,1743
13-04-2022 16:00,1713
13-04-2022 17:00,1635
13-04-2022 18:00,1605
13-04-2022 19:00,1548
13-04-2022 20:00,1478
13-04-2022 21:00,1404
13-04-2022 22:00,1350
13-04-2022 23:00,1294
14-04-2022 00:00,1201
14-04-2022 01:00,1164
14-04-2022 02:00,1209
14-04-2022 03:00,1260
14-04-2022 04:00,1273
14-04-2022 05:00,1252
14-04-2022 06:00,1265
14-04-2022 07:00,1347
14-04-2022 08:00,1503
14-04-2022 09:00,1622
14-04-2022 10:00,1645
14-04-2022 11:00,1679
14-04-2022 12:00,1601
14-04-2022 13:00,1674
14-04-2022 14:00,1702
14-04-2022 15:00,1683
14-04-2022 16:00,1679
14-04-2022 17:00,1636
14-04-2022 18:00,1619
14-04-2022 19:00,1551
14-04-2022 20:00,1482
14-04-2022 21:00,1420
14-04-2022 22:00,1366
14-04-2022 23:00,1311
15-04-2022 00:00,1219
15-04-2022 01:00,1183
15-04-2022 02:00,1226
15-04-2022 03:00,1285
15-04-2022 04:00,1288
15-04-2022 05:00,1274
15-04-2022 06:00,1307
15-04-2022 07:00,1405
15-04-2022 08:00,1543
15-04-2022 09:00,1604
15-04-2022 10:00,1624
15-04-2022 11:00,1628
15-04-2022 12:00,1541
15-04-2022 13:00,1617
15-04-2022 14:00,1631
15-04-2022 15:00,1635
15-04-2022 16:00,1641
15-04-2022 17:00,1600
15-04-2022 18:00,1591
15-04-2022 19:00,1542
15-04-2022 20:00,1486
15-04-2022 21:00,1426
15-04-2022 22:00,1379
15-04-2022 23:00,1327
16-04-2022 00:00,1233
16-04-2022 01:00,1190
16-04-2022 02:00,1234
16-04-2022 03:00,1292
16-04-2022 04:00,1291
16-04-2022 05:00,1257
16-04-2022 06:00,1237
16-04-2022 07:00,1270
16-04-2022 08:00,1360
16-04-2022 09:00,1422
16-04-2022 10:00,1443
16-04-2022 11:00,1446
16-04-2022 12:00,1408
16-04-2022 13:00,1397
16-04-2022 14:00,1359
16-04-2022 15:00,1342
16-04-2022 16:00,1358
16-04-2022 17:00,1396
16-04-2022 18:00,1437
16-04-2022 19:00,1463
16-04-2022 20:00,1429
16-04-2022 21:00,1375
16-04-2022 22:00,1316
16-04-2022 23:00,1260
17-04-2022 00:00,1177
17-04-2022 01:00,1147
17-04-2022 02:00,1192
17-04-2022 03:00,1258
17-04-2022 04:00,1268
17-04-2022 05:00,1224
17-04-2022 06:00,1191
17-04-2022 07:00,1179
17-04-2022 08:00,1218
17-04-2022 09:00,1272
17-04-2022 10:00,1294
17-04-2022 11:00,1292
17-04-2022 12:00,1294
17-04-2022 13:00,1284
17-04-2022 14:00,1248
17-04-2022 15:00,1230
17-04-2022 16:00,1263
17-04-2022 17:00,1328
17-04-2022 18:00,1378
17-04-2022 19:00,1397
17-04-2022 20:00,1369
17-04-2022 21:00,1302
17-04-2022 22:00,1246
17-04-2022 23:00,1194
18-04-2022 00:00,1118
18-04-2022 01:00,1098
18-04-2022 02:00,1160
18-04-2022 03:00,1221
18-04-2022 04:00,1231
18-04-2022 05:00,1215
18-04-2022 06:00,1256
18-04-2022 07:00,1348
18-04-2022 08:00,1484
18-04-2022 09:00,1605
18-04-2022 10:00,1620
18-04-2022 11:00,1606
18-04-2022 12:00,1533
18-04-2022 13:00,1576
18-04-2022 14:00,1602
18-04-2022 15:00,1581
18-04-2022 16:00,1585
18-04-2022 17:00,1561
18-04-2022 18:00,1578
18-04-2022 19:00,1551
18-04-2022 20:00,1485
18-04-2022 21:00,1430
18-04-2022 22:00,1364
18-04-2022 23:00,1308
19-04-2022 00:00,1211
19-04-2022 01:00,1178
19-04-2022 02:00,1240
19-04-2022 03:00,1306
19-04-2022 04:00,1315
19-04-2022 05:00,1303
19-04-2022 06:00,1325
19-04-2022 07:00,1375
19-04-2022 08:00,1506
19-04-2022 09:00,1605
19-04-2022 10:00,1639
19-04-2022 11:00,1658
19-04-2022 12:00,1582
19-04-2022 13:00,1639
19-04-2022 14:00,1624
19-04-2022 15:00,1608
19-04-2022 16:00,1622
19-04-2022 17:00,1584
19-04-2022 18:00,1572
19-04-2022 19:00,1541
19-04-2022 20:00,1479
19-04-2022 21:00,1415
19-04-2022 22:00,1357
19-04-2022 23:00,1293
20-04-2022 00:00,1199
20-04-2022 01:00,1173
20-04-2022 02:00,1232
20-04-2022 03:00,1298
20-04-2022 04:00,1304
20-04-2022 05:00,1292
20-04-2022 06:00,1325
20-04-2022 07:00,1391
20-04-2022 08:00,1524
20-04-2022 09:00,1621
20-04-2022 10:00,1653
20-04-2022 11:00,1672
20-04-2022 12:00,1603
20-04-2022 13:00,1670
20-04-2022 14:00,1652
20-04-2022 15:00,1630
20-04-2022 16:00,1630
20-04-2022 17:00,1583
20-04-2022 18:00,1573
20-04-2022 19:00,1545
20-04-2022 20:00,1478
20-04-2022 21:00,1416
20-04-2022 22:00,1350
20-04-2022 23:00,1290
21-04-2022 00:00,1203
21-04-2022 01:00,1172
21-04-2022 02:00,1223
21-04-2022 03:00,1282
21-04-2022 04:00,1300
21-04-2022 05:00,1276
21-04-2022 06:00,1290
21-04-2022 07:00,1346
21-04-2022 08:00,1472
21-04-2022 09:00,1609
21-04-2022 10:00,1633
21-04-2022 11:00,1639
21-04-2022 12:00,1580
21-04-2022 13:00,1668
21-04-2022 14:00,1680
21-04-2022 15:00,1672
21-04-2022 16:00,1690
21-04-2022 17:00,1667
21-04-2022 18:00,1643
21-04-2022 19:00,1578
21-04-2022 20:00,1507
21-04-2022 21:00,1446
21-04-2022 22:00,1376
21-04-2022 23:00,1313
22-04-2022 00:00,1221
22-04-2022 01:00,1182
22-04-2022 02:00,1230
22-04-2022 03:00,1289
22-04-2022 04:00,1294
22-04-2022 05:00,1273
22-04-2022 06:00,1308
22-04-2022 07:00,1396
22-04-2022 08:00,1528
22-04-2022 09:00,1626
22-04-2022 10:00,1664
22-04-2022 11:00,1678
22-04-2022 12:00,1611
22-04-2022 13:00,1674
22-04-2022 14:00,1656
22-04-2022 15:00,1628
22-04-2022 16:00,1630
22-04-2022 17:00,1579
22-04-2022 18:00,1547
22-04-2022 19:00,1517
22-04-2022 20:00,1454
22-04-2022 21:00,1394
22-04-2022 22:00,1335
22-04-2022 23:00,1277
23-04-2022 00:00,1188
23-04-2022 01:00,1152
23-04-2022 02:00,1200
23-04-2022 03:00,1257
23-04-2022 04:00,1255
23-04-2022 05:00,1203
23-04-2022 06:00,1162
23-04-2022 07:00,1214
23-04-2022 08:00,1332
23-04-2022 09:00,1405
23-04-2022 10:00,1414
23-04-2022 11:00,1415
23-04-2022 12:00,1386
23-04-2022 13:00,1423
23-04-2022 14:00,1383
23-04-2022 15:00,1362
23-04-2022 16:00,1384
23-04-2022 17:00,1395
23-04-2022 18:00,1427
23-04-2022 19:00,1412
23-04-2022 20:00,1352
23-04-2022 21:00,1291
23-04-2022 22:00,1221
23-04-2022 23:00,1176
24-04-2022 00:00,1101
24-04-2022 01:00,1072
24-04-2022 02:00,1110
24-04-2022 03:00,1173
24-04-2022 04:00,1172
24-04-2022 05:00,1125
24-04-2022 06:00,1094
24-04-2022 07:00,1140
24-04-2022 08:00,1217
24-04-2022 09:00,1283
24-04-2022 10:00,1289
24-04-2022 11:00,1305
24-04-2022 12:00,1309
24-04-2022 13:00,1283
24-04-2022 14:00,1279
24-04-2022 15:00,1279
24-04-2022 16:00,1305
24-04-2022 17:00,1362
24-04-2022 18:00,1400
24-04-2022 19:00,1400
24-04-2022 20:00,1350
24-04-2022 21:00,1288
24-04-2022 22:00,1215
24-04-2022 23:00,1164
25-04-2022 00:00,1084
25-04-2022 01:00,1058
25-04-2022 02:00,1113
25-04-2022 03:00,1172
25-04-2022 04:00,1181
25-04-2022 05:00,1168
25-04-2022 06:00,1210
25-04-2022 07:00,1322
25-04-2022 08:00,1486
25-04-2022 09:00,1614
25-04-2022 10:00,1677
25-04-2022 11:00,1713
25-04-2022 12:00,1650
25-04-2022 13:00,1726
25-04-2022 14:00,1734
25-04-2022 15:00,1714
25-04-2022 16:00,1707
25-04-2022 17:00,1632
25-04-2022 18:00,1596
25-04-2022 19:00,1554
25-04-2022 20:00,1476
25-04-2022 21:00,1404
25-04-2022 22:00,1338
25-04-2022 23:00,1280
26-04-2022 00:00,1192
26-04-2022 01:00,1144
26-04-2022 02:00,1187
26-04-2022 03:00,1240
26-04-2022 04:00,1251
26-04-2022 05:00,1231
26-04-2022 06:00,1253
26-04-2022 07:00,1355
26-04-2022 08:00,1552
26-04-2022 09:00,1675
26-04-2022 10:00,1714
26-04-2022 11:00,1711
26-04-2022 12:00,1660
26-04-2022 13:00,1732
26-04-2022 14:00,1746
26-04-2022 15:00,1725
26-04-2022 16:00,1720
26-04-2022 17:00,1676
26-04-2022 18:00,1656
26-04-2022 19:00,1599
26-04-2022 20:00,1525
26-04-2022 21:00,1451
26-04-2022 22:00,1374
26-04-2022 23:00,1309
27-04-2022 00:00,1216
27-04-2022 01:00,1168
27-04-2022 02:00,1207
27-04-2022 03:00,1264
27-04-2022 04:00,1265
27-04-2022 05:00,1239
27-04-2022 06:00,1293
27-04-2022 07:00,1405
27-04-2022 08:00,1560
27-04-2022 09:00,1671
27-04-2022 10:00,1692
27-04-2022 11:00,1672
27-04-2022 12:00,1603
27-04-2022 13:00,1638
27-04-2022 14:00,1631
27-04-2022 15:00,1603
27-04-2022 16:00,1593
27-04-2022 17:00,1540
27-04-2022 18:00,1552
27-04-2022 19:00,1516
27-04-2022 20:00,1444
27-04-2022 21:00,1375
27-04-2022 22:00,1312
27-04-2022 23:00,1253
28-04-2022 00:00,1156
28-04-2022 01:00,1120
28-04-2022 02:00,1163
28-04-2022 03:00,1234
28-04-2022 04:00,1247
28-04-2022 05:00,1233
28-04-2022 06:00,1266
28-04-2022 07:00,1329
28-04-2022 08:00,1456
28-04-2022 09:00,1558
28-04-2022 10:00,1614
28-04-2022 11:00,1630
28-04-2022 12:00,1564
28-04-2022 13:00,1629
28-04-2022 14:00,1619
28-04-2022 15:00,1589
28-04-2022 16:00,1588
28-04-2022 17:00,1541
28-04-2022 18:00,1513
28-04-2022 19:00,1481
28-04-2022 20:00,1409
28-04-2022 21:00,1348
28-04-2022 22:00,1291
28-04-2022 23:00,1236
29-04-2022 00:00,1150
29-04-2022 01:00,1098
29-04-2022 02:00,1136
29-04-2022 03:00,1198
29-04-2022 04:00,1199
29-04-2022 05:00,1161
29-04-2022 06:00,1125
29-04-2022 07:00,1160
29-04-2022 08:00,1265
29-04-2022 09:00,1371
29-04-2022 10:00,1428
29-04-2022 11:00,1448
29-04-2022 12:00,1420
29-04-2022 13:00,1428
29-04-2022 14:00,1419
29-04-2022 15:00,1412
29-04-2022 16:00,1414
29-04-2022 17:00,1418
29-04-2022 18:00,1430
29-04-2022 19:00,1427
29-04-2022 20:00,1384
29-04-2022 21:00,1321
29-04-2022 22:00,1243
29-04-2022 23:00,1190
30-04-2022 00:00,1108
30-04-2022 01:00,1070
30-04-2022 02:00,1113
30-04-2022 03:00,1174
30-04-2022 04:00,1178
30-04-2022 05:00,1148
30-04-2022 06:00,1132
30-04-2022 07:00,1145
30-04-2022 08:00,1213
30-04-2022 09:00,1285
30-04-2022 10:00,1319
30-04-2022 11:00,1347
30-04-2022 12:00,1331
30-04-2022 13:00,1301
30-04-2022 14:00,1266
30-04-2022 15:00,1259
30-04-2022 16:00,1279
30-04-2022 17:00,1294
30-04-2022 18:00,1323
30-04-2022 19:00,1335
30-04-2022 20:00,1294
30-04-2022 21:00,1232
30-04-2022 22:00,1164
30-04-2022 23:00,1125
01-05-2022 00:00,1040
01-05-2022 01:00,1007
01-05-2022 02:00,1052
01-05-2022 03:00,1117
01-05-2022 04:00,1114
01-05-2022 05:00,1071
01-05-2022 06:00,1046
01-05-2022 07:00,1088
01-05-2022 08:00,1157
01-05-2022 09:00,1207
01-05-2022 10:00,1190
01-05-2022 11:00,1201
01-05-2022 12:00,1189
01-05-2022 13:00,1172
01-05-2022 14:00,1168
01-05-2022 15:00,1180
01-05-2022 16:00,1214
01-05-2022 17:00,1275
01-05-2022 18:00,1316
01-05-2022 19:00,1326
01-05-2022 20:00,1287
01-05-2022 21:00,1226
01-05-2022 22:00,1165
01-05-2022 23:00,1105
02-05-2022 00:00,1032
02-05-2022 01:00,999
02-05-2022 02:00,1059
02-05-2022 03:00,1127
02-05-2022 04:00,1140
02-05-2022 05:00,1132
02-05-2022 06:00,1152
02-05-2022 07:00,1176
02-05-2022 08:00,1259
02-05-2022 09:00,1323
02-05-2022 10:00,1338
02-05-2022 11:00,1351
02-05-2022 12:00,1331
02-05-2022 13:00,1335
02-05-2022 14:00,1335
02-05-2022 15:00,1307
02-05-2022 16:00,1338
02-05-2022 17:00,1357
02-05-2022 18:00,1385
02-05-2022 19:00,1382
02-05-2022 20:00,1336
02-05-2022 21:00,1276
02-05-2022 22:00,1202
02-05-2022 23:00,1152
03-05-2022 00:00,1067
03-05-2022 01:00,1039
03-05-2022 02:00,1087
03-05-2022 03:00,1150
03-05-2022 04:00,1151
03-05-2022 05:00,1117
03-05-2022 06:00,1081
03-05-2022 07:00,1087
03-05-2022 08:00,1147
03-05-2022 09:00,1191
03-05-2022 10:00,1226
03-05-2022 11:00,1233
03-05-2022 12:00,1225
03-05-2022 13:00,1205
03-05-2022 14:00,1190
03-05-2022 15:00,1173
03-05-2022 16:00,1196
03-05-2022 17:00,1243
03-05-2022 18:00,1274
03-05-2022 19:00,1300
03-05-2022 20:00,1272
03-05-2022 21:00,1217
03-05-2022 22:00,1155
03-05-2022 23:00,1112
04-05-2022 00:00,1034
04-05-2022 01:00,1007
04-05-2022 02:00,1063
04-05-2022 03:00,1120
04-05-2022 04:00,1120
04-05-2022 05:00,1076
04-05-2022 06:00,1050
04-05-2022 07:00,1057
04-05-2022 08:00,1108
04-05-2022 09:00,1169
04-05-2022 10:00,1204
04-05-2022 11:00,1219
04-05-2022 12:00,1214
04-05-2022 13:00,1193
04-05-2022 14:00,1164
04-05-2022 15:00,1165
04-05-2022 16:00,1192
04-05-2022 17:00,1220
04-05-2022 18:00,1259
04-05-2022 19:00,1286
04-05-2022 20:00,1255
04-05-2022 21:00,1196
04-05-2022 22:00,1138
04-05-2022 23:00,1093
05-05-2022 00:00,1019
05-05-2022 01:00,994
05-05-2022 02:00,1046
05-05-2022 03:00,1113
05-05-2022 04:00,1112
05-05-2022 05:00,1063
05-05-2022 06:00,1020
05-05-2022 07:00,1026
05-05-2022 08:00,1096
05-05-2022 09:00,1159
05-05-2022 10:00,1218
05-05-2022 11:00,1250
05-05-2022 12:00,1248
05-05-2022 13:00,1242
05-05-2022 14:00,1227
05-05-2022 15:00,1208
05-05-2022 16:00,1212
05-05-2022 17:00,1252
05-05-2022 18:00,1296
05-05-2022 19:00,1322
05-05-2022 20:00,1280
05-05-2022 21:00,1221
05-05-2022 22:00,1148
05-05-2022 23:00,1102
06-05-2022 00:00,1025
06-05-2022 01:00,1004
06-05-2022 02:00,1054
06-05-2022 03:00,1109
06-05-2022 04:00,1116
06-05-2022 05:00,1079
06-05-2022 06:00,1079
06-05-2022 07:00,1142
06-05-2022 08:00,1283
06-05-2022 09:00,1374
06-05-2022 10:00,1412
06-05-2022 11:00,1410
06-05-2022 12:00,1370
06-05-2022 13:00,1415
06-05-2022 14:00,1404
06-05-2022 15:00,1401
06-05-2022 16:00,1444
06-05-2022 17:00,1444
06-05-2022 18:00,1420
06-05-2022 19:00,1405
06-05-2022 20:00,1341
06-05-2022 21:00,1271
06-05-2022 22:00,1231
06-05-2022 23:00,1175
07-05-2022 00:00,1094
07-05-2022 01:00,1053
07-05-2022 02:00,1100
07-05-2022 03:00,1159
07-05-2022 04:00,1157
07-05-2022 05:00,1112
07-05-2022 06:00,1101
07-05-2022 07:00,1146
07-05-2022 08:00,1260
07-05-2022 09:00,1367
07-05-2022 10:00,1432
07-05-2022 11:00,1465
07-05-2022 12:00,1445
07-05-2022 13:00,1444
07-05-2022 14:00,1424
07-05-2022 15:00,1430
07-05-2022 16:00,1428
07-05-2022 17:00,1411
07-05-2022 18:00,1414
07-05-2022 19:00,1408
07-05-2022 20:00,1357
07-05-2022 21:00,1277
07-05-2022 22:00,1219
07-05-2022 23:00,1172
08-05-2022 00:00,1092
08-05-2022 01:00,1054
08-05-2022 02:00,1101
08-05-2022 03:00,1159
08-05-2022 04:00,1146
08-05-2022 05:00,1104
08-05-2022 06:00,1058
08-05-2022 07:00,1063
08-05-2022 08:00,1110
08-05-2022 09:00,1188
08-05-2022 10:00,1242
08-05-2022 11:00,1266
08-05-2022 12:00,1272
08-05-2022 13:00,1252
08-05-2022 14:00,1227
08-05-2022 15:00,1244
08-05-2022 16:00,1242
08-05-2022 17:00,1297
08-05-2022 18:00,1340
08-05-2022 19:00,1358
08-05-2022 20:00,1326
08-05-2022 21:00,1258
08-05-2022 22:00,1185
08-05-2022 23:00,1130
09-05-2022 00:00,1055
09-05-2022 01:00,1024
09-05-2022 02:00,1078
09-05-2022 03:00,1145
09-05-2022 04:00,1160
09-05-2022 05:00,1170
09-05-2022 06:00,1215
09-05-2022 07:00,1320
09-05-2022 08:00,1474
09-05-2022 09:00,1578
09-05-2022 10:00,1613
09-05-2022 11:00,1620
09-05-2022 12:00,1545
09-05-2022 13:00,1615
09-05-2022 14:00,1614
09-05-2022 15:00,1600
09-05-2022 16:00,1611
09-05-2022 17:00,1578
09-05-2022 18:00,1567
09-05-2022 19:00,1534
09-05-2022 20:00,1471
09-05-2022 21:00,1405
09-05-2022 22:00,1348
09-05-2022 23:00,1293
10-05-2022 00:00,1196
10-05-2022 01:00,1160
10-05-2022 02:00,1215
10-05-2022 03:00,1281
10-05-2022 04:00,1301
10-05-2022 05:00,1275
10-05-2022 06:00,1274
10-05-2022 07:00,1317
10-05-2022 08:00,1443
10-05-2022 09:00,1545
10-05-2022 10:00,1578
10-05-2022 11:00,1599
10-05-2022 12:00,1522
10-05-2022 13:00,1605
10-05-2022 14:00,1605
10-05-2022 15:00,1610
10-05-2022 16:00,1615
10-05-2022 17:00,1573
10-05-2022 18:00,1559
10-05-2022 19:00,1523
10-05-2022 20:00,1461
10-05-2022 21:00,1399
10-05-2022 22:00,1337
10-05-2022 23:00,1280
11-05-2022 00:00,1194
11-05-2022 01:00,1150
11-05-2022 02:00,1195
11-05-2022 03:00,1262
11-05-2022 04:00,1274
11-05-2022 05:00,1251
11-05-2022 06:00,1267
11-05-2022 07:00,1360
11-05-2022 08:00,1509
11-05-2022 09:00,1608
11-05-2022 10:00,1607
11-05-2022 11:00,1593
11-05-2022 12:00,1518
11-05-2022 13:00,1634
11-05-2022 14:00,1666
11-05-2022 15:00,1671
11-05-2022 16:00,1674
11-05-2022 17:00,1626
11-05-2022 18:00,1594
11-05-2022 19:00,1556
11-05-2022 20:00,1486
11-05-2022 21:00,1418
11-05-2022 22:00,1373
11-05-2022 23:00,1315
12-05-2022 00:00,1216
12-05-2022 01:00,1177
12-05-2022 02:00,1207
12-05-2022 03:00,1274
12-05-2022 04:00,1289
12-05-2022 05:00,1257
12-05-2022 06:00,1281
12-05-2022 07:00,1376
12-05-2022 08:00,1530
12-05-2022 09:00,1658
12-05-2022 10:00,1663
12-05-2022 11:00,1667
12-05-2022 12:00,1594
12-05-2022 13:00,1668
12-05-2022 14:00,1677
12-05-2022 15:00,1677
12-05-2022 16:00,1686
12-05-2022 17:00,1660
12-05-2022 18:00,1632
12-05-2022 19:00,1568
12-05-2022 20:00,1496
12-05-2022 21:00,1440
12-05-2022 22:00,1380
12-05-2022 23:00,1325
13-05-2022 00:00,1231
13-05-2022 01:00,1180
13-05-2022 02:00,1223
13-05-2022 03:00,1285
13-05-2022 04:00,1293
13-05-2022 05:00,1249
13-05-2022 06:00,1257
13-05-2022 07:00,1362
13-05-2022 08:00,1534
13-05-2022 09:00,1641
13-05-2022 10:00,1678
13-05-2022 11:00,1682
13-05-2022 12:00,1595
13-05-2022 13:00,1666
13-05-2022 14:00,1681
13-05-2022 15:00,1680
13-05-2022 16:00,1693
13-05-2022 17:00,1658
13-05-2022 18:00,1628
13-05-2022 19:00,1571
13-05-2022 20:00,1499
13-05-2022 21:00,1441
13-05-2022 22:00,1393
13-05-2022 23:00,1340
14-05-2022 00:00,1249
14-05-2022 01:00,1200
14-05-2022 02:00,1227
14-05-2022 03:00,1286
14-05-2022 04:00,1281
14-05-2022 05:00,1227
14-05-2022 06:00,1206
14-05-2022 07:00,1259
14-05-2022 08:00,1369
14-05-2022 09:00,1446
14-05-2022 10:00,1468
14-05-2022 11:00,1461
14-05-2022 12:00,1384
14-05-2022 13:00,1403
14-05-2022 14:00,1389
14-05-2022 15:00,1382
14-05-2022 16:00,1389
14-05-2022 17:00,1400
14-05-2022 18:00,1409
14-05-2022 19:00,1400
14-05-2022 20:00,1348
14-05-2022 21:00,1291
14-05-2022 22:00,1222
14-05-2022 23:00,1178
15-05-2022 00:00,1110
15-05-2022 01:00,1070
15-05-2022 02:00,1116
15-05-2022 03:00,1178
15-05-2022 04:00,1188
15-05-2022 05:00,1143
15-05-2022 06:00,1086
15-05-2022 07:00,1092
15-05-2022 08:00,1140
15-05-2022 09:00,1201
15-05-2022 10:00,1242
15-05-2022 11:00,1253
15-05-2022 12:00,1252
15-05-2022 13:00,1233
15-05-2022 14:00,1233
15-05-2022 15:00,1228
15-05-2022 16:00,1258
15-05-2022 17:00,1320
15-05-2022 18:00,1375
15-05-2022 19:00,1387
15-05-2022 20:00,1341
15-05-2022 21:00,1276
15-05-2022 22:00,1212
15-05-2022 23:00,1165
16-05-2022 00:00,1087
16-05-2022 01:00,1057
16-05-2022 02:00,1108
16-05-2022 03:00,1182
16-05-2022 04:00,1199
16-05-2022 05:00,1186
16-05-2022 06:00,1217
16-05-2022 07:00,1299
16-05-2022 08:00,1432
16-05-2022 09:00,1545
16-05-2022 10:00,1560
16-05-2022 11:00,1568
16-05-2022 12:00,1486
16-05-2022 13:00,1567
16-05-2022 14:00,1563
16-05-2022 15:00,1566
16-05-2022 16:00,1579
16-05-2022 17:00,1552
16-05-2022 18:00,1542
16-05-2022 19:00,1513
16-05-2022 20:00,1449
16-05-2022 21:00,1390
16-05-2022 22:00,1342
16-05-2022 23:00,1286
17-05-2022 00:00,1188
17-05-2022 01:00,1148
17-05-2022 02:00,1193
17-05-2022 03:00,1264
17-05-2022 04:00,1278
17-05-2022 05:00,1257
17-05-2022 06:00,1275
17-05-2022 07:00,1360
17-05-2022 08:00,1516
17-05-2022 09:00,1612
17-05-2022 10:00,1613
17-05-2022 11:00,1599
17-05-2022 12:00,1517
17-05-2022 13:00,1612
17-05-2022 14:00,1618
17-05-2022 15:00,1592
17-05-2022 16:00,1621
17-05-2022 17:00,1573
17-05-2022 18:00,1552
17-05-2022 19:00,1533
17-05-2022 20:00,1466
17-05-2022 21:00,1408
17-05-2022 22:00,1357
17-05-2022 23:00,1302
18-05-2022 00:00,1209
18-05-2022 01:00,1159
18-05-2022 02:00,1206
18-05-2022 03:00,1278
18-05-2022 04:00,1295
18-05-2022 05:00,1273
18-05-2022 06:00,1286
18-05-2022 07:00,1345
18-05-2022 08:00,1501
18-05-2022 09:00,1633
18-05-2022 10:00,1678
18-05-2022 11:00,1705
18-05-2022 12:00,1629
18-05-2022 13:00,1691
18-05-2022 14:00,1685
18-05-2022 15:00,1672
18-05-2022 16:00,1680
18-05-2022 17:00,1631
18-05-2022 18:00,1582
18-05-2022 19:00,1544
18-05-2022 20:00,1469
18-05-2022 21:00,1397
18-05-2022 22:00,1354
18-05-2022 23:00,1295
19-05-2022 00:00,1204
19-05-2022 01:00,1165
19-05-2022 02:00,1205
19-05-2022 03:00,1273
19-05-2022 04:00,1292
19-05-2022 05:00,1278
19-05-2022 06:00,1290
19-05-2022 07:00,1354
19-05-2022 08:00,1513
19-05-2022 09:00,1636
19-05-2022 10:00,1671
19-05-2022 11:00,1680
19-05-2022 12:00,1603
19-05-2022 13:00,1699
19-05-2022 14:00,1704
19-05-2022 15:00,1685
19-05-2022 16:00,1673
19-05-2022 17:00,1615
19-05-2022 18:00,1593
19-05-2022 19:00,1557
19-05-2022 20:00,1478
19-05-2022 21:00,1419
19-05-2022 22:00,1365
19-05-2022 23:00,1306
20-05-2022 00:00,1212
20-05-2022 01:00,1165
20-05-2022 02:00,1209
20-05-2022 03:00,1274
20-05-2022 04:00,1287
20-05-2022 05:00,1259
20-05-2022 06:00,1273
20-05-2022 07:00,1353
20-05-2022 08:00,1509
20-05-2022 09:00,1616
20-05-2022 10:00,1641
20-05-2022 11:00,1638
20-05-2022 12:00,1567
20-05-2022 13:00,1627
20-05-2022 14:00,1630
20-05-2022 15:00,1661
20-05-2022 16:00,1638
20-05-2022 17:00,1590
20-05-2022 18:00,1576
20-05-2022 19:00,1536
20-05-2022 20:00,1467
20-05-2022 21:00,1407
20-05-2022 22:00,1370
20-05-2022 23:00,1320
21-05-2022 00:00,1219
21-05-2022 01:00,1167
21-05-2022 02:00,1207
21-05-2022 03:00,1267
21-05-2022 04:00,1258
21-05-2022 05:00,1221
21-05-2022 06:00,1211
21-05-2022 07:00,1260
21-05-2022 08:00,1358
21-05-2022 09:00,1424
21-05-2022 10:00,1419
21-05-2022 11:00,1439
21-05-2022 12:00,1372
21-05-2022 13:00,1403
21-05-2022 14:00,1419
21-05-2022 15:00,1411
21-05-2022 16:00,1431
21-05-2022 17:00,1443
21-05-2022 18:00,1445
21-05-2022 19:00,1429
21-05-2022 20:00,1377
21-05-2022 21:00,1309
21-05-2022 22:00,1249
21-05-2022 23:00,1207
22-05-2022 00:00,1132
22-05-2022 01:00,1087
22-05-2022 02:00,1120
22-05-2022 03:00,1184
22-05-2022 04:00,1189
22-05-2022 05:00,1150
22-05-2022 06:00,1127
22-05-2022 07:00,1138
22-05-2022 08:00,1205
22-05-2022 09:00,1297
22-05-2022 10:00,1359
22-05-2022 11:00,1379
22-05-2022 12:00,1392
22-05-2022 13:00,1379
22-05-2022 14:00,1361
22-05-2022 15:00,1363
22-05-2022 16:00,1392
22-05-2022 17:00,1431
22-05-2022 18:00,1432
22-05-2022 19:00,1431
22-05-2022 20:00,1382
22-05-2022 21:00,1316
22-05-2022 22:00,1250
22-05-2022 23:00,1195
23-05-2022 00:00,1122
23-05-2022 01:00,1085
23-05-2022 02:00,1120
23-05-2022 03:00,1184
23-05-2022 04:00,1201
23-05-2022 05:00,1193
23-05-2022 06:00,1231
23-05-2022 07:00,1345
23-05-2022 08:00,1510
23-05-2022 09:00,1670
23-05-2022 10:00,1724
23-05-2022 11:00,1744
23-05-2022 12:00,1665
23-05-2022 13:00,1720
23-05-2022 14:00,1728
23-05-2022 15:00,1713
23-05-2022 16:00,1696
23-05-2022 17:00,1629
23-05-2022 18:00,1603
23-05-2022 19:00,1566
23-05-2022 20:00,1482
23-05-2022 21:00,1415
23-05-2022 22:00,1361
23-05-2022 23:00,1306
24-05-2022 00:00,1207
24-05-2022 01:00,1152
24-05-2022 02:00,1195
24-05-2022 03:00,1256
24-05-2022 04:00,1283
24-05-2022 05:00,1272
24-05-2022 06:00,1295
24-05-2022 07:00,1367
24-05-2022 08:00,1539
24-05-2022 09:00,1695
24-05-2022 10:00,1764
24-05-2022 11:00,1812
24-05-2022 12:00,1741
24-05-2022 13:00,1825
24-05-2022 14:00,1833
24-05-2022 15:00,1817
24-05-2022 16:00,1818
24-05-2022 17:00,1750
24-05-2022 18:00,1678
24-05-2022 19:00,1624
24-05-2022 20:00,1542
24-05-2022 21:00,1460
24-05-2022 22:00,1400
24-05-2022 23:00,1334
25-05-2022 00:00,1232
25-05-2022 01:00,1177
25-05-2022 02:00,1212
25-05-2022 03:00,1278
25-05-2022 04:00,1284
25-05-2022 05:00,1268
25-05-2022 06:00,1288
25-05-2022 07:00,1402
25-05-2022 08:00,1610
25-05-2022 09:00,1773
25-05-2022 10:00,1823
25-05-2022 11:00,1849
25-05-2022 12:00,1792
25-05-2022 13:00,1870
25-05-2022 14:00,1877
25-05-2022 15:00,1858
25-05-2022 16:00,1826
25-05-2022 17:00,1739
25-05-2022 18:00,1672
25-05-2022 19:00,1622
25-05-2022 20:00,1548
25-05-2022 21:00,1480
25-05-2022 22:00,1419
25-05-2022 23:00,1352
26-05-2022 00:00,1255
26-05-2022 01:00,1190
26-05-2022 02:00,1216
26-05-2022 03:00,1277
26-05-2022 04:00,1292
26-05-2022 05:00,1267
26-05-2022 06:00,1289
26-05-2022 07:00,1402
26-05-2022 08:00,1605
26-05-2022 09:00,1747
26-05-2022 10:00,1819
26-05-2022 11:00,1811
26-05-2022 12:00,1755
26-05-2022 13:00,1832
26-05-2022 14:00,1820
26-05-2022 15:00,1795
26-05-2022 16:00,1785
26-05-2022 17:00,1735
26-05-2022 18:00,1695
26-05-2022 19:00,1628
26-05-2022 20:00,1550
26-05-2022 21:00,1484
26-05-2022 22:00,1426
26-05-2022 23:00,1368
27-05-2022 00:00,1273
27-05-2022 01:00,1208
27-05-2022 02:00,1236
27-05-2022 03:00,1295
27-05-2022 04:00,1306
27-05-2022 05:00,1290
27-05-2022 06:00,1301
27-05-2022 07:00,1403
27-05-2022 08:00,1594
27-05-2022 09:00,1733
27-05-2022 10:00,1761
27-05-2022 11:00,1809
27-05-2022 12:00,1753
27-05-2022 13:00,1819
27-05-2022 14:00,1806
27-05-2022 15:00,1794
27-05-2022 16:00,1781
27-05-2022 17:00,1705
27-05-2022 18:00,1625
27-05-2022 19:00,1575
27-05-2022 20:00,1510
27-05-2022 21:00,1438
27-05-2022 22:00,1379
27-05-2022 23:00,1313
28-05-2022 00:00,1220
28-05-2022 01:00,1165
28-05-2022 02:00,1187
28-05-2022 03:00,1247
28-05-2022 04:00,1256
28-05-2022 05:00,1232
28-05-2022 06:00,1220
28-05-2022 07:00,1243
28-05-2022 08:00,1363
28-05-2022 09:00,1475
28-05-2022 10:00,1531
28-05-2022 11:00,1558
28-05-2022 12:00,1534
28-05-2022 13:00,1548
28-05-2022 14:00,1521
28-05-2022 15:00,1505
28-05-2022 16:00,1517
28-05-2022 17:00,1512
28-05-2022 18:00,1489
28-05-2022 19:00,1483
28-05-2022 20:00,1421
28-05-2022 21:00,1350
28-05-2022 22:00,1274
28-05-2022 23:00,1227
29-05-2022 00:00,1140
29-05-2022 01:00,1087
29-05-2022 02:00,1116
29-05-2022 03:00,1173
29-05-2022 04:00,1185
29-05-2022 05:00,1144
29-05-2022 06:00,1123
29-05-2022 07:00,1152
29-05-2022 08:00,1233
29-05-2022 09:00,1341
29-05-2022 10:00,1413
29-05-2022 11:00,1452
29-05-2022 12:00,1472
29-05-2022 13:00,1476
29-05-2022 14:00,1467
29-05-2022 15:00,1480
29-05-2022 16:00,1511
29-05-2022 17:00,1539
29-05-2022 18:00,1519
29-05-2022 19:00,1499
29-05-2022 20:00,1445
29-05-2022 21:00,1368
29-05-2022 22:00,1288
29-05-2022 23:00,1233
30-05-2022 00:00,1139
30-05-2022 01:00,1088
30-05-2022 02:00,1110
30-05-2022 03:00,1176
30-05-2022 04:00,1202
30-05-2022 05:00,1199
30-05-2022 06:00,1246
30-05-2022 07:00,1339
30-05-2022 08:00,1547
30-05-2022 09:00,1703
30-05-2022 10:00,1757
30-05-2022 11:00,1771
30-05-2022 12:00,1716
30-05-2022 13:00,1786
30-05-2022 14:00,1792
30-05-2022 15:00,1784
30-05-2022 16:00,1776
30-05-2022 17:00,1713
30-05-2022 18:00,1661
30-05-2022 19:00,1599
30-05-2022 20:00,1514
30-05-2022 21:00,1435
30-05-2022 22:00,1389
30-05-2022 23:00,1330
31-05-2022 00:00,1224
31-05-2022 01:00,1178
31-05-2022 02:00,1197
31-05-2022 03:00,1265
31-05-2022 04:00,1278
31-05-2022 05:00,1275
31-05-2022 06:00,1302
31-05-2022 07:00,1421
31-05-2022 08:00,1577
31-05-2022 09:00,1680
31-05-2022 10:00,1712
31-05-2022 11:00,1762
31-05-2022 12:00,1707
31-05-2022 13:00,1792
31-05-2022 14:00,1817
31-05-2022 15:00,1793
31-05-2022 16:00,1776
31-05-2022 17:00,1704
31-05-2022 18:00,1638
31-05-2022 19:00,1566
31-05-2022 20:00,1491
31-05-2022 21:00,1420
31-05-2022 22:00,1364
31-05-2022 23:00,1301
01-06-2022 00:00,1203
01-06-2022 01:00,1149
01-06-2022 02:00,1182
01-06-2022 03:00,1250
01-06-2022 04:00,1276
01-06-2022 05:00,1251
01-06-2022 06:00,1230
01-06-2022 07:00,1308
01-06-2022 08:00,1485
01-06-2022 09:00,1619
01-06-2022 10:00,1672
01-06-2022 11:00,1681
01-06-2022 12:00,1593
01-06-2022 13:00,1685
01-06-2022 14:00,1708
01-06-2022 15:00,1690
01-06-2022 16:00,1671
01-06-2022 17:00,1608
01-06-2022 18:00,1580
01-06-2022 19:00,1563
01-06-2022 20:00,1499
01-06-2022 21:00,1431
01-06-2022 22:00,1378
01-06-2022 23:00,1324
02-06-2022 00:00,1222
02-06-2022 01:00,1165
02-06-2022 02:00,1196
02-06-2022 03:00,1267
02-06-2022 04:00,1294
02-06-2022 05:00,1272
02-06-2022 06:00,1287
02-06-2022 07:00,1378
02-06-2022 08:00,1556
02-06-2022 09:00,1720
02-06-2022 10:00,1789
02-06-2022 11:00,1828
02-06-2022 12:00,1771
02-06-2022 13:00,1851
02-06-2022 14:00,1865
02-06-2022 15:00,1855
02-06-2022 16:00,1853
02-06-2022 17:00,1771
02-06-2022 18:00,1688
02-06-2022 19:00,1623
02-06-2022 20:00,1547
02-06-2022 21:00,1483
02-06-2022 22:00,1429
02-06-2022 23:00,1364
03-06-2022 00:00,1258
03-06-2022 01:00,1192
03-06-2022 02:00,1220
03-06-2022 03:00,1283
03-06-2022 04:00,1293
03-06-2022 05:00,1291
03-06-2022 06:00,1325
03-06-2022 07:00,1427
03-06-2022 08:00,1622
03-06-2022 09:00,1785
03-06-2022 10:00,1856
03-06-2022 11:00,1897
03-06-2022 12:00,1837
03-06-2022 13:00,1921
03-06-2022 14:00,1935
03-06-2022 15:00,1915
03-06-2022 16:00,1874
03-06-2022 17:00,1771
03-06-2022 18:00,1696
03-06-2022 19:00,1631
03-06-2022 20:00,1544
03-06-2022 21:00,1469
03-06-2022 22:00,1414
03-06-2022 23:00,1347
04-06-2022 00:00,1240
04-06-2022 01:00,1177
04-06-2022 02:00,1189
04-06-2022 03:00,1257
04-06-2022 04:00,1268
04-06-2022 05:00,1223
04-06-2022 06:00,1198
04-06-2022 07:00,1234
04-06-2022 08:00,1352
04-06-2022 09:00,1452
04-06-2022 10:00,1503
04-06-2022 11:00,1535
04-06-2022 12:00,1521
04-06-2022 13:00,1529
04-06-2022 14:00,1521
04-06-2022 15:00,1532
04-06-2022 16:00,1543
04-06-2022 17:00,1549
04-06-2022 18:00,1512
04-06-2022 19:00,1497
04-06-2022 20:00,1427
04-06-2022 21:00,1345
04-06-2022 22:00,1280
04-06-2022 23:00,1232
05-06-2022 00:00,1145
05-06-2022 01:00,1086
05-06-2022 02:00,1109
05-06-2022 03:00,1175
05-06-2022 04:00,1189
05-06-2022 05:00,1141
05-06-2022 06:00,1074
05-06-2022 07:00,1107
05-06-2022 08:00,1199
05-06-2022 09:00,1281
05-06-2022 10:00,1320
05-06-2022 11:00,1357
05-06-2022 12:00,1368
05-06-2022 13:00,1352
05-06-2022 14:00,1342
05-06-2022 15:00,1342
05-06-2022 16:00,1374
05-06-2022 17:00,1427
05-06-2022 18:00,1454
05-06-2022 19:00,1448
05-06-2022 20:00,1401
05-06-2022 21:00,1330
05-06-2022 22:00,1260
05-06-2022 23:00,1215
06-06-2022 00:00,1128
06-06-2022 01:00,1076
06-06-2022 02:00,1104
06-06-2022 03:00,1170
06-06-2022 04:00,1199
06-06-2022 05:00,1210
06-06-2022 06:00,1255
06-06-2022 07:00,1375
06-06-2022 08:00,1567
06-06-2022 09:00,1681
06-06-2022 10:00,1682
06-06-2022 11:00,1673
06-06-2022 12:00,1593
06-06-2022 13:00,1661
06-06-2022 14:00,1691
06-06-2022 15:00,1694
06-06-2022 16:00,1698
06-06-2022 17:00,1653
06-06-2022 18:00,1615
06-06-2022 19:00,1565
06-06-2022 20:00,1490
06-06-2022 21:00,1430
06-06-2022 22:00,1386
06-06-2022 23:00,1329
07-06-2022 00:00,1226
07-06-2022 01:00,1163
07-06-2022 02:00,1192
07-06-2022 03:00,1253
07-06-2022 04:00,1269
07-06-2022 05:00,1259
07-06-2022 06:00,1293
07-06-2022 07:00,1401
07-06-2022 08:00,1551
07-06-2022 09:00,1674
07-06-2022 10:00,1714
07-06-2022 11:00,1729
07-06-2022 12:00,1647
07-06-2022 13:00,1735
07-06-2022 14:00,1723
07-06-2022 15:00,1710
07-06-2022 16:00,1677
07-06-2022 17:00,1621
07-06-2022 18:00,1582
07-06-2022 19:00,1534
07-06-2022 20:00,1475
07-06-2022 21:00,1405
07-06-2022 22:00,1351
07-06-2022 23:00,1297
08-06-2022 00:00,1197
08-06-2022 01:00,1143
08-06-2022 02:00,1176
08-06-2022 03:00,1241
08-06-2022 04:00,1262
08-06-2022 05:00,1258
08-06-2022 06:00,1276
08-06-2022 07:00,1352
08-06-2022 08:00,1524
08-06-2022 09:00,1672
08-06-2022 10:00,1714
08-06-2022 11:00,1737
08-06-2022 12:00,1658
08-06-2022 13:00,1735
08-06-2022 14:00,1748
08-06-2022 15:00,1732
08-06-2022 16:00,1735
08-06-2022 17:00,1667
08-06-2022 18:00,1610
08-06-2022 19:00,1566
08-06-2022 20:00,1489
08-06-2022 21:00,1431
08-06-2022 22:00,1383
08-06-2022 23:00,1330
09-06-2022 00:00,1230
09-06-2022 01:00,1171
09-06-2022 02:00,1203
09-06-2022 03:00,1272
09-06-2022 04:00,1289
09-06-2022 05:00,1278
09-06-2022 06:00,1295
09-06-2022 07:00,1382
09-06-2022 08:00,1561
09-06-2022 09:00,1720
09-06-2022 10:00,1795
09-06-2022 11:00,1840
09-06-2022 12:00,1791
09-06-2022 13:00,1868
09-06-2022 14:00,1869
09-06-2022 15:00,1843
09-06-2022 16:00,1829
09-06-2022 17:00,1768
09-06-2022 18:00,1693
09-06-2022 19:00,1634
09-06-2022 20:00,1558
09-06-2022 21:00,1493
09-06-2022 22:00,1436
09-06-2022 23:00,1369
10-06-2022 00:00,1262
10-06-2022 01:00,1207
10-06-2022 02:00,1234
10-06-2022 03:00,1292
10-06-2022 04:00,1309
10-06-2022 05:00,1291
10-06-2022 06:00,1329
10-06-2022 07:00,1446
10-06-2022 08:00,1646
10-06-2022 09:00,1822
10-06-2022 10:00,1893
10-06-2022 11:00,1935
10-06-2022 12:00,1865
10-06-2022 13:00,1940
10-06-2022 14:00,1948
10-06-2022 15:00,1905
10-06-2022 16:00,1849
10-06-2022 17:00,1735
10-06-2022 18:00,1678
10-06-2022 19:00,1636
10-06-2022 20:00,1558
10-06-2022 21:00,1490
10-06-2022 22:00,1443
10-06-2022 23:00,1382
11-06-2022 00:00,1283
11-06-2022 01:00,1212
11-06-2022 02:00,1233
11-06-2022 03:00,1281
11-06-2022 04:00,1290
11-06-2022 05:00,1241
11-06-2022 06:00,1222
11-06-2022 07:00,1276
11-06-2022 08:00,1380
11-06-2022 09:00,1460
11-06-2022 10:00,1496
11-06-2022 11:00,1516
11-06-2022 12:00,1493
11-06-2022 13:00,1493
11-06-2022 14:00,1504
11-06-2022 15:00,1485
11-06-2022 16:00,1486
11-06-2022 17:00,1487
11-06-2022 18:00,1484
11-06-2022 19:00,1465
11-06-2022 20:00,1411
11-06-2022 21:00,1331
11-06-2022 22:00,1272
11-06-2022 23:00,1225
12-06-2022 00:00,1135
12-06-2022 01:00,1087
12-06-2022 02:00,1117
12-06-2022 03:00,1182
12-06-2022 04:00,1188
12-06-2022 05:00,1156
12-06-2022 06:00,1128
12-06-2022 07:00,1170
12-06-2022 08:00,1241
12-06-2022 09:00,1318
12-06-2022 10:00,1375
12-06-2022 11:00,1408
12-06-2022 12:00,1411
12-06-2022 13:00,1396
12-06-2022 14:00,1374
12-06-2022 15:00,1363
12-06-2022 16:00,1392
12-06-2022 17:00,1436
12-06-2022 18:00,1429
12-06-2022 19:00,1427
12-06-2022 20:00,1387
12-06-2022 21:00,1317
12-06-2022 22:00,1232
12-06-2022 23:00,1191
13-06-2022 00:00,1103
13-06-2022 01:00,1045
13-06-2022 02:00,1087
13-06-2022 03:00,1146
13-06-2022 04:00,1169
13-06-2022 05:00,1176
13-06-2022 06:00,1203
13-06-2022 07:00,1291
13-06-2022 08:00,1467
13-06-2022 09:00,1609
13-06-2022 10:00,1668
13-06-2022 11:00,1695
13-06-2022 12:00,1624
13-06-2022 13:00,1707
13-06-2022 14:00,1718
13-06-2022 15:00,1719
13-06-2022 16:00,1715
13-06-2022 17:00,1661
13-06-2022 18:00,1630
13-06-2022 19:00,1586
13-06-2022 20:00,1513
13-06-2022 21:00,1453
13-06-2022 22:00,1391
13-06-2022 23:00,1344
14-06-2022 00:00,1241
14-06-2022 01:00,1185
14-06-2022 02:00,1208
14-06-2022 03:00,1269
14-06-2022 04:00,1285
14-06-2022 05:00,1269
14-06-2022 06:00,1306
14-06-2022 07:00,1422
14-06-2022 08:00,1591
14-06-2022 09:00,1710
14-06-2022 10:00,1714
14-06-2022 11:00,1734
14-06-2022 12:00,1625
14-06-2022 13:00,1702
14-06-2022 14:00,1726
14-06-2022 15:00,1719
14-06-2022 16:00,1715
14-06-2022 17:00,1666
14-06-2022 18:00,1626
14-06-2022 19:00,1572
14-06-2022 20:00,1497
14-06-2022 21:00,1432
14-06-2022 22:00,1376
14-06-2022 23:00,1320
15-06-2022 00:00,1225
15-06-2022 01:00,1175
15-06-2022 02:00,1203
15-06-2022 03:00,1269
15-06-2022 04:00,1289
15-06-2022 05:00,1276
15-06-2022 06:00,1293
15-06-2022 07:00,1402
15-06-2022 08:00,1557
15-06-2022 09:00,1675
15-06-2022 10:00,1682
15-06-2022 11:00,1680
15-06-2022 12:00,1647
15-06-2022 13:00,1744
15-06-2022 14:00,1803
15-06-2022 15:00,1791
15-06-2022 16:00,1776
15-06-2022 17:00,1697
15-06-2022 18:00,1669
15-06-2022 19:00,1615
15-06-2022 20:00,1542
15-06-2022 21:00,1475
15-06-2022 22:00,1422
15-06-2022 23:00,1368
16-06-2022 00:00,1276
16-06-2022 01:00,1217
16-06-2022 02:00,1238
16-06-2022 03:00,1300
16-06-2022 04:00,1318
16-06-2022 05:00,1305
16-06-2022 06:00,1333
16-06-2022 07:00,1428
16-06-2022 08:00,1623
16-06-2022 09:00,1757
16-06-2022 10:00,1820
16-06-2022 11:00,1859
16-06-2022 12:00,1791
16-06-2022 13:00,1876
16-06-2022 14:00,1901
16-06-2022 15:00,1861
16-06-2022 16:00,1837
16-06-2022 17:00,1759
16-06-2022 18:00,1713
16-06-2022 19:00,1667
16-06-2022 20:00,1589
16-06-2022 21:00,1524
16-06-2022 22:00,1462
16-06-2022 23:00,1399
17-06-2022 00:00,1291
17-06-2022 01:00,1233
17-06-2022 02:00,1253
17-06-2022 03:00,1308
17-06-2022 04:00,1330
17-06-2022 05:00,1304
17-06-2022 06:00,1325
17-06-2022 07:00,1438
17-06-2022 08:00,1644
17-06-2022 09:00,1825
17-06-2022 10:00,1892
17-06-2022 11:00,1954
17-06-2022 12:00,1906
17-06-2022 13:00,2007
17-06-2022 14:00,1993
17-06-2022 15:00,1971
17-06-2022 16:00,1944
17-06-2022 17:00,1832
17-06-2022 18:00,1762
17-06-2022 19:00,1707
17-06-2022 20:00,1624
17-06-2022 21:00,1549
17-06-2022 22:00,1498
17-06-2022 23:00,1425
18-06-2022 00:00,1316
18-06-2022 01:00,1243
18-06-2022 02:00,1250
18-06-2022 03:00,1299
18-06-2022 04:00,1308
18-06-2022 05:00,1258
18-06-2022 06:00,1249
18-06-2022 07:00,1308
18-06-2022 08:00,1421
18-06-2022 09:00,1529
18-06-2022 10:00,1576
18-06-2022 11:00,1592
18-06-2022 12:00,1545
18-06-2022 13:00,1549
18-06-2022 14:00,1579
18-06-2022 15:00,1603
18-06-2022 16:00,1611
18-06-2022 17:00,1545
18-06-2022 18:00,1550
18-06-2022 19:00,1551
18-06-2022 20:00,1498
18-06-2022 21:00,1433
18-06-2022 22:00,1363
18-06-2022 23:00,1304
19-06-2022 00:00,1205
19-06-2022 01:00,1141
19-06-2022 02:00,1152
19-06-2022 03:00,1204
19-06-2022 04:00,1207
19-06-2022 05:00,1181
19-06-2022 06:00,1153
19-06-2022 07:00,1214
19-06-2022 08:00,1314
19-06-2022 09:00,1435
19-06-2022 10:00,1494
19-06-2022 11:00,1550
19-06-2022 12:00,1563
19-06-2022 13:00,1559
19-06-2022 14:00,1590
19-06-2022 15:00,1568
19-06-2022 16:00,1554
19-06-2022 17:00,1549
19-06-2022 18:00,1554
19-06-2022 19:00,1563
19-06-2022 20:00,1521
19-06-2022 21:00,1446
19-06-2022 22:00,1371
19-06-2022 23:00,1314
20-06-2022 00:00,1218
20-06-2022 01:00,1160
20-06-2022 02:00,1178
20-06-2022 03:00,1229
20-06-2022 04:00,1246
20-06-2022 05:00,1231
20-06-2022 06:00,1272
20-06-2022 07:00,1419
20-06-2022 08:00,1673
20-06-2022 09:00,1882
20-06-2022 10:00,1960
20-06-2022 11:00,2007
20-06-2022 12:00,1929
20-06-2022 13:00,2038
20-06-2022 14:00,2049
20-06-2022 15:00,2046
20-06-2022 16:00,2046
20-06-2022 17:00,1930
20-06-2022 18:00,1853
20-06-2022 19:00,1790
20-06-2022 20:00,1697
20-06-2022 21:00,1621
20-06-2022 22:00,1556
20-06-2022 23:00,1479
21-06-2022 00:00,1364
21-06-2022 01:00,1279
21-06-2022 02:00,1288
21-06-2022 03:00,1332
21-06-2022 04:00,1338
21-06-2022 05:00,1324
21-06-2022 06:00,1382
21-06-2022 07:00,1530
21-06-2022 08:00,1761
21-06-2022 09:00,1926
21-06-2022 10:00,1964
21-06-2022 11:00,1962
21-06-2022 12:00,1848
21-06-2022 13:00,1924
21-06-2022 14:00,1930
21-06-2022 15:00,1920
21-06-2022 16:00,1901
21-06-2022 17:00,1826
21-06-2022 18:00,1778
21-06-2022 19:00,1720
21-06-2022 20:00,1643
21-06-2022 21:00,1574
21-06-2022 22:00,1513
21-06-2022 23:00,1442
22-06-2022 00:00,1335
22-06-2022 01:00,1273
22-06-2022 02:00,1278
22-06-2022 03:00,1333
22-06-2022 04:00,1345
22-06-2022 05:00,1341
22-06-2022 06:00,1389
22-06-2022 07:00,1526
22-06-2022 08:00,1747
22-06-2022 09:00,1913
22-06-2022 10:00,1981
22-06-2022 11:00,2053
22-06-2022 12:00,2009
22-06-2022 13:00,2113
22-06-2022 14:00,2141
22-06-2022 15:00,2129
22-06-2022 16:00,2127
22-06-2022 17:00,2028
22-06-2022 18:00,1918
22-06-2022 19:00,1845
22-06-2022 20:00,1761
22-06-2022 21:00,1678
22-06-2022 22:00,1614
22-06-2022 23:00,1526
23-06-2022 00:00,1407
23-06-2022 01:00,1328
23-06-2022 02:00,1329
23-06-2022 03:00,1369
23-06-2022 04:00,1375
23-06-2022 05:00,1381
23-06-2022 06:00,1439
23-06-2022 07:00,1607
23-06-2022 08:00,1895
23-06-2022 09:00,2132
23-06-2022 10:00,2199
23-06-2022 11:00,2247
23-06-2022 12:00,2199
23-06-2022 13:00,2315
23-06-2022 14:00,2320
23-06-2022 15:00,2320
23-06-2022 16:00,2298
23-06-2022 17:00,2191
23-06-2022 18:00,2092
23-06-2022 19:00,1992
23-06-2022 20:00,1886
23-06-2022 21:00,1792
23-06-2022 22:00,1709
23-06-2022 23:00,1605
24-06-2022 00:00,1469
24-06-2022 01:00,1386
24-06-2022 02:00,1376
24-06-2022 03:00,1415
24-06-2022 04:00,1413
24-06-2022 05:00,1425
24-06-2022 06:00,1497
24-06-2022 07:00,1681
24-06-2022 08:00,1975
24-06-2022 09:00,2207
24-06-2022 10:00,2299
24-06-2022 11:00,2345
24-06-2022 12:00,2297
24-06-2022 13:00,2406
24-06-2022 14:00,2397
24-06-2022 15:00,2365
24-06-2022 16:00,2349
24-06-2022 17:00,2214
24-06-2022 18:00,2082
24-06-2022 19:00,1983
24-06-2022 20:00,1885
24-06-2022 21:00,1792
24-06-2022 22:00,1717
24-06-2022 23:00,1629
25-06-2022 00:00,1490
25-06-2022 01:00,1401
25-06-2022 02:00,1381
25-06-2022 03:00,1406
25-06-2022 04:00,1400
25-06-2022 05:00,1372
25-06-2022 06:00,1394
25-06-2022 07:00,1514
25-06-2022 08:00,1698
25-06-2022 09:00,1878
25-06-2022 10:00,1955
25-06-2022 11:00,1977
25-06-2022 12:00,1957
25-06-2022 13:00,1973
25-06-2022 14:00,1938
25-06-2022 15:00,1848
25-06-2022 16:00,1767
25-06-2022 17:00,1717
25-06-2022 18:00,1714
25-06-2022 19:00,1701
25-06-2022 20:00,1641
25-06-2022 21:00,1559
25-06-2022 22:00,1484
25-06-2022 23:00,1414
26-06-2022 00:00,1297
26-06-2022 01:00,1223
26-06-2022 02:00,1226
26-06-2022 03:00,1257
26-06-2022 04:00,1262
26-06-2022 05:00,1234
26-06-2022 06:00,1213
26-06-2022 07:00,1280
26-06-2022 08:00,1400
26-06-2022 09:00,1516
26-06-2022 10:00,1587
26-06-2022 11:00,1676
26-06-2022 12:00,1735
26-06-2022 13:00,1697
26-06-2022 14:00,1747
26-06-2022 15:00,1744
26-06-2022 16:00,1752
26-06-2022 17:00,1804
26-06-2022 18:00,1797
26-06-2022 19:00,1765
26-06-2022 20:00,1713
26-06-2022 21:00,1614
26-06-2022 22:00,1524
26-06-2022 23:00,1444
27-06-2022 00:00,1323
27-06-2022 01:00,1242
27-06-2022 02:00,1251
27-06-2022 03:00,1286
27-06-2022 04:00,1293
27-06-2022 05:00,1320
27-06-2022 06:00,1418
27-06-2022 07:00,1635
27-06-2022 08:00,1973
27-06-2022 09:00,2199
27-06-2022 10:00,2272
27-06-2022 11:00,2331
27-06-2022 12:00,2283
27-06-2022 13:00,2402
27-06-2022 14:00,2386
27-06-2022 15:00,2314
27-06-2022 16:00,2236
27-06-2022 17:00,2129
27-06-2022 18:00,2069
27-06-2022 19:00,1988
27-06-2022 20:00,1875
27-06-2022 21:00,1781
27-06-2022 22:00,1693
27-06-2022 23:00,1596
28-06-2022 00:00,1458
28-06-2022 01:00,1362
28-06-2022 02:00,1355
28-06-2022 03:00,1390
28-06-2022 04:00,1392
28-06-2022 05:00,1402
28-06-2022 06:00,1489
28-06-2022 07:00,1693
28-06-2022 08:00,2011
28-06-2022 09:00,2256
28-06-2022 10:00,2352
28-06-2022 11:00,2412
28-06-2022 12:00,2373
28-06-2022 13:00,2479
28-06-2022 14:00,2483
28-06-2022 15:00,2471
28-06-2022 16:00,2461
28-06-2022 17:00,2347
28-06-2022 18:00,2217
28-06-2022 19:00,2081
28-06-2022 20:00,1963
28-06-2022 21:00,1854
28-06-2022 22:00,1754
28-06-2022 23:00,1653
29-06-2022 00:00,1498
29-06-2022 01:00,1398
29-06-2022 02:00,1382
29-06-2022 03:00,1409
29-06-2022 04:00,1427
29-06-2022 05:00,1442
29-06-2022 06:00,1536
29-06-2022 07:00,1734
29-06-2022 08:00,2043
29-06-2022 09:00,2288
29-06-2022 10:00,2385
29-06-2022 11:00,2443
29-06-2022 12:00,2391
29-06-2022 13:00,2484
29-06-2022 14:00,2490
29-06-2022 15:00,2474
29-06-2022 16:00,2455
29-06-2022 17:00,2349
29-06-2022 18:00,2218
29-06-2022 19:00,2091
29-06-2022 20:00,1975
29-06-2022 21:00,1857
29-06-2022 22:00,1777
29-06-2022 23:00,1668
30-06-2022 00:00,1498
30-06-2022 01:00,1392
30-06-2022 02:00,1376
30-06-2022 03:00,1402
30-06-2022 04:00,1413
30-06-2022 05:00,1436
30-06-2022 06:00,1536
30-06-2022 07:00,1731
30-06-2022 08:00,2058
30-06-2022 09:00,2305
30-06-2022 10:00,2415
30-06-2022 11:00,2499
30-06-2022 12:00,2472
30-06-2022 13:00,2587
30-06-2022 14:00,2609
30-06-2022 15:00,2594
30-06-2022 16:00,2577
30-06-2022 17:00,2450
30-06-2022 18:00,2319
30-06-2022 19:00,2199
30-06-2022 20:00,2078
30-06-2022 21:00,1959
30-06-2022 22:00,1859
30-06-2022 23:00,1722
01-07-2022 00:00,1548
01-07-2022 01:00,1442
01-07-2022 02:00,1419
01-07-2022 03:00,1449
01-07-2022 04:00,1440
01-07-2022 05:00,1438
01-07-2022 06:00,1557
01-07-2022 07:00,1774
01-07-2022 08:00,2085
01-07-2022 09:00,2355
01-07-2022 10:00,2479
01-07-2022 11:00,2566
01-07-2022 12:00,2550
01-07-2022 13:00,2661
01-07-2022 14:00,2685
01-07-2022 15:00,2678
01-07-2022 16:00,2661
01-07-2022 17:00,2526
01-07-2022 18:00,2387
01-07-2022 19:00,2247
01-07-2022 20:00,2094
01-07-2022 21:00,1964
01-07-2022 22:00,1856
01-07-2022 23:00,1734
02-07-2022 00:00,1569
02-07-2022 01:00,1450
02-07-2022 02:00,1424
02-07-2022 03:00,1426
02-07-2022 04:00,1406
02-07-2022 05:00,1402
02-07-2022 06:00,1457
02-07-2022 07:00,1567
02-07-2022 08:00,1780
02-07-2022 09:00,1974
02-07-2022 10:00,2083
02-07-2022 11:00,2141
02-07-2022 12:00,2149
02-07-2022 13:00,2177
02-07-2022 14:00,2166
02-07-2022 15:00,2150
02-07-2022 16:00,2142
02-07-2022 17:00,2089
02-07-2022 18:00,2017
02-07-2022 19:00,1975
02-07-2022 20:00,1896
02-07-2022 21:00,1804
02-07-2022 22:00,1719
02-07-2022 23:00,1630
03-07-2022 00:00,1488
03-07-2022 01:00,1392
03-07-2022 02:00,1378
03-07-2022 03:00,1388
03-07-2022 04:00,1373
03-07-2022 05:00,1362
03-07-2022 06:00,1366
03-07-2022 07:00,1451
03-07-2022 08:00,1564
03-07-2022 09:00,1677
03-07-2022 10:00,1717
03-07-2022 11:00,1730
03-07-2022 12:00,1759
03-07-2022 13:00,1750
03-07-2022 14:00,1724
03-07-2022 15:00,1740
03-07-2022 16:00,1749
03-07-2022 17:00,1764
03-07-2022 18:00,1783
03-07-2022 19:00,1773
03-07-2022 20:00,1719
03-07-2022 21:00,1631
03-07-2022 22:00,1554
03-07-2022 23:00,1479
04-07-2022 00:00,1362
04-07-2022 01:00,1284
04-07-2022 02:00,1278
04-07-2022 03:00,1315
04-07-2022 04:00,1328
04-07-2022 05:00,1358
04-07-2022 06:00,1451
04-07-2022 07:00,1649
04-07-2022 08:00,1917
04-07-2022 09:00,2107
04-07-2022 10:00,2141
04-07-2022 11:00,2125
04-07-2022 12:00,2017
04-07-2022 13:00,2079
04-07-2022 14:00,2095
04-07-2022 15:00,2113
04-07-2022 16:00,2112
04-07-2022 17:00,2024
04-07-2022 18:00,1970
04-07-2022 19:00,1905
04-07-2022 20:00,1813
04-07-2022 21:00,1725
04-07-2022 22:00,1656
04-07-2022 23:00,1566
05-07-2022 00:00,1443
05-07-2022 01:00,1360
05-07-2022 02:00,1359
05-07-2022 03:00,1386
05-07-2022 04:00,1397
05-07-2022 05:00,1407
05-07-2022 06:00,1490
05-07-2022 07:00,1670
05-07-2022 08:00,1906
05-07-2022 09:00,2065
05-07-2022 10:00,2100
05-07-2022 11:00,2168
05-07-2022 12:00,2094
05-07-2022 13:00,2226
05-07-2022 14:00,2229
05-07-2022 15:00,2195
05-07-2022 16:00,2170
05-07-2022 17:00,2076
05-07-2022 18:00,2011
05-07-2022 19:00,1932
05-07-2022 20:00,1833
05-07-2022 21:00,1747
05-07-2022 22:00,1661
05-07-2022 23:00,1577
06-07-2022 00:00,1448
06-07-2022 01:00,1363
06-07-2022 02:00,1357
06-07-2022 03:00,1380
06-07-2022 04:00,1381
06-07-2022 05:00,1405
06-07-2022 06:00,1484
06-07-2022 07:00,1689
06-07-2022 08:00,1988
06-07-2022 09:00,2198
06-07-2022 10:00,2261
06-07-2022 11:00,2329
06-07-2022 12:00,2282
06-07-2022 13:00,2399
06-07-2022 14:00,2432
06-07-2022 15:00,2426
06-07-2022 16:00,2398
06-07-2022 17:00,2293
06-07-2022 18:00,2183
06-07-2022 19:00,2068
06-07-2022 20:00,1950
06-07-2022 21:00,1847
06-07-2022 22:00,1735
06-07-2022 23:00,1623
07-07-2022 00:00,1487
07-07-2022 01:00,1388
07-07-2022 02:00,1379
07-07-2022 03:00,1402
07-07-2022 04:00,1402
07-07-2022 05:00,1417
07-07-2022 06:00,1520
07-07-2022 07:00,1707
07-07-2022 08:00,2011
07-07-2022 09:00,2243
07-07-2022 10:00,2333
07-07-2022 11:00,2395
07-07-2022 12:00,2361
07-07-2022 13:00,2462
07-07-2022 14:00,2484
07-07-2022 15:00,2486
07-07-2022 16:00,2483
07-07-2022 17:00,2384
07-07-2022 18:00,2249
07-07-2022 19:00,2113
07-07-2022 20:00,1979
07-07-2022 21:00,1879
07-07-2022 22:00,1785
07-07-2022 23:00,1674
08-07-2022 00:00,1523
08-07-2022 01:00,1438
08-07-2022 02:00,1429
08-07-2022 03:00,1448
08-07-2022 04:00,1431
08-07-2022 05:00,1441
08-07-2022 06:00,1518
08-07-2022 07:00,1706
08-07-2022 08:00,1975
08-07-2022 09:00,2184
08-07-2022 10:00,2242
08-07-2022 11:00,2260
08-07-2022 12:00,2214
08-07-2022 13:00,2305
08-07-2022 14:00,2348
08-07-2022 15:00,2324
08-07-2022 16:00,2262
08-07-2022 17:00,2149
08-07-2022 18:00,2066
08-07-2022 19:00,1995
08-07-2022 20:00,1893
08-07-2022 21:00,1804
08-07-2022 22:00,1730
08-07-2022 23:00,1645
09-07-2022 00:00,1500
09-07-2022 01:00,1411
09-07-2022 02:00,1405
09-07-2022 03:00,1409
09-07-2022 04:00,1401
09-07-2022 05:00,1392
09-07-2022 06:00,1415
09-07-2022 07:00,1515
09-07-2022 08:00,1678
09-07-2022 09:00,1848
09-07-2022 10:00,1938
09-07-2022 11:00,1982
09-07-2022 12:00,1959
09-07-2022 13:00,1954
09-07-2022 14:00,1929
09-07-2022 15:00,1909
09-07-2022 16:00,1877
09-07-2022 17:00,1833
09-07-2022 18:00,1811
09-07-2022 19:00,1780
09-07-2022 20:00,1713
09-07-2022 21:00,1628
09-07-2022 22:00,1566
09-07-2022 23:00,1497
10-07-2022 00:00,1392
10-07-2022 01:00,1305
10-07-2022 02:00,1298
10-07-2022 03:00,1322
10-07-2022 04:00,1314
10-07-2022 05:00,1311
10-07-2022 06:00,1329
10-07-2022 07:00,1408
10-07-2022 08:00,1497
10-07-2022 09:00,1605
10-07-2022 10:00,1684
10-07-2022 11:00,1746
10-07-2022 12:00,1797
10-07-2022 13:00,1815
10-07-2022 14:00,1832
10-07-2022 15:00,1840
10-07-2022 16:00,1855
10-07-2022 17:00,1863
10-07-2022 18:00,1850
10-07-2022 19:00,1831
10-07-2022 20:00,1782
10-07-2022 21:00,1698
10-07-2022 22:00,1604
10-07-2022 23:00,1518
11-07-2022 00:00,1391
11-07-2022 01:00,1308
11-07-2022 02:00,1302
11-07-2022 03:00,1332
11-07-2022 04:00,1336
11-07-2022 05:00,1364
11-07-2022 06:00,1469
11-07-2022 07:00,1693
11-07-2022 08:00,2000
11-07-2022 09:00,2223
11-07-2022 10:00,2316
11-07-2022 11:00,2380
11-07-2022 12:00,2318
11-07-2022 13:00,2401
11-07-2022 14:00,2405
11-07-2022 15:00,2421
11-07-2022 16:00,2432
11-07-2022 17:00,2286
11-07-2022 18:00,2174
11-07-2022 19:00,2094
11-07-2022 20:00,1975
11-07-2022 21:00,1875
11-07-2022 22:00,1786
11-07-2022 23:00,1684
12-07-2022 00:00,1536
12-07-2022 01:00,1444
12-07-2022 02:00,1434
12-07-2022 03:00,1454
12-07-2022 04:00,1441
12-07-2022 05:00,1459
12-07-2022 06:00,1551
12-07-2022 07:00,1716
12-07-2022 08:00,1975
12-07-2022 09:00,2133
12-07-2022 10:00,2147
12-07-2022 11:00,2156
12-07-2022 12:00,2061
12-07-2022 13:00,2176
12-07-2022 14:00,2200
12-07-2022 15:00,2206
12-07-2022 16:00,2219
12-07-2022 17:00,2130
12-07-2022 18:00,2056
12-07-2022 19:00,1970
12-07-2022 20:00,1863
12-07-2022 21:00,1766
12-07-2022 22:00,1677
12-07-2022 23:00,1575
13-07-2022 00:00,1438
13-07-2022 01:00,1346
13-07-2022 02:00,1345
13-07-2022 03:00,1367
13-07-2022 04:00,1378
13-07-2022 05:00,1391
13-07-2022 06:00,1457
13-07-2022 07:00,1649
13-07-2022 08:00,1944
13-07-2022 09:00,2123
13-07-2022 10:00,2192
13-07-2022 11:00,2198
13-07-2022 12:00,2114
13-07-2022 13:00,2222
13-07-2022 14:00,2264
13-07-2022 15:00,2237
13-07-2022 16:00,2215
13-07-2022 17:00,2119
13-07-2022 18:00,2023
13-07-2022 19:00,1957
13-07-2022 20:00,1849
13-07-2022 21:00,1758
13-07-2022 22:00,1678
13-07-2022 23:00,1585
14-07-2022 00:00,1452
14-07-2022 01:00,1358
14-07-2022 02:00,1354
14-07-2022 03:00,1383
14-07-2022 04:00,1388
14-07-2022 05:00,1391
14-07-2022 06:00,1456
14-07-2022 07:00,1608
14-07-2022 08:00,1864
14-07-2022 09:00,2047
14-07-2022 10:00,2105
14-07-2022 11:00,2132
14-07-2022 12:00,2038
14-07-2022 13:00,2107
14-07-2022 14:00,2092
14-07-2022 15:00,2060
14-07-2022 16:00,2067
14-07-2022 17:00,1988
14-07-2022 18:00,1931
14-07-2022 19:00,1858
14-07-2022 20:00,1777
14-07-2022 21:00,1705
14-07-2022 22:00,1631
14-07-2022 23:00,1547
15-07-2022 00:00,1421
15-07-2022 01:00,1338
15-07-2022 02:00,1346
15-07-2022 03:00,1371
15-07-2022 04:00,1386
15-07-2022 05:00,1396
15-07-2022 06:00,1474
15-07-2022 07:00,1643
15-07-2022 08:00,1898
15-07-2022 09:00,2081
15-07-2022 10:00,2162
15-07-2022 11:00,2201
15-07-2022 12:00,2147
15-07-2022 13:00,2290
15-07-2022 14:00,2385
15-07-2022 15:00,2322
15-07-2022 16:00,2209
15-07-2022 17:00,2097
15-07-2022 18:00,1992
15-07-2022 19:00,1918
15-07-2022 20:00,1827
15-07-2022 21:00,1740
15-07-2022 22:00,1666
15-07-2022 23:00,1587
16-07-2022 00:00,1449
16-07-2022 01:00,1353
16-07-2022 02:00,1344
16-07-2022 03:00,1366
16-07-2022 04:00,1350
16-07-2022 05:00,1323
16-07-2022 06:00,1323
16-07-2022 07:00,1411
16-07-2022 08:00,1556
16-07-2022 09:00,1679
16-07-2022 10:00,1717
16-07-2022 11:00,1736
16-07-2022 12:00,1722
16-07-2022 13:00,1709
16-07-2022 14:00,1717
16-07-2022 15:00,1684
16-07-2022 16:00,1675
16-07-2022 17:00,1671
16-07-2022 18:00,1663
16-07-2022 19:00,1660
16-07-2022 20:00,1593
16-07-2022 21:00,1524
16-07-2022 22:00,1483
16-07-2022 23:00,1425
17-07-2022 00:00,1315
17-07-2022 01:00,1235
17-07-2022 02:00,1235
17-07-2022 03:00,1264
17-07-2022 04:00,1260
17-07-2022 05:00,1251
17-07-2022 06:00,1264
17-07-2022 07:00,1338
17-07-2022 08:00,1438
17-07-2022 09:00,1570
17-07-2022 10:00,1658
17-07-2022 11:00,1719
17-07-2022 12:00,1743
17-07-2022 13:00,1742
17-07-2022 14:00,1716
17-07-2022 15:00,1714
17-07-2022 16:00,1754
17-07-2022 17:00,1765
17-07-2022 18:00,1762
17-07-2022 19:00,1740
17-07-2022 20:00,1675
17-07-2022 21:00,1600
17-07-2022 22:00,1516
17-07-2022 23:00,1438
18-07-2022 00:00,1327
18-07-2022 01:00,1245
18-07-2022 02:00,1247
18-07-2022 03:00,1273
18-07-2022 04:00,1268
18-07-2022 05:00,1257
18-07-2022 06:00,1264
18-07-2022 07:00,1368
18-07-2022 08:00,1540
18-07-2022 09:00,1686
18-07-2022 10:00,1761
18-07-2022 11:00,1799
18-07-2022 12:00,1798
18-07-2022 13:00,1888
18-07-2022 14:00,1920
18-07-2022 15:00,1914
18-07-2022 16:00,1902
18-07-2022 17:00,1900
18-07-2022 18:00,1904
18-07-2022 19:00,1888
18-07-2022 20:00,1821
18-07-2022 21:00,1732
18-07-2022 22:00,1637
18-07-2022 23:00,1560
19-07-2022 00:00,1436
19-07-2022 01:00,1361
19-07-2022 02:00,1358
19-07-2022 03:00,1387
19-07-2022 04:00,1395
19-07-2022 05:00,1401
19-07-2022 06:00,1488
19-07-2022 07:00,1710
19-07-2022 08:00,1995
19-07-2022 09:00,2204
19-07-2022 10:00,2251
19-07-2022 11:00,2243
19-07-2022 12:00,2118
19-07-2022 13:00,2174
19-07-2022 14:00,2164
19-07-2022 15:00,2156
19-07-2022 16:00,2160
19-07-2022 17:00,2081
19-07-2022 18:00,2017
19-07-2022 19:00,1944
19-07-2022 20:00,1848
19-07-2022 21:00,1759
19-07-2022 22:00,1677
19-07-2022 23:00,1581
20-07-2022 00:00,1452
20-07-2022 01:00,1361
20-07-2022 02:00,1357
20-07-2022 03:00,1388
20-07-2022 04:00,1392
20-07-2022 05:00,1391
20-07-2022 06:00,1471
20-07-2022 07:00,1669
20-07-2022 08:00,1957
20-07-2022 09:00,2159
20-07-2022 10:00,2236
20-07-2022 11:00,2289
20-07-2022 12:00,2243
20-07-2022 13:00,2343
20-07-2022 14:00,2371
20-07-2022 15:00,2372
20-07-2022 16:00,2361
20-07-2022 17:00,2246
20-07-2022 18:00,2139
20-07-2022 19:00,2048
20-07-2022 20:00,1939
20-07-2022 21:00,1837
20-07-2022 22:00,1732
20-07-2022 23:00,1620
21-07-2022 00:00,1468
21-07-2022 01:00,1376
21-07-2022 02:00,1359
21-07-2022 03:00,1383
21-07-2022 04:00,1385
21-07-2022 05:00,1395
21-07-2022 06:00,1464
21-07-2022 07:00,1619
21-07-2022 08:00,1899
21-07-2022 09:00,2124
21-07-2022 10:00,2245
21-07-2022 11:00,2310
21-07-2022 12:00,2230
21-07-2022 13:00,2287
21-07-2022 14:00,2257
21-07-2022 15:00,2199
21-07-2022 16:00,2176
21-07-2022 17:00,2111
21-07-2022 18:00,2058
21-07-2022 19:00,1990
21-07-2022 20:00,1897
21-07-2022 21:00,1814
21-07-2022 22:00,1731
21-07-2022 23:00,1635
22-07-2022 00:00,1497
22-07-2022 01:00,1408
22-07-2022 02:00,1405
22-07-2022 03:00,1436
22-07-2022 04:00,1430
22-07-2022 05:00,1434
22-07-2022 06:00,1517
22-07-2022 07:00,1699
22-07-2022 08:00,1993
22-07-2022 09:00,2204
22-07-2022 10:00,2258
22-07-2022 11:00,2291
22-07-2022 12:00,2227
22-07-2022 13:00,2319
22-07-2022 14:00,2296
22-07-2022 15:00,2279
22-07-2022 16:00,2265
22-07-2022 17:00,2158
22-07-2022 18:00,2045
22-07-2022 19:00,1958
22-07-2022 20:00,1843
22-07-2022 21:00,1737
22-07-2022 22:00,1640
22-07-2022 23:00,1547
23-07-2022 00:00,1410
23-07-2022 01:00,1326
23-07-2022 02:00,1311
23-07-2022 03:00,1336
23-07-2022 04:00,1332
23-07-2022 05:00,1312
23-07-2022 06:00,1317
23-07-2022 07:00,1400
23-07-2022 08:00,1549
23-07-2022 09:00,1684
23-07-2022 10:00,1725
23-07-2022 11:00,1760
23-07-2022 12:00,1751
23-07-2022 13:00,1786
23-07-2022 14:00,1801
23-07-2022 15:00,1791
23-07-2022 16:00,1816
23-07-2022 17:00,1798
23-07-2022 18:00,1745
23-07-2022 19:00,1692
23-07-2022 20:00,1607
23-07-2022 21:00,1525
23-07-2022 22:00,1455
23-07-2022 23:00,1388
24-07-2022 00:00,1270
24-07-2022 01:00,1196
24-07-2022 02:00,1200
24-07-2022 03:00,1229
24-07-2022 04:00,1227
24-07-2022 05:00,1209
24-07-2022 06:00,1217
24-07-2022 07:00,1284
24-07-2022 08:00,1404
24-07-2022 09:00,1560
24-07-2022 10:00,1662
24-07-2022 11:00,1732
24-07-2022 12:00,1779
24-07-2022 13:00,1806
24-07-2022 14:00,1805
24-07-2022 15:00,1818
24-07-2022 16:00,1862
24-07-2022 17:00,1891
24-07-2022 18:00,1852
24-07-2022 19:00,1801
24-07-2022 20:00,1733
24-07-2022 21:00,1641
24-07-2022 22:00,1553
24-07-2022 23:00,1462
25-07-2022 00:00,1334
25-07-2022 01:00,1259
25-07-2022 02:00,1259
25-07-2022 03:00,1289
25-07-2022 04:00,1302
25-07-2022 05:00,1311
25-07-2022 06:00,1421
25-07-2022 07:00,1639
25-07-2022 08:00,1981
25-07-2022 09:00,2239
25-07-2022 10:00,2348
25-07-2022 11:00,2407
25-07-2022 12:00,2385
25-07-2022 13:00,2505
25-07-2022 14:00,2535
25-07-2022 15:00,2552
25-07-2022 16:00,2548
25-07-2022 17:00,2431
25-07-2022 18:00,2304
25-07-2022 19:00,2184
25-07-2022 20:00,2049
25-07-2022 21:00,1939
25-07-2022 22:00,1820
25-07-2022 23:00,1705
26-07-2022 00:00,1550
26-07-2022 01:00,1439
26-07-2022 02:00,1421
26-07-2022 03:00,1438
26-07-2022 04:00,1436
26-07-2022 05:00,1454
26-07-2022 06:00,1556
26-07-2022 07:00,1776
26-07-2022 08:00,2129
26-07-2022 09:00,2388
26-07-2022 10:00,2512
26-07-2022 11:00,2598
26-07-2022 12:00,2575
26-07-2022 13:00,2675
26-07-2022 14:00,2699
26-07-2022 15:00,2705
26-07-2022 16:00,2707
26-07-2022 17:00,2591
26-07-2022 18:00,2460
26-07-2022 19:00,2324
26-07-2022 20:00,2178
26-07-2022 21:00,2048
26-07-2022 22:00,1918
26-07-2022 23:00,1794
27-07-2022 00:00,1618
27-07-2022 01:00,1511
27-07-2022 02:00,1490
27-07-2022 03:00,1491
27-07-2022 04:00,1488
27-07-2022 05:00,1501
27-07-2022 06:00,1611
27-07-2022 07:00,1840
27-07-2022 08:00,2168
27-07-2022 09:00,2431
27-07-2022 10:00,2499
27-07-2022 11:00,2533
27-07-2022 12:00,2464
27-07-2022 13:00,2512
27-07-2022 14:00,2485
27-07-2022 15:00,2431
27-07-2022 16:00,2413
27-07-2022 17:00,2333
27-07-2022 18:00,2244
27-07-2022 19:00,2150
27-07-2022 20:00,2032
27-07-2022 21:00,1930
27-07-2022 22:00,1816
27-07-2022 23:00,1711
28-07-2022 00:00,1554
28-07-2022 01:00,1455
28-07-2022 02:00,1437
28-07-2022 03:00,1452
28-07-2022 04:00,1445
28-07-2022 05:00,1457
28-07-2022 06:00,1581
28-07-2022 07:00,1803
28-07-2022 08:00,2164
28-07-2022 09:00,2438
28-07-2022 10:00,2536
28-07-2022 11:00,2602
28-07-2022 12:00,2573
28-07-2022 13:00,2646
28-07-2022 14:00,2651
28-07-2022 15:00,2629
28-07-2022 16:00,2594
28-07-2022 17:00,2479
28-07-2022 18:00,2352
28-07-2022 19:00,2229
28-07-2022 20:00,2097
28-07-2022 21:00,1983
28-07-2022 22:00,1864
28-07-2022 23:00,1740
29-07-2022 00:00,1583
29-07-2022 01:00,1474
29-07-2022 02:00,1454
29-07-2022 03:00,1459
29-07-2022 04:00,1449
29-07-2022 05:00,1477
29-07-2022 06:00,1586
29-07-2022 07:00,1802
29-07-2022 08:00,2151
29-07-2022 09:00,2416
29-07-2022 10:00,2506
29-07-2022 11:00,2554
29-07-2022 12:00,2508
29-07-2022 13:00,2610
29-07-2022 14:00,2633
29-07-2022 15:00,2625
29-07-2022 16:00,2617
29-07-2022 17:00,2492
29-07-2022 18:00,2323
29-07-2022 19:00,2218
29-07-2022 20:00,2092
29-07-2022 21:00,1984
29-07-2022 22:00,1862
29-07-2022 23:00,1742
30-07-2022 00:00,1578
30-07-2022 01:00,1472
30-07-2022 02:00,1439
30-07-2022 03:00,1441
30-07-2022 04:00,1419
30-07-2022 05:00,1394
30-07-2022 06:00,1430
30-07-2022 07:00,1568
30-07-2022 08:00,1763
30-07-2022 09:00,1951
30-07-2022 10:00,2071
30-07-2022 11:00,2117
30-07-2022 12:00,2119
30-07-2022 13:00,2148
30-07-2022 14:00,2152
30-07-2022 15:00,2154
30-07-2022 16:00,2127
30-07-2022 17:00,2098
30-07-2022 18:00,2049
30-07-2022 19:00,1999
30-07-2022 20:00,1906
30-07-2022 21:00,1803
30-07-2022 22:00,1709
30-07-2022 23:00,1621
31-07-2022 00:00,1476
31-07-2022 01:00,1370
31-07-2022 02:00,1351
31-07-2022 03:00,1356
31-07-2022 04:00,1348
31-07-2022 05:00,1332
31-07-2022 06:00,1369
31-07-2022 07:00,1493
31-07-2022 08:00,1662
31-07-2022 09:00,1843
31-07-2022 10:00,1937
31-07-2022 11:00,2010
31-07-2022 12:00,2055
31-07-2022 13:00,2046
31-07-2022 14:00,2045
31-07-2022 15:00,2083
31-07-2022 16:00,2088
31-07-2022 17:00,2083
31-07-2022 18:00,2063
31-07-2022 19:00,2033
31-07-2022 20:00,1943
31-07-2022 21:00,1844
31-07-2022 22:00,1730
31-07-2022 23:00,1627
01-08-2022 00:00,1480
01-08-2022 01:00,1380
01-08-2022 02:00,1361
01-08-2022 03:00,1380
01-08-2022 04:00,1373
01-08-2022 05:00,1404
01-08-2022 06:00,1537
01-08-2022 07:00,1818
01-08-2022 08:00,2190
01-08-2022 09:00,2472
01-08-2022 10:00,2581
01-08-2022 11:00,2642
01-08-2022 12:00,2606
01-08-2022 13:00,2684
01-08-2022 14:00,2692
01-08-2022 15:00,2689
01-08-2022 16:00,2683
01-08-2022 17:00,2561
01-08-2022 18:00,2429
01-08-2022 19:00,2297
01-08-2022 20:00,2156
01-08-2022 21:00,2031
01-08-2022 22:00,1898
01-08-2022 23:00,1781
02-08-2022 00:00,1619
02-08-2022 01:00,1519
02-08-2022 02:00,1489
02-08-2022 03:00,1479
02-08-2022 04:00,1465
02-08-2022 05:00,1471
02-08-2022 06:00,1595
02-08-2022 07:00,1818
02-08-2022 08:00,2180
02-08-2022 09:00,2442
02-08-2022 10:00,2558
02-08-2022 11:00,2628
02-08-2022 12:00,2600
02-08-2022 13:00,2689
02-08-2022 14:00,2709
02-08-2022 15:00,2709
02-08-2022 16:00,2707
02-08-2022 17:00,2585
02-08-2022 18:00,2454
02-08-2022 19:00,2328
02-08-2022 20:00,2178
02-08-2022 21:00,2052
02-08-2022 22:00,1929
02-08-2022 23:00,1797
03-08-2022 00:00,1624
03-08-2022 01:00,1511
03-08-2022 02:00,1484
03-08-2022 03:00,1486
03-08-2022 04:00,1471
03-08-2022 05:00,1488
03-08-2022 06:00,1606
03-08-2022 07:00,1844
03-08-2022 08:00,2202
03-08-2022 09:00,2491
03-08-2022 10:00,2593
03-08-2022 11:00,2674
03-08-2022 12:00,2632
03-08-2022 13:00,2726
03-08-2022 14:00,2744
03-08-2022 15:00,2729
03-08-2022 16:00,2661
03-08-2022 17:00,2492
03-08-2022 18:00,2377
03-08-2022 19:00,2276
03-08-2022 20:00,2155
03-08-2022 21:00,2038
03-08-2022 22:00,1922
03-08-2022 23:00,1800
04-08-2022 00:00,1637
04-08-2022 01:00,1527
04-08-2022 02:00,1499
04-08-2022 03:00,1502
04-08-2022 04:00,1486
04-08-2022 05:00,1510
04-08-2022 06:00,1626
04-08-2022 07:00,1870
04-08-2022 08:00,2216
04-08-2022 09:00,2429
04-08-2022 10:00,2507
04-08-2022 11:00,2569
04-08-2022 12:00,2532
04-08-2022 13:00,2608
04-08-2022 14:00,2635
04-08-2022 15:00,2608
04-08-2022 16:00,2508
04-08-2022 17:00,2353
04-08-2022 18:00,2255
04-08-2022 19:00,2150
04-08-2022 20:00,2034
04-08-2022 21:00,1918
04-08-2022 22:00,1807
04-08-2022 23:00,1701
05-08-2022 00:00,1557
05-08-2022 01:00,1466
05-08-2022 02:00,1445
05-08-2022 03:00,1452
05-08-2022 04:00,1449
05-08-2022 05:00,1467
05-08-2022 06:00,1566
05-08-2022 07:00,1785
05-08-2022 08:00,2097
05-08-2022 09:00,2312
05-08-2022 10:00,2360
05-08-2022 11:00,2348
05-08-2022 12:00,2207
05-08-2022 13:00,2359
05-08-2022 14:00,2454
05-08-2022 15:00,2420
05-08-2022 16:00,2344
05-08-2022 17:00,2226
05-08-2022 18:00,2138
05-08-2022 19:00,2053
05-08-2022 20:00,1938
05-08-2022 21:00,1832
05-08-2022 22:00,1749
05-08-2022 23:00,1648
06-08-2022 00:00,1508
06-08-2022 01:00,1403
06-08-2022 02:00,1392
06-08-2022 03:00,1399
06-08-2022 04:00,1387
06-08-2022 05:00,1375
06-08-2022 06:00,1403
06-08-2022 07:00,1529
06-08-2022 08:00,1721
06-08-2022 09:00,1875
06-08-2022 10:00,1945
06-08-2022 11:00,1998
06-08-2022 12:00,1967
06-08-2022 13:00,2018
06-08-2022 14:00,2038
06-08-2022 15:00,2050
06-08-2022 16:00,2070
06-08-2022 17:00,2040
06-08-2022 18:00,1989
06-08-2022 19:00,1933
06-08-2022 20:00,1840
06-08-2022 21:00,1755
06-08-2022 22:00,1679
06-08-2022 23:00,1598
07-08-2022 00:00,1464
07-08-2022 01:00,1370
07-08-2022 02:00,1346
07-08-2022 03:00,1355
07-08-2022 04:00,1342
07-08-2022 05:00,1327
07-08-2022 06:00,1357
07-08-2022 07:00,1477
07-08-2022 08:00,1632
07-08-2022 09:00,1793
07-08-2022 10:00,1872
07-08-2022 11:00,1939
07-08-2022 12:00,2003
07-08-2022 13:00,2029
07-08-2022 14:00,2047
07-08-2022 15:00,2052
07-08-2022 16:00,2060
07-08-2022 17:00,2054
07-08-2022 18:00,2027
07-08-2022 19:00,1985
07-08-2022 20:00,1909
07-08-2022 21:00,1817
07-08-2022 22:00,1720
07-08-2022 23:00,1609
08-08-2022 00:00,1481
08-08-2022 01:00,1378
08-08-2022 02:00,1361
08-08-2022 03:00,1371
08-08-2022 04:00,1365
08-08-2022 05:00,1390
08-08-2022 06:00,1528
08-08-2022 07:00,1792
08-08-2022 08:00,2150
08-08-2022 09:00,2414
08-08-2022 10:00,2524
08-08-2022 11:00,2587
08-08-2022 12:00,2532
08-08-2022 13:00,2626
08-08-2022 14:00,2645
08-08-2022 15:00,2632
08-08-2022 16:00,2613
08-08-2022 17:00,2471
08-08-2022 18:00,2350
08-08-2022 19:00,2250
08-08-2022 20:00,2111
08-08-2022 21:00,2009
08-08-2022 22:00,1892
08-08-2022 23:00,1776
09-08-2022 00:00,1621
09-08-2022 01:00,1512
09-08-2022 02:00,1490
09-08-2022 03:00,1485
09-08-2022 04:00,1476
09-08-2022 05:00,1492
09-08-2022 06:00,1614
09-08-2022 07:00,1851
09-08-2022 08:00,2183
09-08-2022 09:00,2436
09-08-2022 10:00,2554
09-08-2022 11:00,2616
09-08-2022 12:00,2578
09-08-2022 13:00,2650
09-08-2022 14:00,2653
09-08-2022 15:00,2615
09-08-2022 16:00,2593
09-08-2022 17:00,2475
09-08-2022 18:00,2366
09-08-2022 19:00,2261
09-08-2022 20:00,2131
09-08-2022 21:00,2014
09-08-2022 22:00,1908
09-08-2022 23:00,1786
10-08-2022 00:00,1624
10-08-2022 01:00,1508
10-08-2022 02:00,1481
10-08-2022 03:00,1478
10-08-2022 04:00,1476
10-08-2022 05:00,1481
10-08-2022 06:00,1575
10-08-2022 07:00,1799
10-08-2022 08:00,2135
10-08-2022 09:00,2398
10-08-2022 10:00,2479
10-08-2022 11:00,2530
10-08-2022 12:00,2504
10-08-2022 13:00,2567
10-08-2022 14:00,2574
10-08-2022 15:00,2567
10-08-2022 16:00,2527
10-08-2022 17:00,2380
10-08-2022 18:00,2274
10-08-2022 19:00,2190
10-08-2022 20:00,2068
10-08-2022 21:00,1959
10-08-2022 22:00,1862
10-08-2022 23:00,1754
11-08-2022 00:00,1595
11-08-2022 01:00,1490
11-08-2022 02:00,1465
11-08-2022 03:00,1456
11-08-2022 04:00,1434
11-08-2022 05:00,1424
11-08-2022 06:00,1468
11-08-2022 07:00,1610
11-08-2022 08:00,1823
11-08-2022 09:00,2004
11-08-2022 10:00,2096
11-08-2022 11:00,2178
11-08-2022 12:00,2187
11-08-2022 13:00,2216
11-08-2022 14:00,2234
11-08-2022 15:00,2242
11-08-2022 16:00,2239
11-08-2022 17:00,2182
11-08-2022 18:00,2121
11-08-2022 19:00,2066
11-08-2022 20:00,1980
11-08-2022 21:00,1895
11-08-2022 22:00,1795
11-08-2022 23:00,1690
12-08-2022 00:00,1542
12-08-2022 01:00,1435
12-08-2022 02:00,1415
12-08-2022 03:00,1416
12-08-2022 04:00,1394
12-08-2022 05:00,1402
12-08-2022 06:00,1462
12-08-2022 07:00,1605
12-08-2022 08:00,1834
12-08-2022 09:00,1986
12-08-2022 10:00,2044
12-08-2022 11:00,2092
12-08-2022 12:00,2079
12-08-2022 13:00,2108
12-08-2022 14:00,2128
12-08-2022 15:00,2149
12-08-2022 16:00,2181
12-08-2022 17:00,2160
12-08-2022 18:00,2112
12-08-2022 19:00,2054
12-08-2022 20:00,1946
12-08-2022 21:00,1837
12-08-2022 22:00,1725
12-08-2022 23:00,1620
13-08-2022 00:00,1465
13-08-2022 01:00,1357
13-08-2022 02:00,1336
13-08-2022 03:00,1334
13-08-2022 04:00,1321
13-08-2022 05:00,1314
13-08-2022 06:00,1367
13-08-2022 07:00,1483
13-08-2022 08:00,1643
13-08-2022 09:00,1769
13-08-2022 10:00,1847
13-08-2022 11:00,1907
13-08-2022 12:00,1928
13-08-2022 13:00,1951
13-08-2022 14:00,1983
13-08-2022 15:00,1944
13-08-2022 16:00,1922
13-08-2022 17:00,1905
13-08-2022 18:00,1905
13-08-2022 19:00,1886
13-08-2022 20:00,1809
13-08-2022 21:00,1727
13-08-2022 22:00,1637
13-08-2022 23:00,1548
14-08-2022 00:00,1417
14-08-2022 01:00,1331
14-08-2022 02:00,1318
14-08-2022 03:00,1318
14-08-2022 04:00,1302
14-08-2022 05:00,1285
14-08-2022 06:00,1314
14-08-2022 07:00,1405
14-08-2022 08:00,1522
14-08-2022 09:00,1674
14-08-2022 10:00,1729
14-08-2022 11:00,1719
14-08-2022 12:00,1811
14-08-2022 13:00,1829
14-08-2022 14:00,1777
14-08-2022 15:00,1770
14-08-2022 16:00,1837
14-08-2022 17:00,1888
14-08-2022 18:00,1884
14-08-2022 19:00,1864
14-08-2022 20:00,1787
14-08-2022 21:00,1694
14-08-2022 22:00,1607
14-08-2022 23:00,1512
15-08-2022 00:00,1381
15-08-2022 01:00,1287
15-08-2022 02:00,1278
15-08-2022 03:00,1288
15-08-2022 04:00,1285
15-08-2022 05:00,1296
15-08-2022 06:00,1353
15-08-2022 07:00,1488
15-08-2022 08:00,1690
15-08-2022 09:00,1874
15-08-2022 10:00,1966
15-08-2022 11:00,2031
15-08-2022 12:00,2069
15-08-2022 13:00,2094
15-08-2022 14:00,2106
15-08-2022 15:00,2106
15-08-2022 16:00,2119
15-08-2022 17:00,2098
15-08-2022 18:00,2036
15-08-2022 19:00,1997
15-08-2022 20:00,1900
15-08-2022 21:00,1799
15-08-2022 22:00,1708
15-08-2022 23:00,1600
16-08-2022 00:00,1446
16-08-2022 01:00,1351
16-08-2022 02:00,1329
16-08-2022 03:00,1343
16-08-2022 04:00,1341
16-08-2022 05:00,1365
16-08-2022 06:00,1436
16-08-2022 07:00,1610
16-08-2022 08:00,1866
16-08-2022 09:00,2032
16-08-2022 10:00,2102
16-08-2022 11:00,2195
16-08-2022 12:00,2209
16-08-2022 13:00,2242
16-08-2022 14:00,2238
16-08-2022 15:00,2226
16-08-2022 16:00,2206
16-08-2022 17:00,2140
16-08-2022 18:00,2087
16-08-2022 19:00,2002
16-08-2022 20:00,1890
16-08-2022 21:00,1765
16-08-2022 22:00,1655
16-08-2022 23:00,1564
17-08-2022 00:00,1420
17-08-2022 01:00,1325
17-08-2022 02:00,1321
17-08-2022 03:00,1323
17-08-2022 04:00,1316
17-08-2022 05:00,1328
17-08-2022 06:00,1406
17-08-2022 07:00,1609
17-08-2022 08:00,1892
17-08-2022 09:00,2072
17-08-2022 10:00,2108
17-08-2022 11:00,2100
17-08-2022 12:00,2019
17-08-2022 13:00,2102
17-08-2022 14:00,2114
17-08-2022 15:00,2101
17-08-2022 16:00,2121
17-08-2022 17:00,2042
17-08-2022 18:00,1987
17-08-2022 19:00,1915
17-08-2022 20:00,1804
17-08-2022 21:00,1706
17-08-2022 22:00,1632
17-08-2022 23:00,1551
18-08-2022 00:00,1430
18-08-2022 01:00,1358
18-08-2022 02:00,1354
18-08-2022 03:00,1367
18-08-2022 04:00,1370
18-08-2022 05:00,1355
18-08-2022 06:00,1392
18-08-2022 07:00,1558
18-08-2022 08:00,1756
18-08-2022 09:00,1906
18-08-2022 10:00,1995
18-08-2022 11:00,2046
18-08-2022 12:00,2003
18-08-2022 13:00,2123
18-08-2022 14:00,2167
18-08-2022 15:00,2173
18-08-2022 16:00,2187
18-08-2022 17:00,2105
18-08-2022 18:00,2013
18-08-2022 19:00,1923
18-08-2022 20:00,1803
18-08-2022 21:00,1702
18-08-2022 22:00,1614
18-08-2022 23:00,1519
19-08-2022 00:00,1387
19-08-2022 01:00,1294
19-08-2022 02:00,1289
19-08-2022 03:00,1310
19-08-2022 04:00,1307
19-08-2022 05:00,1324
19-08-2022 06:00,1375
19-08-2022 07:00,1543
19-08-2022 08:00,1828
19-08-2022 09:00,2034
19-08-2022 10:00,2124
19-08-2022 11:00,2175
19-08-2022 12:00,2134
19-08-2022 13:00,2195
19-08-2022 14:00,2216
19-08-2022 15:00,2230
19-08-2022 16:00,2215
19-08-2022 17:00,2117
19-08-2022 18:00,2018
19-08-2022 19:00,1938
19-08-2022 20:00,1825
19-08-2022 21:00,1735
19-08-2022 22:00,1651
19-08-2022 23:00,1564
20-08-2022 00:00,1421
20-08-2022 01:00,1335
20-08-2022 02:00,1325
20-08-2022 03:00,1345
20-08-2022 04:00,1337
20-08-2022 05:00,1335
20-08-2022 06:00,1363
20-08-2022 07:00,1479
20-08-2022 08:00,1647
20-08-2022 09:00,1799
20-08-2022 10:00,1913
20-08-2022 11:00,1962
20-08-2022 12:00,1974
20-08-2022 13:00,1983
20-08-2022 14:00,1994
20-08-2022 15:00,2087
20-08-2022 16:00,2059
20-08-2022 17:00,1997
20-08-2022 18:00,1945
20-08-2022 19:00,1874
20-08-2022 20:00,1791
20-08-2022 21:00,1703
20-08-2022 22:00,1634
20-08-2022 23:00,1552
21-08-2022 00:00,1427
21-08-2022 01:00,1331
21-08-2022 02:00,1322
21-08-2022 03:00,1332
21-08-2022 04:00,1315
21-08-2022 05:00,1303
21-08-2022 06:00,1319
21-08-2022 07:00,1406
21-08-2022 08:00,1505
21-08-2022 09:00,1619
21-08-2022 10:00,1677
21-08-2022 11:00,1725
21-08-2022 12:00,1812
21-08-2022 13:00,1842
21-08-2022 14:00,1834
21-08-2022 15:00,1832
21-08-2022 16:00,1865
21-08-2022 17:00,1873
21-08-2022 18:00,1885
21-08-2022 19:00,1859
21-08-2022 20:00,1774
21-08-2022 21:00,1685
21-08-2022 22:00,1587
21-08-2022 23:00,1501
22-08-2022 00:00,1373
22-08-2022 01:00,1296
22-08-2022 02:00,1292
22-08-2022 03:00,1312
22-08-2022 04:00,1322
22-08-2022 05:00,1342
22-08-2022 06:00,1454
22-08-2022 07:00,1703
22-08-2022 08:00,2056
22-08-2022 09:00,2340
22-08-2022 10:00,2445
22-08-2022 11:00,2500
22-08-2022 12:00,2462
22-08-2022 13:00,2544
22-08-2022 14:00,2534
22-08-2022 15:00,2482
22-08-2022 16:00,2450
22-08-2022 17:00,2339
22-08-2022 18:00,2263
22-08-2022 19:00,2144
22-08-2022 20:00,2020
22-08-2022 21:00,1924
22-08-2022 22:00,1820
22-08-2022 23:00,1719
23-08-2022 00:00,1556
23-08-2022 01:00,1474
23-08-2022 02:00,1466
23-08-2022 03:00,1477
23-08-2022 04:00,1474
23-08-2022 05:00,1487
23-08-2022 06:00,1553
23-08-2022 07:00,1760
23-08-2022 08:00,2103
23-08-2022 09:00,2364
23-08-2022 10:00,2467
23-08-2022 11:00,2528
23-08-2022 12:00,2471
23-08-2022 13:00,2530
23-08-2022 14:00,2545
23-08-2022 15:00,2521
23-08-2022 16:00,2509
23-08-2022 17:00,2391
23-08-2022 18:00,2323
23-08-2022 19:00,2219
23-08-2022 20:00,2083
23-08-2022 21:00,1969
23-08-2022 22:00,1869
23-08-2022 23:00,1750
24-08-2022 00:00,1596
24-08-2022 01:00,1476
24-08-2022 02:00,1453
24-08-2022 03:00,1451
24-08-2022 04:00,1456
24-08-2022 05:00,1464
24-08-2022 06:00,1556
24-08-2022 07:00,1744
24-08-2022 08:00,2047
24-08-2022 09:00,2242
24-08-2022 10:00,2303
24-08-2022 11:00,2346
24-08-2022 12:00,2292
24-08-2022 13:00,2380
24-08-2022 14:00,2382
24-08-2022 15:00,2356
24-08-2022 16:00,2297
24-08-2022 17:00,2179
24-08-2022 18:00,2119
24-08-2022 19:00,2031
24-08-2022 20:00,1909
24-08-2022 21:00,1814
24-08-2022 22:00,1717
24-08-2022 23:00,1637
25-08-2022 00:00,1494
25-08-2022 01:00,1407
25-08-2022 02:00,1417
25-08-2022 03:00,1407
25-08-2022 04:00,1414
25-08-2022 05:00,1433
25-08-2022 06:00,1506
25-08-2022 07:00,1706
25-08-2022 08:00,2004
25-08-2022 09:00,2251
25-08-2022 10:00,2318
25-08-2022 11:00,2354
25-08-2022 12:00,2272
25-08-2022 13:00,2358
25-08-2022 14:00,2405
25-08-2022 15:00,2406
25-08-2022 16:00,2394
25-08-2022 17:00,2284
25-08-2022 18:00,2200
25-08-2022 19:00,2106
25-08-2022 20:00,1978
25-08-2022 21:00,1882
25-08-2022 22:00,1778
25-08-2022 23:00,1683
26-08-2022 00:00,1540
26-08-2022 01:00,1439
26-08-2022 02:00,1425
26-08-2022 03:00,1433
26-08-2022 04:00,1438
26-08-2022 05:00,1451
26-08-2022 06:00,1528
26-08-2022 07:00,1717
26-08-2022 08:00,1996
26-08-2022 09:00,2203
26-08-2022 10:00,2253
26-08-2022 11:00,2308
26-08-2022 12:00,2248
26-08-2022 13:00,2323
26-08-2022 14:00,2358
26-08-2022 15:00,2340
26-08-2022 16:00,2334
26-08-2022 17:00,2216
26-08-2022 18:00,2105
26-08-2022 19:00,2003
26-08-2022 20:00,1873
26-08-2022 21:00,1789
26-08-2022 22:00,1701
26-08-2022 23:00,1616
27-08-2022 00:00,1476
27-08-2022 01:00,1370
27-08-2022 02:00,1364
27-08-2022 03:00,1372
27-08-2022 04:00,1363
27-08-2022 05:00,1357
27-08-2022 06:00,1369
27-08-2022 07:00,1461
27-08-2022 08:00,1608
27-08-2022 09:00,1732
27-08-2022 10:00,1803
27-08-2022 11:00,1834
27-08-2022 12:00,1836
27-08-2022 13:00,1843
27-08-2022 14:00,1853
27-08-2022 15:00,1867
27-08-2022 16:00,1893
27-08-2022 17:00,1881
27-08-2022 18:00,1848
27-08-2022 19:00,1806
27-08-2022 20:00,1710
27-08-2022 21:00,1629
27-08-2022 22:00,1545
27-08-2022 23:00,1468
28-08-2022 00:00,1333
28-08-2022 01:00,1260
28-08-2022 02:00,1250
28-08-2022 03:00,1261
28-08-2022 04:00,1261
28-08-2022 05:00,1254
28-08-2022 06:00,1242
28-08-2022 07:00,1281
28-08-2022 08:00,1360
28-08-2022 09:00,1472
28-08-2022 10:00,1523
28-08-2022 11:00,1529
28-08-2022 12:00,1519
28-08-2022 13:00,1512
28-08-2022 14:00,1563
28-08-2022 15:00,1565
28-08-2022 16:00,1601
28-08-2022 17:00,1639
28-08-2022 18:00,1634
28-08-2022 19:00,1596
28-08-2022 20:00,1517
28-08-2022 21:00,1436
28-08-2022 22:00,1349
28-08-2022 23:00,1291
29-08-2022 00:00,1186
29-08-2022 01:00,1125
29-08-2022 02:00,1125
29-08-2022 03:00,1167
29-08-2022 04:00,1193
29-08-2022 05:00,1217
29-08-2022 06:00,1286
29-08-2022 07:00,1437
29-08-2022 08:00,1697
29-08-2022 09:00,1931
29-08-2022 10:00,2057
29-08-2022 11:00,2143
29-08-2022 12:00,2117
29-08-2022 13:00,2240
29-08-2022 14:00,2265
29-08-2022 15:00,2265
29-08-2022 16:00,2256
29-08-2022 17:00,2135
29-08-2022 18:00,2071
29-08-2022 19:00,1968
29-08-2022 20:00,1831
29-08-2022 21:00,1728
29-08-2022 22:00,1639
29-08-2022 23:00,1549
30-08-2022 00:00,1414
30-08-2022 01:00,1329
30-08-2022 02:00,1327
30-08-2022 03:00,1358
30-08-2022 04:00,1363
30-08-2022 05:00,1376
30-08-2022 06:00,1446
30-08-2022 07:00,1630
30-08-2022 08:00,1899
30-08-2022 09:00,2050
30-08-2022 10:00,2109
30-08-2022 11:00,2137
30-08-2022 12:00,2040
30-08-2022 13:00,2175
30-08-2022 14:00,2230
30-08-2022 15:00,2257
30-08-2022 16:00,2255
30-08-2022 17:00,2169
30-08-2022 18:00,2103
30-08-2022 19:00,1990
30-08-2022 20:00,1876
30-08-2022 21:00,1775
30-08-2022 22:00,1688
30-08-2022 23:00,1601
31-08-2022 00:00,1465
31-08-2022 01:00,1367
31-08-2022 02:00,1366
31-08-2022 03:00,1386
31-08-2022 04:00,1379
31-08-2022 05:00,1389
31-08-2022 06:00,1474
31-08-2022 07:00,1689
31-08-2022 08:00,2023
31-08-2022 09:00,2263
31-08-2022 10:00,2373
31-08-2022 11:00,2445
31-08-2022 12:00,2424
31-08-2022 13:00,2532
31-08-2022 14:00,2549
31-08-2022 15:00,2530
31-08-2022 16:00,2516
31-08-2022 17:00,2375
31-08-2022 18:00,2289
31-08-2022 19:00,2188
31-08-2022 20:00,2057
31-08-2022 21:00,1957
31-08-2022 22:00,1848
31-08-2022 23:00,1730
01-09-2022 00:00,1568
01-09-2022 01:00,1479
01-09-2022 02:00,1464
01-09-2022 03:00,1472
01-09-2022 04:00,1462
01-09-2022 05:00,1462
01-09-2022 06:00,1561
01-09-2022 07:00,1789
01-09-2022 08:00,2060
01-09-2022 09:00,2250
01-09-2022 10:00,2275
01-09-2022 11:00,2326
01-09-2022 12:00,2295
01-09-2022 13:00,2365
01-09-2022 14:00,2296
01-09-2022 15:00,2228
01-09-2022 16:00,2215
01-09-2022 17:00,2127
01-09-2022 18:00,2062
01-09-2022 19:00,1962
01-09-2022 20:00,1851
01-09-2022 21:00,1753
01-09-2022 22:00,1653
01-09-2022 23:00,1553
02-09-2022 00:00,1422
02-09-2022 01:00,1326
02-09-2022 02:00,1347
02-09-2022 03:00,1371
02-09-2022 04:00,1363
02-09-2022 05:00,1375
02-09-2022 06:00,1437
02-09-2022 07:00,1602
02-09-2022 08:00,1867
02-09-2022 09:00,2099
02-09-2022 10:00,2210
02-09-2022 11:00,2285
02-09-2022 12:00,2251
02-09-2022 13:00,2363
02-09-2022 14:00,2387
02-09-2022 15:00,2367
02-09-2022 16:00,2287
02-09-2022 17:00,2116
02-09-2022 18:00,2017
02-09-2022 19:00,1914
02-09-2022 20:00,1819
02-09-2022 21:00,1731
02-09-2022 22:00,1642
02-09-2022 23:00,1561
03-09-2022 00:00,1428
03-09-2022 01:00,1340
03-09-2022 02:00,1331
03-09-2022 03:00,1335
03-09-2022 04:00,1323
03-09-2022 05:00,1311
03-09-2022 06:00,1322
03-09-2022 07:00,1413
03-09-2022 08:00,1609
03-09-2022 09:00,1807
03-09-2022 10:00,1924
03-09-2022 11:00,2000
03-09-2022 12:00,2015
03-09-2022 13:00,2004
03-09-2022 14:00,1958
03-09-2022 15:00,1925
03-09-2022 16:00,1897
03-09-2022 17:00,1854
03-09-2022 18:00,1840
03-09-2022 19:00,1766
03-09-2022 20:00,1668
03-09-2022 21:00,1595
03-09-2022 22:00,1518
03-09-2022 23:00,1444
04-09-2022 00:00,1323
04-09-2022 01:00,1250
04-09-2022 02:00,1245
04-09-2022 03:00,1271
04-09-2022 04:00,1265
04-09-2022 05:00,1240
04-09-2022 06:00,1268
04-09-2022 07:00,1362
04-09-2022 08:00,1516
04-09-2022 09:00,1689
04-09-2022 10:00,1813
04-09-2022 11:00,1888
04-09-2022 12:00,1925
04-09-2022 13:00,1924
04-09-2022 14:00,1918
04-09-2022 15:00,1908
04-09-2022 16:00,1899
04-09-2022 17:00,1895
04-09-2022 18:00,1898
04-09-2022 19:00,1857
04-09-2022 20:00,1762
04-09-2022 21:00,1671
04-09-2022 22:00,1565
04-09-2022 23:00,1467
05-09-2022 00:00,1345
05-09-2022 01:00,1250
05-09-2022 02:00,1243
05-09-2022 03:00,1270
05-09-2022 04:00,1282
05-09-2022 05:00,1311
05-09-2022 06:00,1424
05-09-2022 07:00,1661
05-09-2022 08:00,2002
05-09-2022 09:00,2279
05-09-2022 10:00,2405
05-09-2022 11:00,2463
05-09-2022 12:00,2416
05-09-2022 13:00,2463
05-09-2022 14:00,2456
05-09-2022 15:00,2460
05-09-2022 16:00,2409
05-09-2022 17:00,2296
05-09-2022 18:00,2215
05-09-2022 19:00,2089
05-09-2022 20:00,1951
05-09-2022 21:00,1850
05-09-2022 22:00,1739
05-09-2022 23:00,1635
06-09-2022 00:00,1499
06-09-2022 01:00,1407
06-09-2022 02:00,1397
06-09-2022 03:00,1420
06-09-2022 04:00,1420
06-09-2022 05:00,1434
06-09-2022 06:00,1514
06-09-2022 07:00,1740
06-09-2022 08:00,2098
06-09-2022 09:00,2354
06-09-2022 10:00,2463
06-09-2022 11:00,2516
06-09-2022 12:00,2465
06-09-2022 13:00,2520
06-09-2022 14:00,2456
06-09-2022 15:00,2390
06-09-2022 16:00,2369
06-09-2022 17:00,2256
06-09-2022 18:00,2176
06-09-2022 19:00,2055
06-09-2022 20:00,1936
06-09-2022 21:00,1836
06-09-2022 22:00,1709
06-09-2022 23:00,1582
07-09-2022 00:00,1432
07-09-2022 01:00,1335
07-09-2022 02:00,1325
07-09-2022 03:00,1351
07-09-2022 04:00,1352
07-09-2022 05:00,1364
07-09-2022 06:00,1422
07-09-2022 07:00,1580
07-09-2022 08:00,1800
07-09-2022 09:00,1963
07-09-2022 10:00,2085
07-09-2022 11:00,2174
07-09-2022 12:00,2137
07-09-2022 13:00,2200
07-09-2022 14:00,2205
07-09-2022 15:00,2185
07-09-2022 16:00,2158
07-09-2022 17:00,2035
07-09-2022 18:00,1963
07-09-2022 19:00,1857
07-09-2022 20:00,1750
07-09-2022 21:00,1671
07-09-2022 22:00,1592
07-09-2022 23:00,1515
08-09-2022 00:00,1398
08-09-2022 01:00,1313
08-09-2022 02:00,1317
08-09-2022 03:00,1350
08-09-2022 04:00,1357
08-09-2022 05:00,1372
08-09-2022 06:00,1464
08-09-2022 07:00,1638
08-09-2022 08:00,1877
08-09-2022 09:00,2029
08-09-2022 10:00,2062
08-09-2022 11:00,2088
08-09-2022 12:00,2027
08-09-2022 13:00,2110
08-09-2022 14:00,2133
08-09-2022 15:00,2098
08-09-2022 16:00,2076
08-09-2022 17:00,1975
08-09-2022 18:00,1905
08-09-2022 19:00,1805
08-09-2022 20:00,1709
08-09-2022 21:00,1633
08-09-2022 22:00,1563
08-09-2022 23:00,1491
09-09-2022 00:00,1376
09-09-2022 01:00,1303
09-09-2022 02:00,1308
09-09-2022 03:00,1342
09-09-2022 04:00,1352
09-09-2022 05:00,1367
09-09-2022 06:00,1448
09-09-2022 07:00,1614
09-09-2022 08:00,1835
09-09-2022 09:00,1996
09-09-2022 10:00,2059
09-09-2022 11:00,2078
09-09-2022 12:00,2002
09-09-2022 13:00,2100
09-09-2022 14:00,2120
09-09-2022 15:00,2120
09-09-2022 16:00,2101
09-09-2022 17:00,2006
09-09-2022 18:00,1939
09-09-2022 19:00,1838
09-09-2022 20:00,1735
09-09-2022 21:00,1651
09-09-2022 22:00,1579
09-09-2022 23:00,1508
10-09-2022 00:00,1383
10-09-2022 01:00,1301
10-09-2022 02:00,1306
10-09-2022 03:00,1324
10-09-2022 04:00,1313
10-09-2022 05:00,1305
10-09-2022 06:00,1320
10-09-2022 07:00,1414
10-09-2022 08:00,1571
10-09-2022 09:00,1679
10-09-2022 10:00,1787
10-09-2022 11:00,1848
10-09-2022 12:00,1860
10-09-2022 13:00,1930
10-09-2022 14:00,1926
10-09-2022 15:00,1906
10-09-2022 16:00,1866
10-09-2022 17:00,1809
10-09-2022 18:00,1793
10-09-2022 19:00,1736
10-09-2022 20:00,1652
10-09-2022 21:00,1577
10-09-2022 22:00,1514
10-09-2022 23:00,1446
11-09-2022 00:00,1328
11-09-2022 01:00,1249
11-09-2022 02:00,1243
11-09-2022 03:00,1263
11-09-2022 04:00,1265
11-09-2022 05:00,1243
11-09-2022 06:00,1246
11-09-2022 07:00,1336
11-09-2022 08:00,1479
11-09-2022 09:00,1630
11-09-2022 10:00,1756
11-09-2022 11:00,1855
11-09-2022 12:00,1907
11-09-2022 13:00,1924
11-09-2022 14:00,1929
11-09-2022 15:00,1923
11-09-2022 16:00,1943
11-09-2022 17:00,1943
11-09-2022 18:00,1931
11-09-2022 19:00,1871
11-09-2022 20:00,1784
11-09-2022 21:00,1680
11-09-2022 22:00,1587
11-09-2022 23:00,1497
12-09-2022 00:00,1364
12-09-2022 01:00,1285
12-09-2022 02:00,1285
12-09-2022 03:00,1312
12-09-2022 04:00,1318
12-09-2022 05:00,1332
12-09-2022 06:00,1429
12-09-2022 07:00,1644
12-09-2022 08:00,1968
12-09-2022 09:00,2228
12-09-2022 10:00,2353
12-09-2022 11:00,2433
12-09-2022 12:00,2403
12-09-2022 13:00,2494
12-09-2022 14:00,2515
12-09-2022 15:00,2503
12-09-2022 16:00,2489
12-09-2022 17:00,2352
12-09-2022 18:00,2247
12-09-2022 19:00,2113
12-09-2022 20:00,1972
12-09-2022 21:00,1869
12-09-2022 22:00,1772
12-09-2022 23:00,1657
13-09-2022 00:00,1512
13-09-2022 01:00,1408
13-09-2022 02:00,1390
13-09-2022 03:00,1406
13-09-2022 04:00,1408
13-09-2022 05:00,1420
13-09-2022 06:00,1508
13-09-2022 07:00,1715
13-09-2022 08:00,2034
13-09-2022 09:00,2294
13-09-2022 10:00,2413
13-09-2022 11:00,2504
13-09-2022 12:00,2468
13-09-2022 13:00,2576
13-09-2022 14:00,2592
13-09-2022 15:00,2583
13-09-2022 16:00,2564
13-09-2022 17:00,2414
13-09-2022 18:00,2307
13-09-2022 19:00,2161
13-09-2022 20:00,2024
13-09-2022 21:00,1912
13-09-2022 22:00,1801
13-09-2022 23:00,1687
14-09-2022 00:00,1534
14-09-2022 01:00,1433
14-09-2022 02:00,1433
14-09-2022 03:00,1451
14-09-2022 04:00,1444
14-09-2022 05:00,1444
14-09-2022 06:00,1525
14-09-2022 07:00,1734
14-09-2022 08:00,2067
14-09-2022 09:00,2322
14-09-2022 10:00,2419
14-09-2022 11:00,2480
14-09-2022 12:00,2447
14-09-2022 13:00,2554
14-09-2022 14:00,2589
14-09-2022 15:00,2577
14-09-2022 16:00,2548
14-09-2022 17:00,2377
14-09-2022 18:00,2271
14-09-2022 19:00,2140
14-09-2022 20:00,2007
14-09-2022 21:00,1891
14-09-2022 22:00,1782
14-09-2022 23:00,1673
15-09-2022 00:00,1530
15-09-2022 01:00,1434
15-09-2022 02:00,1409
15-09-2022 03:00,1425
15-09-2022 04:00,1419
15-09-2022 05:00,1427
15-09-2022 06:00,1515
15-09-2022 07:00,1732
15-09-2022 08:00,2053
15-09-2022 09:00,2315
15-09-2022 10:00,2423
15-09-2022 11:00,2485
15-09-2022 12:00,2437
15-09-2022 13:00,2531
15-09-2022 14:00,2538
15-09-2022 15:00,2516
15-09-2022 16:00,2479
15-09-2022 17:00,2319
15-09-2022 18:00,2224
15-09-2022 19:00,2092
15-09-2022 20:00,1958
15-09-2022 21:00,1863
15-09-2022 22:00,1755
15-09-2022 23:00,1649
16-09-2022 00:00,1494
16-09-2022 01:00,1399
16-09-2022 02:00,1390
16-09-2022 03:00,1407
16-09-2022 04:00,1403
16-09-2022 05:00,1407
16-09-2022 06:00,1474
16-09-2022 07:00,1665
16-09-2022 08:00,1941
16-09-2022 09:00,2163
16-09-2022 10:00,2260
16-09-2022 11:00,2314
16-09-2022 12:00,2261
16-09-2022 13:00,2341
16-09-2022 14:00,2351
16-09-2022 15:00,2335
16-09-2022 16:00,2274
16-09-2022 17:00,2096
16-09-2022 18:00,2013
16-09-2022 19:00,1900
16-09-2022 20:00,1785
16-09-2022 21:00,1695
16-09-2022 22:00,1618
16-09-2022 23:00,1544
17-09-2022 00:00,1422
17-09-2022 01:00,1337
17-09-2022 02:00,1327
17-09-2022 03:00,1348
17-09-2022 04:00,1342
17-09-2022 05:00,1339
17-09-2022 06:00,1344
17-09-2022 07:00,1411
17-09-2022 08:00,1560
17-09-2022 09:00,1718
17-09-2022 10:00,1777
17-09-2022 11:00,1779
17-09-2022 12:00,1766
17-09-2022 13:00,1774
17-09-2022 14:00,1758
17-09-2022 15:00,1741
17-09-2022 16:00,1744
17-09-2022 17:00,1736
17-09-2022 18:00,1761
17-09-2022 19:00,1710
17-09-2022 20:00,1632
17-09-2022 21:00,1558
17-09-2022 22:00,1506
17-09-2022 23:00,1443
18-09-2022 00:00,1332
18-09-2022 01:00,1257
18-09-2022 02:00,1258
18-09-2022 03:00,1288
18-09-2022 04:00,1293
18-09-2022 05:00,1291
18-09-2022 06:00,1294
18-09-2022 07:00,1367
18-09-2022 08:00,1517
18-09-2022 09:00,1677
18-09-2022 10:00,1772
18-09-2022 11:00,1827
18-09-2022 12:00,1837
18-09-2022 13:00,1837
18-09-2022 14:00,1814
18-09-2022 15:00,1789
18-09-2022 16:00,1788
18-09-2022 17:00,1810
18-09-2022 18:00,1846
18-09-2022 19:00,1812
18-09-2022 20:00,1740
18-09-2022 21:00,1665
18-09-2022 22:00,1591
18-09-2022 23:00,1516
19-09-2022 00:00,1402
19-09-2022 01:00,1315
19-09-2022 02:00,1308
19-09-2022 03:00,1330
19-09-2022 04:00,1338
19-09-2022 05:00,1336
19-09-2022 06:00,1361
19-09-2022 07:00,1477
19-09-2022 08:00,1650
19-09-2022 09:00,1789
19-09-2022 10:00,1861
19-09-2022 11:00,1893
19-09-2022 12:00,1916
19-09-2022 13:00,1903
19-09-2022 14:00,1892
19-09-2022 15:00,1839
19-09-2022 16:00,1793
19-09-2022 17:00,1755
19-09-2022 18:00,1740
19-09-2022 19:00,1686
19-09-2022 20:00,1616
19-09-2022 21:00,1533
19-09-2022 22:00,1461
19-09-2022 23:00,1400
20-09-2022 00:00,1303
20-09-2022 01:00,1238
20-09-2022 02:00,1240
20-09-2022 03:00,1248
20-09-2022 04:00,1251
20-09-2022 05:00,1255
20-09-2022 06:00,1306
20-09-2022 07:00,1443
20-09-2022 08:00,1630
20-09-2022 09:00,1757
20-09-2022 10:00,1786
20-09-2022 11:00,1789
20-09-2022 12:00,1700
20-09-2022 13:00,1746
20-09-2022 14:00,1742
20-09-2022 15:00,1745
20-09-2022 16:00,1731
20-09-2022 17:00,1679
20-09-2022 18:00,1661
20-09-2022 19:00,1585
20-09-2022 20:00,1504
20-09-2022 21:00,1434
20-09-2022 22:00,1377
20-09-2022 23:00,1318
21-09-2022 00:00,1220
21-09-2022 01:00,1144
21-09-2022 02:00,1167
21-09-2022 03:00,1216
21-09-2022 04:00,1242
21-09-2022 05:00,1257
21-09-2022 06:00,1286
21-09-2022 07:00,1388
21-09-2022 08:00,1579
21-09-2022 09:00,1674
21-09-2022 10:00,1706
21-09-2022 11:00,1709
21-09-2022 12:00,1615
21-09-2022 13:00,1689
21-09-2022 14:00,1709
21-09-2022 15:00,1703
21-09-2022 16:00,1706
21-09-2022 17:00,1664
21-09-2022 18:00,1652
21-09-2022 19:00,1574
21-09-2022 20:00,1489
21-09-2022 21:00,1423
21-09-2022 22:00,1380
21-09-2022 23:00,1327
22-09-2022 00:00,1231
22-09-2022 01:00,1165
22-09-2022 02:00,1174
22-09-2022 03:00,1232
22-09-2022 04:00,1258
22-09-2022 05:00,1263
22-09-2022 06:00,1316
22-09-2022 07:00,1431
22-09-2022 08:00,1612
22-09-2022 09:00,1731
22-09-2022 10:00,1784
22-09-2022 11:00,1805
22-09-2022 12:00,1739
22-09-2022 13:00,1800
22-09-2022 14:00,1842
22-09-2022 15:00,1817
22-09-2022 16:00,1808
22-09-2022 17:00,1745
22-09-2022 18:00,1715
22-09-2022 19:00,1627
22-09-2022 20:00,1553
22-09-2022 21:00,1497
22-09-2022 22:00,1450
22-09-2022 23:00,1396
23-09-2022 00:00,1298
23-09-2022 01:00,1228
23-09-2022 02:00,1236
23-09-2022 03:00,1278
23-09-2022 04:00,1288
23-09-2022 05:00,1283
23-09-2022 06:00,1271
23-09-2022 07:00,1361
23-09-2022 08:00,1481
23-09-2022 09:00,1610
23-09-2022 10:00,1651
23-09-2022 11:00,1655
23-09-2022 12:00,1594
23-09-2022 13:00,1602
23-09-2022 14:00,1606
23-09-2022 15:00,1591
23-09-2022 16:00,1592
23-09-2022 17:00,1592
23-09-2022 18:00,1622
23-09-2022 19:00,1582
23-09-2022 20:00,1511
23-09-2022 21:00,1449
23-09-2022 22:00,1391
23-09-2022 23:00,1337
24-09-2022 00:00,1255
24-09-2022 01:00,1188
24-09-2022 02:00,1207
24-09-2022 03:00,1235
24-09-2022 04:00,1244
24-09-2022 05:00,1216
24-09-2022 06:00,1200
24-09-2022 07:00,1264
24-09-2022 08:00,1371
24-09-2022 09:00,1494
24-09-2022 10:00,1536
24-09-2022 11:00,1583
24-09-2022 12:00,1591
24-09-2022 13:00,1626
24-09-2022 14:00,1618
24-09-2022 15:00,1592
24-09-2022 16:00,1567
24-09-2022 17:00,1524
24-09-2022 18:00,1523
24-09-2022 19:00,1465
24-09-2022 20:00,1400
24-09-2022 21:00,1325
24-09-2022 22:00,1276
24-09-2022 23:00,1228
25-09-2022 00:00,1130
25-09-2022 01:00,1068
25-09-2022 02:00,1089
25-09-2022 03:00,1133
25-09-2022 04:00,1145
25-09-2022 05:00,1139
25-09-2022 06:00,1115
25-09-2022 07:00,1141
25-09-2022 08:00,1216
25-09-2022 09:00,1298
25-09-2022 10:00,1355
25-09-2022 11:00,1382
25-09-2022 12:00,1414
25-09-2022 13:00,1435
25-09-2022 14:00,1432
25-09-2022 15:00,1449
25-09-2022 16:00,1481
25-09-2022 17:00,1498
25-09-2022 18:00,1519
25-09-2022 19:00,1477
25-09-2022 20:00,1416
25-09-2022 21:00,1348
25-09-2022 22:00,1277
25-09-2022 23:00,1228
26-09-2022 00:00,1148
26-09-2022 01:00,1079
26-09-2022 02:00,1106
26-09-2022 03:00,1162
26-09-2022 04:00,1181
26-09-2022 05:00,1196
26-09-2022 06:00,1247
26-09-2022 07:00,1394
26-09-2022 08:00,1609
26-09-2022 09:00,1805
26-09-2022 10:00,1910
26-09-2022 11:00,1980
26-09-2022 12:00,1946
26-09-2022 13:00,2045
26-09-2022 14:00,2068
26-09-2022 15:00,2066
26-09-2022 16:00,2058
26-09-2022 17:00,1940
26-09-2022 18:00,1876
26-09-2022 19:00,1757
26-09-2022 20:00,1658
26-09-2022 21:00,1584
26-09-2022 22:00,1504
26-09-2022 23:00,1423
27-09-2022 00:00,1311
27-09-2022 01:00,1238
27-09-2022 02:00,1249
27-09-2022 03:00,1305
27-09-2022 04:00,1321
27-09-2022 05:00,1314
27-09-2022 06:00,1351
27-09-2022 07:00,1484
27-09-2022 08:00,1696
27-09-2022 09:00,1861
27-09-2022 10:00,1952
27-09-2022 11:00,2020
27-09-2022 12:00,1931
27-09-2022 13:00,1985
27-09-2022 14:00,1991
27-09-2022 15:00,1924
27-09-2022 16:00,1872
27-09-2022 17:00,1793
27-09-2022 18:00,1746
27-09-2022 19:00,1646
27-09-2022 20:00,1554
27-09-2022 21:00,1485
27-09-2022 22:00,1425
27-09-2022 23:00,1365
28-09-2022 00:00,1259
28-09-2022 01:00,1197
28-09-2022 02:00,1209
28-09-2022 03:00,1257
28-09-2022 04:00,1279
28-09-2022 05:00,1281
28-09-2022 06:00,1319
28-09-2022 07:00,1436
28-09-2022 08:00,1634
28-09-2022 09:00,1773
28-09-2022 10:00,1833
28-09-2022 11:00,1841
28-09-2022 12:00,1773
28-09-2022 13:00,1856
28-09-2022 14:00,1867
28-09-2022 15:00,1829
28-09-2022 16:00,1799
28-09-2022 17:00,1747
28-09-2022 18:00,1709
28-09-2022 19:00,1622
28-09-2022 20:00,1536
28-09-2022 21:00,1463
28-09-2022 22:00,1401
28-09-2022 23:00,1336
29-09-2022 00:00,1234
29-09-2022 01:00,1169
29-09-2022 02:00,1182
29-09-2022 03:00,1231
29-09-2022 04:00,1251
29-09-2022 05:00,1265
29-09-2022 06:00,1287
29-09-2022 07:00,1424
29-09-2022 08:00,1596
29-09-2022 09:00,1711
29-09-2022 10:00,1786
29-09-2022 11:00,1813
29-09-2022 12:00,1724
29-09-2022 13:00,1801
29-09-2022 14:00,1794
29-09-2022 15:00,1793
29-09-2022 16:00,1785
29-09-2022 17:00,1733
29-09-2022 18:00,1699
29-09-2022 19:00,1604
29-09-2022 20:00,1523
29-09-2022 21:00,1455
29-09-2022 22:00,1390
29-09-2022 23:00,1331
30-09-2022 00:00,1232
30-09-2022 01:00,1165
30-09-2022 02:00,1179
30-09-2022 03:00,1231
30-09-2022 04:00,1257
30-09-2022 05:00,1256
30-09-2022 06:00,1270
30-09-2022 07:00,1382
30-09-2022 08:00,1556
30-09-2022 09:00,1713
30-09-2022 10:00,1802
30-09-2022 11:00,1850
30-09-2022 12:00,1810
30-09-2022 13:00,1893
30-09-2022 14:00,1913
30-09-2022 15:00,1905
30-09-2022 16:00,1886
30-09-2022 17:00,1781
30-09-2022 18:00,1728
30-09-2022 19:00,1640
30-09-2022 20:00,1546
30-09-2022 21:00,1463
30-09-2022 22:00,1397
30-09-2022 23:00,1338
01-10-2022 00:00,1234
01-10-2022 01:00,1168
01-10-2022 02:00,1173
01-10-2022 03:00,1215
01-10-2022 04:00,1225
01-10-2022 05:00,1208
01-10-2022 06:00,1194
01-10-2022 07:00,1266
01-10-2022 08:00,1391
01-10-2022 09:00,1529
01-10-2022 10:00,1618
01-10-2022 11:00,1659
01-10-2022 12:00,1656
01-10-2022 13:00,1691
01-10-2022 14:00,1677
01-10-2022 15:00,1653
01-10-2022 16:00,1638
01-10-2022 17:00,1582
01-10-2022 18:00,1574
01-10-2022 19:00,1507
01-10-2022 20:00,1440
01-10-2022 21:00,1354
01-10-2022 22:00,1278
01-10-2022 23:00,1230
02-10-2022 00:00,1135
02-10-2022 01:00,1073
02-10-2022 02:00,1089
02-10-2022 03:00,1132
02-10-2022 04:00,1151
02-10-2022 05:00,1130
02-10-2022 06:00,1106
02-10-2022 07:00,1154
02-10-2022 08:00,1238
02-10-2022 09:00,1342
02-10-2022 10:00,1426
02-10-2022 11:00,1492
02-10-2022 12:00,1528
02-10-2022 13:00,1545
02-10-2022 14:00,1532
02-10-2022 15:00,1518
02-10-2022 16:00,1527
02-10-2022 17:00,1525
02-10-2022 18:00,1542
02-10-2022 19:00,1501
02-10-2022 20:00,1438
02-10-2022 21:00,1356
02-10-2022 22:00,1283
02-10-2022 23:00,1228
03-10-2022 00:00,1137
03-10-2022 01:00,1079
03-10-2022 02:00,1091
03-10-2022 03:00,1141
03-10-2022 04:00,1168
03-10-2022 05:00,1183
03-10-2022 06:00,1245
03-10-2022 07:00,1398
03-10-2022 08:00,1627
03-10-2022 09:00,1831
03-10-2022 10:00,1918
03-10-2022 11:00,1940
03-10-2022 12:00,1874
03-10-2022 13:00,1961
03-10-2022 14:00,1960
03-10-2022 15:00,1928
03-10-2022 16:00,1910
03-10-2022 17:00,1848
03-10-2022 18:00,1799
03-10-2022 19:00,1697
03-10-2022 20:00,1600
03-10-2022 21:00,1518
03-10-2022 22:00,1464
03-10-2022 23:00,1395
04-10-2022 00:00,1285
04-10-2022 01:00,1213
04-10-2022 02:00,1228
04-10-2022 03:00,1279
04-10-2022 04:00,1290
04-10-2022 05:00,1286
04-10-2022 06:00,1333
04-10-2022 07:00,1487
04-10-2022 08:00,1739
04-10-2022 09:00,1914
04-10-2022 10:00,1996
04-10-2022 11:00,2038
04-10-2022 12:00,2000
04-10-2022 13:00,2081
04-10-2022 14:00,2079
04-10-2022 15:00,2045
04-10-2022 16:00,2010
04-10-2022 17:00,1927
04-10-2022 18:00,1881
04-10-2022 19:00,1781
04-10-2022 20:00,1690
04-10-2022 21:00,1611
04-10-2022 22:00,1556
04-10-2022 23:00,1481
05-10-2022 00:00,1358
05-10-2022 01:00,1278
05-10-2022 02:00,1270
05-10-2022 03:00,1299
05-10-2022 04:00,1307
05-10-2022 05:00,1301
05-10-2022 06:00,1353
05-10-2022 07:00,1472
05-10-2022 08:00,1630
05-10-2022 09:00,1733
05-10-2022 10:00,1738
05-10-2022 11:00,1728
05-10-2022 12:00,1649
05-10-2022 13:00,1726
05-10-2022 14:00,1720
05-10-2022 15:00,1701
05-10-2022 16:00,1683
05-10-2022 17:00,1641
05-10-2022 18:00,1627
05-10-2022 19:00,1542
05-10-2022 20:00,1460
05-10-2022 21:00,1390
05-10-2022 22:00,1352
05-10-2022 23:00,1299
06-10-2022 00:00,1195
06-10-2022 01:00,1138
06-10-2022 02:00,1165
06-10-2022 03:00,1223
06-10-2022 04:00,1251
06-10-2022 05:00,1259
06-10-2022 06:00,1280
06-10-2022 07:00,1388
06-10-2022 08:00,1539
06-10-2022 09:00,1653
06-10-2022 10:00,1677
06-10-2022 11:00,1677
06-10-2022 12:00,1581
06-10-2022 13:00,1617
06-10-2022 14:00,1644
06-10-2022 15:00,1665
06-10-2022 16:00,1673
06-10-2022 17:00,1630
06-10-2022 18:00,1614
06-10-2022 19:00,1537
06-10-2022 20:00,1463
06-10-2022 21:00,1406
06-10-2022 22:00,1356
06-10-2022 23:00,1300
07-10-2022 00:00,1207
07-10-2022 01:00,1156
07-10-2022 02:00,1181
07-10-2022 03:00,1244
07-10-2022 04:00,1269
07-10-2022 05:00,1274
07-10-2022 06:00,1310
07-10-2022 07:00,1428
07-10-2022 08:00,1610
07-10-2022 09:00,1723
07-10-2022 10:00,1723
07-10-2022 11:00,1720
07-10-2022 12:00,1629
07-10-2022 13:00,1691
07-10-2022 14:00,1687
07-10-2022 15:00,1682
07-10-2022 16:00,1665
07-10-2022 17:00,1624
07-10-2022 18:00,1592
07-10-2022 19:00,1526
07-10-2022 20:00,1454
07-10-2022 21:00,1389
07-10-2022 22:00,1344
07-10-2022 23:00,1284
08-10-2022 00:00,1197
08-10-2022 01:00,1134
08-10-2022 02:00,1153
08-10-2022 03:00,1208
08-10-2022 04:00,1226
08-10-2022 05:00,1201
08-10-2022 06:00,1181
08-10-2022 07:00,1224
08-10-2022 08:00,1299
08-10-2022 09:00,1367
08-10-2022 10:00,1373
08-10-2022 11:00,1394
08-10-2022 12:00,1379
08-10-2022 13:00,1371
08-10-2022 14:00,1356
08-10-2022 15:00,1339
08-10-2022 16:00,1368
08-10-2022 17:00,1398
08-10-2022 18:00,1417
08-10-2022 19:00,1381
08-10-2022 20:00,1334
08-10-2022 21:00,1277
08-10-2022 22:00,1224
08-10-2022 23:00,1175
09-10-2022 00:00,1084
09-10-2022 01:00,1037
09-10-2022 02:00,1062
09-10-2022 03:00,1134
09-10-2022 04:00,1149
09-10-2022 05:00,1140
09-10-2022 06:00,1086
09-10-2022 07:00,1120
09-10-2022 08:00,1192
09-10-2022 09:00,1259
09-10-2022 10:00,1292
09-10-2022 11:00,1287
09-10-2022 12:00,1306
09-10-2022 13:00,1311
09-10-2022 14:00,1323
09-10-2022 15:00,1328
09-10-2022 16:00,1347
09-10-2022 17:00,1403
09-10-2022 18:00,1415
09-10-2022 19:00,1379
09-10-2022 20:00,1332
09-10-2022 21:00,1275
09-10-2022 22:00,1219
09-10-2022 23:00,1175
10-10-2022 00:00,1089
10-10-2022 01:00,1052
10-10-2022 02:00,1091
10-10-2022 03:00,1155
10-10-2022 04:00,1177
10-10-2022 05:00,1146
10-10-2022 06:00,1155
10-10-2022 07:00,1235
10-10-2022 08:00,1322
10-10-2022 09:00,1395
10-10-2022 10:00,1437
10-10-2022 11:00,1438
10-10-2022 12:00,1437
10-10-2022 13:00,1440
10-10-2022 14:00,1456
10-10-2022 15:00,1444
10-10-2022 16:00,1455
10-10-2022 17:00,1468
10-10-2022 18:00,1471
10-10-2022 19:00,1437
10-10-2022 20:00,1386
10-10-2022 21:00,1329
10-10-2022 22:00,1274
10-10-2022 23:00,1227
11-10-2022 00:00,1134
11-10-2022 01:00,1092
11-10-2022 02:00,1133
11-10-2022 03:00,1198
11-10-2022 04:00,1228
11-10-2022 05:00,1229
11-10-2022 06:00,1251
11-10-2022 07:00,1336
11-10-2022 08:00,1475
11-10-2022 09:00,1576
11-10-2022 10:00,1628
11-10-2022 11:00,1636
11-10-2022 12:00,1579
11-10-2022 13:00,1638
11-10-2022 14:00,1630
11-10-2022 15:00,1630
11-10-2022 16:00,1627
11-10-2022 17:00,1598
11-10-2022 18:00,1593
11-10-2022 19:00,1527
11-10-2022 20:00,1466
11-10-2022 21:00,1406
11-10-2022 22:00,1347
11-10-2022 23:00,1287
12-10-2022 00:00,1190
12-10-2022 01:00,1140
12-10-2022 02:00,1176
12-10-2022 03:00,1240
12-10-2022 04:00,1266
12-10-2022 05:00,1259
12-10-2022 06:00,1282
12-10-2022 07:00,1387
12-10-2022 08:00,1530
12-10-2022 09:00,1595
12-10-2022 10:00,1626
12-10-2022 11:00,1604
12-10-2022 12:00,1542
12-10-2022 13:00,1613
12-10-2022 14:00,1630
12-10-2022 15:00,1639
12-10-2022 16:00,1645
12-10-2022 17:00,1632
12-10-2022 18:00,1606
12-10-2022 19:00,1536
12-10-2022 20:00,1467
12-10-2022 21:00,1405
12-10-2022 22:00,1360
12-10-2022 23:00,1301
13-10-2022 00:00,1208
13-10-2022 01:00,1152
13-10-2022 02:00,1188
13-10-2022 03:00,1254
13-10-2022 04:00,1276
13-10-2022 05:00,1273
13-10-2022 06:00,1294
13-10-2022 07:00,1397
13-10-2022 08:00,1532
13-10-2022 09:00,1645
13-10-2022 10:00,1709
13-10-2022 11:00,1694
13-10-2022 12:00,1635
13-10-2022 13:00,1673
13-10-2022 14:00,1672
13-10-2022 15:00,1665
13-10-2022 16:00,1671
13-10-2022 17:00,1650
13-10-2022 18:00,1627
13-10-2022 19:00,1549
13-10-2022 20:00,1477
13-10-2022 21:00,1414
13-10-2022 22:00,1355
13-10-2022 23:00,1298
14-10-2022 00:00,1203
14-10-2022 01:00,1156
14-10-2022 02:00,1187
14-10-2022 03:00,1248
14-10-2022 04:00,1274
14-10-2022 05:00,1264
14-10-2022 06:00,1283
14-10-2022 07:00,1384
14-10-2022 08:00,1529
14-10-2022 09:00,1657
14-10-2022 10:00,1710
14-10-2022 11:00,1734
14-10-2022 12:00,1673
14-10-2022 13:00,1749
14-10-2022 14:00,1749
14-10-2022 15:00,1734
14-10-2022 16:00,1717
14-10-2022 17:00,1654
14-10-2022 18:00,1620
14-10-2022 19:00,1535
14-10-2022 20:00,1462
14-10-2022 21:00,1398
14-10-2022 22:00,1353
14-10-2022 23:00,1301
15-10-2022 00:00,1204
15-10-2022 01:00,1150
15-10-2022 02:00,1176
15-10-2022 03:00,1234
15-10-2022 04:00,1241
15-10-2022 05:00,1211
15-10-2022 06:00,1181
15-10-2022 07:00,1224
15-10-2022 08:00,1317
15-10-2022 09:00,1417
15-10-2022 10:00,1473
15-10-2022 11:00,1508
15-10-2022 12:00,1486
15-10-2022 13:00,1508
15-10-2022 14:00,1489
15-10-2022 15:00,1484
15-10-2022 16:00,1472
15-10-2022 17:00,1463
15-10-2022 18:00,1466
15-10-2022 19:00,1414
15-10-2022 20:00,1359
15-10-2022 21:00,1298
15-10-2022 22:00,1239
15-10-2022 23:00,1190
16-10-2022 00:00,1109
16-10-2022 01:00,1054
16-10-2022 02:00,1085
16-10-2022 03:00,1149
16-10-2022 04:00,1161
16-10-2022 05:00,1124
16-10-2022 06:00,1099
16-10-2022 07:00,1146
16-10-2022 08:00,1213
16-10-2022 09:00,1288
16-10-2022 10:00,1344
16-10-2022 11:00,1392
16-10-2022 12:00,1405
16-10-2022 13:00,1401
16-10-2022 14:00,1400
16-10-2022 15:00,1383
16-10-2022 16:00,1390
16-10-2022 17:00,1436
16-10-2022 18:00,1464
16-10-2022 19:00,1422
16-10-2022 20:00,1381
16-10-2022 21:00,1320
16-10-2022 22:00,1260
16-10-2022 23:00,1216
17-10-2022 00:00,1131
17-10-2022 01:00,1080
17-10-2022 02:00,1106
17-10-2022 03:00,1168
17-10-2022 04:00,1194
17-10-2022 05:00,1190
17-10-2022 06:00,1243
17-10-2022 07:00,1408
17-10-2022 08:00,1603
17-10-2022 09:00,1736
17-10-2022 10:00,1755
17-10-2022 11:00,1751
17-10-2022 12:00,1670
17-10-2022 13:00,1750
17-10-2022 14:00,1743
17-10-2022 15:00,1731
17-10-2022 16:00,1726
17-10-2022 17:00,1696
17-10-2022 18:00,1643
17-10-2022 19:00,1556
17-10-2022 20:00,1483
17-10-2022 21:00,1428
17-10-2022 22:00,1367
17-10-2022 23:00,1311
18-10-2022 00:00,1213
18-10-2022 01:00,1153
18-10-2022 02:00,1180
18-10-2022 03:00,1237
18-10-2022 04:00,1263
18-10-2022 05:00,1260
18-10-2022 06:00,1283
18-10-2022 07:00,1405
18-10-2022 08:00,1561
18-10-2022 09:00,1660
18-10-2022 10:00,1648
18-10-2022 11:00,1630
18-10-2022 12:00,1569
18-10-2022 13:00,1637
18-10-2022 14:00,1631
18-10-2022 15:00,1632
18-10-2022 16:00,1630
18-10-2022 17:00,1617
18-10-2022 18:00,1604
18-10-2022 19:00,1530
18-10-2022 20:00,1465
18-10-2022 21:00,1411
18-10-2022 22:00,1357
18-10-2022 23:00,1297
19-10-2022 00:00,1198
19-10-2022 01:00,1155
19-10-2022 02:00,1185
19-10-2022 03:00,1253
19-10-2022 04:00,1280
19-10-2022 05:00,1278
19-10-2022 06:00,1292
19-10-2022 07:00,1366
19-10-2022 08:00,1494
19-10-2022 09:00,1590
19-10-2022 10:00,1616
19-10-2022 11:00,1627
19-10-2022 12:00,1556
19-10-2022 13:00,1615
19-10-2022 14:00,1614
19-10-2022 15:00,1618
19-10-2022 16:00,1625
19-10-2022 17:00,1608
19-10-2022 18:00,1593
19-10-2022 19:00,1525
19-10-2022 20:00,1461
19-10-2022 21:00,1403
19-10-2022 22:00,1354
19-10-2022 23:00,1297
20-10-2022 00:00,1209
20-10-2022 01:00,1151
20-10-2022 02:00,1191
20-10-2022 03:00,1266
20-10-2022 04:00,1293
20-10-2022 05:00,1293
20-10-2022 06:00,1314
20-10-2022 07:00,1378
20-10-2022 08:00,1495
20-10-2022 09:00,1590
20-10-2022 10:00,1618
20-10-2022 11:00,1633
20-10-2022 12:00,1563
20-10-2022 13:00,1621
20-10-2022 14:00,1617
20-10-2022 15:00,1613
20-10-2022 16:00,1625
20-10-2022 17:00,1615
20-10-2022 18:00,1598
20-10-2022 19:00,1527
20-10-2022 20:00,1464
20-10-2022 21:00,1416
20-10-2022 22:00,1348
20-10-2022 23:00,1294
21-10-2022 00:00,1204
21-10-2022 01:00,1149
21-10-2022 02:00,1187
21-10-2022 03:00,1265
21-10-2022 04:00,1295
21-10-2022 05:00,1291
21-10-2022 06:00,1317
21-10-2022 07:00,1401
21-10-2022 08:00,1523
21-10-2022 09:00,1616
21-10-2022 10:00,1651
21-10-2022 11:00,1664
21-10-2022 12:00,1591
21-10-2022 13:00,1644
21-10-2022 14:00,1633
21-10-2022 15:00,1630
21-10-2022 16:00,1640
21-10-2022 17:00,1608
21-10-2022 18:00,1581
21-10-2022 19:00,1517
21-10-2022 20:00,1451
21-10-2022 21:00,1392
21-10-2022 22:00,1340
21-10-2022 23:00,1292
22-10-2022 00:00,1210
22-10-2022 01:00,1159
22-10-2022 02:00,1189
22-10-2022 03:00,1243
22-10-2022 04:00,1242
22-10-2022 05:00,1217
22-10-2022 06:00,1174
22-10-2022 07:00,1238
22-10-2022 08:00,1319
22-10-2022 09:00,1373
22-10-2022 10:00,1400
22-10-2022 11:00,1434
22-10-2022 12:00,1410
22-10-2022 13:00,1430
22-10-2022 14:00,1427
22-10-2022 15:00,1398
22-10-2022 16:00,1407
22-10-2022 17:00,1445
22-10-2022 18:00,1451
22-10-2022 19:00,1416
22-10-2022 20:00,1363
22-10-2022 21:00,1295
22-10-2022 22:00,1231
22-10-2022 23:00,1193
23-10-2022 00:00,1115
23-10-2022 01:00,1066
23-10-2022 02:00,1101
23-10-2022 03:00,1169
23-10-2022 04:00,1172
23-10-2022 05:00,1134
23-10-2022 06:00,1097
23-10-2022 07:00,1143
23-10-2022 08:00,1208
23-10-2022 09:00,1266
23-10-2022 10:00,1300
23-10-2022 11:00,1319
23-10-2022 12:00,1322
23-10-2022 13:00,1306
23-10-2022 14:00,1300
23-10-2022 15:00,1299
23-10-2022 16:00,1313
23-10-2022 17:00,1383
23-10-2022 18:00,1404
23-10-2022 19:00,1372
23-10-2022 20:00,1333
23-10-2022 21:00,1267
23-10-2022 22:00,1211
23-10-2022 23:00,1169
24-10-2022 00:00,1085
24-10-2022 01:00,1040
24-10-2022 02:00,1084
24-10-2022 03:00,1154
24-10-2022 04:00,1187
24-10-2022 05:00,1189
24-10-2022 06:00,1223
24-10-2022 07:00,1326
24-10-2022 08:00,1458
24-10-2022 09:00,1554
24-10-2022 10:00,1599
24-10-2022 11:00,1617
24-10-2022 12:00,1529
24-10-2022 13:00,1599
24-10-2022 14:00,1603
24-10-2022 15:00,1601
24-10-2022 16:00,1613
24-10-2022 17:00,1613
24-10-2022 18:00,1588
24-10-2022 19:00,1519
24-10-2022 20:00,1454
24-10-2022 21:00,1412
24-10-2022 22:00,1345
24-10-2022 23:00,1291
25-10-2022 00:00,1200
25-10-2022 01:00,1153
25-10-2022 02:00,1194
25-10-2022 03:00,1263
25-10-2022 04:00,1296
25-10-2022 05:00,1303
25-10-2022 06:00,1322
25-10-2022 07:00,1381
25-10-2022 08:00,1509
25-10-2022 09:00,1605
25-10-2022 10:00,1609
25-10-2022 11:00,1622
25-10-2022 12:00,1542
25-10-2022 13:00,1603
25-10-2022 14:00,1606
25-10-2022 15:00,1600
25-10-2022 16:00,1621
25-10-2022 17:00,1628
25-10-2022 18:00,1618
25-10-2022 19:00,1548
25-10-2022 20:00,1484
25-10-2022 21:00,1433
25-10-2022 22:00,1372
25-10-2022 23:00,1313
26-10-2022 00:00,1212
26-10-2022 01:00,1160
26-10-2022 02:00,1202
26-10-2022 03:00,1279
26-10-2022 04:00,1305
26-10-2022 05:00,1312
26-10-2022 06:00,1343
26-10-2022 07:00,1414
26-10-2022 08:00,1522
26-10-2022 09:00,1608
26-10-2022 10:00,1613
26-10-2022 11:00,1616
26-10-2022 12:00,1542
26-10-2022 13:00,1600
26-10-2022 14:00,1598
26-10-2022 15:00,1600
26-10-2022 16:00,1612
26-10-2022 17:00,1616
26-10-2022 18:00,1601
26-10-2022 19:00,1538
26-10-2022 20:00,1482
26-10-2022 21:00,1426
26-10-2022 22:00,1369
26-10-2022 23:00,1309
27-10-2022 00:00,1215
27-10-2022 01:00,1167
27-10-2022 02:00,1222
27-10-2022 03:00,1293
27-10-2022 04:00,1319
27-10-2022 05:00,1325
27-10-2022 06:00,1352
27-10-2022 07:00,1424
27-10-2022 08:00,1552
27-10-2022 09:00,1645
27-10-2022 10:00,1655
27-10-2022 11:00,1622
27-10-2022 12:00,1568
27-10-2022 13:00,1615
27-10-2022 14:00,1614
27-10-2022 15:00,1601
27-10-2022 16:00,1621
27-10-2022 17:00,1647
27-10-2022 18:00,1634
27-10-2022 19:00,1574
27-10-2022 20:00,1512
27-10-2022 21:00,1466
27-10-2022 22:00,1399
27-10-2022 23:00,1336
28-10-2022 00:00,1238
28-10-2022 01:00,1189
28-10-2022 02:00,1232
28-10-2022 03:00,1304
28-10-2022 04:00,1326
28-10-2022 05:00,1323
28-10-2022 06:00,1356
28-10-2022 07:00,1442
28-10-2022 08:00,1540
28-10-2022 09:00,1616
28-10-2022 10:00,1619
28-10-2022 11:00,1622
28-10-2022 12:00,1536
28-10-2022 13:00,1600
28-10-2022 14:00,1599
28-10-2022 15:00,1588
28-10-2022 16:00,1595
28-10-2022 17:00,1591
28-10-2022 18:00,1564
28-10-2022 19:00,1495
28-10-2022 20:00,1438
28-10-2022 21:00,1391
28-10-2022 22:00,1337
28-10-2022 23:00,1279
29-10-2022 00:00,1195
29-10-2022 01:00,1143
29-10-2022 02:00,1178
29-10-2022 03:00,1240
29-10-2022 04:00,1254
29-10-2022 05:00,1226
29-10-2022 06:00,1193
29-10-2022 07:00,1231
29-10-2022 08:00,1305
29-10-2022 09:00,1370
29-10-2022 10:00,1388
29-10-2022 11:00,1384
29-10-2022 12:00,1352
29-10-2022 13:00,1357
29-10-2022 14:00,1341
29-10-2022 15:00,1340
29-10-2022 16:00,1364
29-10-2022 17:00,1414
29-10-2022 18:00,1436
29-10-2022 19:00,1408
29-10-2022 20:00,1365
29-10-2022 21:00,1315
29-10-2022 22:00,1255
29-10-2022 23:00,1206
30-10-2022 00:00,1117
30-10-2022 01:00,1081
30-10-2022 02:00,1123
30-10-2022 03:00,1181
30-10-2022 04:00,1194
30-10-2022 05:00,1165
30-10-2022 06:00,1137
30-10-2022 07:00,1165
30-10-2022 08:00,1202
30-10-2022 09:00,1253
30-10-2022 10:00,1250
30-10-2022 11:00,1262
30-10-2022 12:00,1254
30-10-2022 13:00,1246
30-10-2022 14:00,1234
30-10-2022 15:00,1243
30-10-2022 16:00,1277
30-10-2022 17:00,1366
30-10-2022 18:00,1408
30-10-2022 19:00,1391
30-10-2022 20:00,1349
30-10-2022 21:00,1299
30-10-2022 22:00,1237
30-10-2022 23:00,1188
31-10-2022 00:00,1113
31-10-2022 01:00,1076
31-10-2022 02:00,1124
31-10-2022 03:00,1196
31-10-2022 04:00,1216
31-10-2022 05:00,1234
31-10-2022 06:00,1280
31-10-2022 07:00,1385
31-10-2022 08:00,1509
31-10-2022 09:00,1587
31-10-2022 10:00,1595
31-10-2022 11:00,1594
31-10-2022 12:00,1520
31-10-2022 13:00,1592
31-10-2022 14:00,1586
31-10-2022 15:00,1593
31-10-2022 16:00,1613
31-10-2022 17:00,1621
31-10-2022 18:00,1599
31-10-2022 19:00,1534
31-10-2022 20:00,1473
31-10-2022 21:00,1425
31-10-2022 22:00,1371
31-10-2022 23:00,1308
01-11-2022 00:00,1214
01-11-2022 01:00,1170
01-11-2022 02:00,1214
01-11-2022 03:00,1266
01-11-2022 04:00,1287
01-11-2022 05:00,1273
01-11-2022 06:00,1307
01-11-2022 07:00,1423
01-11-2022 08:00,1585
01-11-2022 09:00,1694
01-11-2022 10:00,1716
01-11-2022 11:00,1704
01-11-2022 12:00,1626
01-11-2022 13:00,1693
01-11-2022 14:00,1709
01-11-2022 15:00,1701
01-11-2022 16:00,1709
01-11-2022 17:00,1699
01-11-2022 18:00,1659
01-11-2022 19:00,1587
01-11-2022 20:00,1513
01-11-2022 21:00,1453
01-11-2022 22:00,1384
01-11-2022 23:00,1319
02-11-2022 00:00,1230
02-11-2022 01:00,1177
02-11-2022 02:00,1219
02-11-2022 03:00,1289
02-11-2022 04:00,1309
02-11-2022 05:00,1295
02-11-2022 06:00,1312
02-11-2022 07:00,1394
02-11-2022 08:00,1538
02-11-2022 09:00,1642
02-11-2022 10:00,1667
02-11-2022 11:00,1678
02-11-2022 12:00,1607
02-11-2022 13:00,1657
02-11-2022 14:00,1627
02-11-2022 15:00,1599
02-11-2022 16:00,1607
02-11-2022 17:00,1625
02-11-2022 18:00,1595
02-11-2022 19:00,1528
02-11-2022 20:00,1465
02-11-2022 21:00,1414
02-11-2022 22:00,1366
02-11-2022 23:00,1314
03-11-2022 00:00,1228
03-11-2022 01:00,1180
03-11-2022 02:00,1221
03-11-2022 03:00,1286
03-11-2022 04:00,1290
03-11-2022 05:00,1262
03-11-2022 06:00,1236
03-11-2022 07:00,1281
03-11-2022 08:00,1394
03-11-2022 09:00,1485
03-11-2022 10:00,1519
03-11-2022 11:00,1542
03-11-2022 12:00,1488
03-11-2022 13:00,1486
03-11-2022 14:00,1441
03-11-2022 15:00,1423
03-11-2022 16:00,1451
03-11-2022 17:00,1511
03-11-2022 18:00,1516
03-11-2022 19:00,1482
03-11-2022 20:00,1436
03-11-2022 21:00,1395
03-11-2022 22:00,1324
03-11-2022 23:00,1270
04-11-2022 00:00,1184
04-11-2022 01:00,1144
04-11-2022 02:00,1194
04-11-2022 03:00,1263
04-11-2022 04:00,1283
04-11-2022 05:00,1268
04-11-2022 06:00,1284
04-11-2022 07:00,1362
04-11-2022 08:00,1511
04-11-2022 09:00,1621
04-11-2022 10:00,1636
04-11-2022 11:00,1636
04-11-2022 12:00,1555
04-11-2022 13:00,1608
04-11-2022 14:00,1585
04-11-2022 15:00,1555
04-11-2022 16:00,1571
04-11-2022 17:00,1589
04-11-2022 18:00,1560
04-11-2022 19:00,1502
04-11-2022 20:00,1439
04-11-2022 21:00,1394
04-11-2022 22:00,1344
04-11-2022 23:00,1292
05-11-2022 00:00,1194
05-11-2022 01:00,1147
05-11-2022 02:00,1193
05-11-2022 03:00,1265
05-11-2022 04:00,1274
05-11-2022 05:00,1250
05-11-2022 06:00,1218
05-11-2022 07:00,1255
05-11-2022 08:00,1367
05-11-2022 09:00,1435
05-11-2022 10:00,1453
05-11-2022 11:00,1439
05-11-2022 12:00,1407
05-11-2022 13:00,1414
05-11-2022 14:00,1377
05-11-2022 15:00,1355
05-11-2022 16:00,1388
05-11-2022 17:00,1457
05-11-2022 18:00,1458
05-11-2022 19:00,1429
05-11-2022 20:00,1393
05-11-2022 21:00,1334
05-11-2022 22:00,1264
05-11-2022 23:00,1220
06-11-2022 00:00,1133
06-11-2022 01:00,1094
06-11-2022 02:00,1147
06-11-2022 03:00,1212
06-11-2022 04:00,1218
06-11-2022 05:00,1196
06-11-2022 06:00,1169
06-11-2022 07:00,1169
06-11-2022 08:00,1230
06-11-2022 09:00,1298
06-11-2022 10:00,1320
06-11-2022 11:00,1325
06-11-2022 12:00,1313
06-11-2022 13:00,1286
06-11-2022 14:00,1251
06-11-2022 15:00,1234
06-11-2022 16:00,1294
06-11-2022 17:00,1403
06-11-2022 18:00,1438
06-11-2022 19:00,1415
06-11-2022 20:00,1380
06-11-2022 21:00,1322
06-11-2022 22:00,1253
06-11-2022 23:00,1199
07-11-2022 00:00,1122
07-11-2022 01:00,1081
07-11-2022 02:00,1141
07-11-2022 03:00,1204
07-11-2022 04:00,1238
07-11-2022 05:00,1259
07-11-2022 06:00,1306
07-11-2022 07:00,1406
07-11-2022 08:00,1550
07-11-2022 09:00,1645
07-11-2022 10:00,1660
07-11-2022 11:00,1659
07-11-2022 12:00,1580
07-11-2022 13:00,1641
07-11-2022 14:00,1632
07-11-2022 15:00,1615
07-11-2022 16:00,1641
07-11-2022 17:00,1655
07-11-2022 18:00,1624
07-11-2022 19:00,1557
07-11-2022 20:00,1502
07-11-2022 21:00,1446
07-11-2022 22:00,1380
07-11-2022 23:00,1316
08-11-2022 00:00,1225
08-11-2022 01:00,1181
08-11-2022 02:00,1236
08-11-2022 03:00,1302
08-11-2022 04:00,1317
08-11-2022 05:00,1328
08-11-2022 06:00,1372
08-11-2022 07:00,1448
08-11-2022 08:00,1585
08-11-2022 09:00,1673
08-11-2022 10:00,1684
08-11-2022 11:00,1684
08-11-2022 12:00,1598
08-11-2022 13:00,1651
08-11-2022 14:00,1616
08-11-2022 15:00,1596
08-11-2022 16:00,1630
08-11-2022 17:00,1658
08-11-2022 18:00,1628
08-11-2022 19:00,1560
08-11-2022 20:00,1505
08-11-2022 21:00,1453
08-11-2022 22:00,1392
08-11-2022 23:00,1335
09-11-2022 00:00,1231
09-11-2022 01:00,1184
09-11-2022 02:00,1233
09-11-2022 03:00,1307
09-11-2022 04:00,1322
09-11-2022 05:00,1321
09-11-2022 06:00,1375
09-11-2022 07:00,1448
09-11-2022 08:00,1585
09-11-2022 09:00,1682
09-11-2022 10:00,1680
09-11-2022 11:00,1676
09-11-2022 12:00,1592
09-11-2022 13:00,1642
09-11-2022 14:00,1617
09-11-2022 15:00,1587
09-11-2022 16:00,1619
09-11-2022 17:00,1650
09-11-2022 18:00,1628
09-11-2022 19:00,1573
09-11-2022 20:00,1511
09-11-2022 21:00,1457
09-11-2022 22:00,1396
09-11-2022 23:00,1336
10-11-2022 00:00,1241
10-11-2022 01:00,1195
10-11-2022 02:00,1247
10-11-2022 03:00,1321
10-11-2022 04:00,1337
10-11-2022 05:00,1332
10-11-2022 06:00,1379
10-11-2022 07:00,1451
10-11-2022 08:00,1581
10-11-2022 09:00,1687
10-11-2022 10:00,1699
10-11-2022 11:00,1695
10-11-2022 12:00,1604
10-11-2022 13:00,1660
10-11-2022 14:00,1637
10-11-2022 15:00,1602
10-11-2022 16:00,1624
10-11-2022 17:00,1651
10-11-2022 18:00,1625
10-11-2022 19:00,1555
10-11-2022 20:00,1499
10-11-2022 21:00,1453
10-11-2022 22:00,1389
10-11-2022 23:00,1341
11-11-2022 00:00,1245
11-11-2022 01:00,1209
11-11-2022 02:00,1240
11-11-2022 03:00,1297
11-11-2022 04:00,1315
11-11-2022 05:00,1324
11-11-2022 06:00,1359
11-11-2022 07:00,1441
11-11-2022 08:00,1574
11-11-2022 09:00,1677
11-11-2022 10:00,1677
11-11-2022 11:00,1676
11-11-2022 12:00,1597
11-11-2022 13:00,1650
11-11-2022 14:00,1627
11-11-2022 15:00,1602
11-11-2022 16:00,1603
11-11-2022 17:00,1618
11-11-2022 18:00,1583
11-11-2022 19:00,1520
11-11-2022 20:00,1464
11-11-2022 21:00,1413
11-11-2022 22:00,1364
11-11-2022 23:00,1306
12-11-2022 00:00,1214
12-11-2022 01:00,1167
12-11-2022 02:00,1214
12-11-2022 03:00,1262
12-11-2022 04:00,1272
12-11-2022 05:00,1239
12-11-2022 06:00,1216
12-11-2022 07:00,1248
12-11-2022 08:00,1350
12-11-2022 09:00,1404
12-11-2022 10:00,1428
12-11-2022 11:00,1440
12-11-2022 12:00,1409
12-11-2022 13:00,1405
12-11-2022 14:00,1374
12-11-2022 15:00,1346
12-11-2022 16:00,1358
12-11-2022 17:00,1423
12-11-2022 18:00,1427
12-11-2022 19:00,1399
12-11-2022 20:00,1343
12-11-2022 21:00,1296
12-11-2022 22:00,1222
12-11-2022 23:00,1183
13-11-2022 00:00,1119
13-11-2022 01:00,1078
13-11-2022 02:00,1118
13-11-2022 03:00,1181
13-11-2022 04:00,1187
13-11-2022 05:00,1139
13-11-2022 06:00,1106
13-11-2022 07:00,1145
13-11-2022 08:00,1220
13-11-2022 09:00,1292
13-11-2022 10:00,1334
13-11-2022 11:00,1357
13-11-2022 12:00,1357
13-11-2022 13:00,1353
13-11-2022 14:00,1344
13-11-2022 15:00,1313
13-11-2022 16:00,1339
13-11-2022 17:00,1408
13-11-2022 18:00,1421
13-11-2022 19:00,1395
13-11-2022 20:00,1342
13-11-2022 21:00,1287
13-11-2022 22:00,1222
13-11-2022 23:00,1164
14-11-2022 00:00,1086
14-11-2022 01:00,1053
14-11-2022 02:00,1106
14-11-2022 03:00,1176
14-11-2022 04:00,1193
14-11-2022 05:00,1197
14-11-2022 06:00,1243
14-11-2022 07:00,1351
14-11-2022 08:00,1500
14-11-2022 09:00,1609
14-11-2022 10:00,1637
14-11-2022 11:00,1640
14-11-2022 12:00,1563
14-11-2022 13:00,1626
14-11-2022 14:00,1626
14-11-2022 15:00,1603
14-11-2022 16:00,1631
14-11-2022 17:00,1661
14-11-2022 18:00,1633
14-11-2022 19:00,1574
14-11-2022 20:00,1515
14-11-2022 21:00,1456
14-11-2022 22:00,1397
14-11-2022 23:00,1322
15-11-2022 00:00,1230
15-11-2022 01:00,1183
15-11-2022 02:00,1235
15-11-2022 03:00,1307
15-11-2022 04:00,1326
15-11-2022 05:00,1340
15-11-2022 06:00,1388
15-11-2022 07:00,1466
15-11-2022 08:00,1593
15-11-2022 09:00,1672
15-11-2022 10:00,1678
15-11-2022 11:00,1665
15-11-2022 12:00,1578
15-11-2022 13:00,1633
15-11-2022 14:00,1616
15-11-2022 15:00,1604
15-11-2022 16:00,1631
15-11-2022 17:00,1674
15-11-2022 18:00,1648
15-11-2022 19:00,1589
15-11-2022 20:00,1534
15-11-2022 21:00,1470
15-11-2022 22:00,1405
15-11-2022 23:00,1336
16-11-2022 00:00,1241
16-11-2022 01:00,1197
16-11-2022 02:00,1241
16-11-2022 03:00,1304
16-11-2022 04:00,1317
16-11-2022 05:00,1319
16-11-2022 06:00,1373
16-11-2022 07:00,1458
16-11-2022 08:00,1598
16-11-2022 09:00,1689
16-11-2022 10:00,1698
16-11-2022 11:00,1683
16-11-2022 12:00,1590
16-11-2022 13:00,1645
16-11-2022 14:00,1639
16-11-2022 15:00,1620
16-11-2022 16:00,1657
16-11-2022 17:00,1685
16-11-2022 18:00,1656
16-11-2022 19:00,1601
16-11-2022 20:00,1550
16-11-2022 21:00,1482
16-11-2022 22:00,1420
16-11-2022 23:00,1350
17-11-2022 00:00,1249
17-11-2022 01:00,1213
17-11-2022 02:00,1258
17-11-2022 03:00,1330
17-11-2022 04:00,1345
17-11-2022 05:00,1357
17-11-2022 06:00,1415
17-11-2022 07:00,1504
17-11-2022 08:00,1623
17-11-2022 09:00,1696
17-11-2022 10:00,1709
17-11-2022 11:00,1724
17-11-2022 12:00,1611
17-11-2022 13:00,1681
17-11-2022 14:00,1647
17-11-2022 15:00,1627
17-11-2022 16:00,1671
17-11-2022 17:00,1713
17-11-2022 18:00,1695
17-11-2022 19:00,1637
17-11-2022 20:00,1585
17-11-2022 21:00,1527
17-11-2022 22:00,1452
17-11-2022 23:00,1377
18-11-2022 00:00,1278
18-11-2022 01:00,1236
18-11-2022 02:00,1290
18-11-2022 03:00,1346
18-11-2022 04:00,1368
18-11-2022 05:00,1381
18-11-2022 06:00,1444
18-11-2022 07:00,1537
18-11-2022 08:00,1662
18-11-2022 09:00,1724
18-11-2022 10:00,1710
18-11-2022 11:00,1690
18-11-2022 12:00,1594
18-11-2022 13:00,1635
18-11-2022 14:00,1616
18-11-2022 15:00,1602
18-11-2022 16:00,1643
18-11-2022 17:00,1673
18-11-2022 18:00,1646
18-11-2022 19:00,1599
18-11-2022 20:00,1549
18-11-2022 21:00,1499
18-11-2022 22:00,1435
18-11-2022 23:00,1368
19-11-2022 00:00,1271
19-11-2022 01:00,1218
19-11-2022 02:00,1260
19-11-2022 03:00,1319
19-11-2022 04:00,1320
19-11-2022 05:00,1300
19-11-2022 06:00,1299
19-11-2022 07:00,1350
19-11-2022 08:00,1431
19-11-2022 09:00,1471
19-11-2022 10:00,1452
19-11-2022 11:00,1440
19-11-2022 12:00,1434
19-11-2022 13:00,1421
19-11-2022 14:00,1394
19-11-2022 15:00,1375
19-11-2022 16:00,1413
19-11-2022 17:00,1499
19-11-2022 18:00,1495
19-11-2022 19:00,1477
19-11-2022 20:00,1445
19-11-2022 21:00,1379
19-11-2022 22:00,1314
19-11-2022 23:00,1255
20-11-2022 00:00,1182
20-11-2022 01:00,1134
20-11-2022 02:00,1179
20-11-2022 03:00,1236
20-11-2022 04:00,1225
20-11-2022 05:00,1202
20-11-2022 06:00,1178
20-11-2022 07:00,1234
20-11-2022 08:00,1320
20-11-2022 09:00,1363
20-11-2022 10:00,1351
20-11-2022 11:00,1322
20-11-2022 12:00,1322
20-11-2022 13:00,1309
20-11-2022 14:00,1318
20-11-2022 15:00,1338
20-11-2022 16:00,1383
20-11-2022 17:00,1459
20-11-2022 18:00,1474
20-11-2022 19:00,1441
20-11-2022 20:00,1401
20-11-2022 21:00,1348
20-11-2022 22:00,1265
20-11-2022 23:00,1210
21-11-2022 00:00,1143
21-11-2022 01:00,1112
21-11-2022 02:00,1161
21-11-2022 03:00,1218
21-11-2022 04:00,1225
21-11-2022 05:00,1221
21-11-2022 06:00,1277
21-11-2022 07:00,1400
21-11-2022 08:00,1555
21-11-2022 09:00,1643
21-11-2022 10:00,1668
21-11-2022 11:00,1665
21-11-2022 12:00,1585
21-11-2022 13:00,1641
21-11-2022 14:00,1627
21-11-2022 15:00,1613
21-11-2022 16:00,1647
21-11-2022 17:00,1666
21-11-2022 18:00,1638
21-11-2022 19:00,1572
21-11-2022 20:00,1513
21-11-2022 21:00,1444
21-11-2022 22:00,1377
21-11-2022 23:00,1311
22-11-2022 00:00,1220
22-11-2022 01:00,1183
22-11-2022 02:00,1231
22-11-2022 03:00,1292
22-11-2022 04:00,1313
22-11-2022 05:00,1311
22-11-2022 06:00,1364
22-11-2022 07:00,1467
22-11-2022 08:00,1601
22-11-2022 09:00,1676
22-11-2022 10:00,1694
22-11-2022 11:00,1673
22-11-2022 12:00,1606
22-11-2022 13:00,1675
22-11-2022 14:00,1661
22-11-2022 15:00,1654
22-11-2022 16:00,1689
22-11-2022 17:00,1697
22-11-2022 18:00,1657
22-11-2022 19:00,1597
22-11-2022 20:00,1531
22-11-2022 21:00,1470
22-11-2022 22:00,1411
22-11-2022 23:00,1354
23-11-2022 00:00,1254
23-11-2022 01:00,1209
23-11-2022 02:00,1250
23-11-2022 03:00,1304
23-11-2022 04:00,1304
23-11-2022 05:00,1264
23-11-2022 06:00,1256
23-11-2022 07:00,1344
23-11-2022 08:00,1510
23-11-2022 09:00,1602
23-11-2022 10:00,1619
23-11-2022 11:00,1613
23-11-2022 12:00,1574
23-11-2022 13:00,1593
23-11-2022 14:00,1593
23-11-2022 15:00,1579
23-11-2022 16:00,1595
23-11-2022 17:00,1628
23-11-2022 18:00,1614
23-11-2022 19:00,1577
23-11-2022 20:00,1523
23-11-2022 21:00,1472
23-11-2022 22:00,1386
23-11-2022 23:00,1338
24-11-2022 00:00,1242
24-11-2022 01:00,1195
24-11-2022 02:00,1239
24-11-2022 03:00,1299
24-11-2022 04:00,1319
24-11-2022 05:00,1311
24-11-2022 06:00,1351
24-11-2022 07:00,1451
24-11-2022 08:00,1586
24-11-2022 09:00,1668
24-11-2022 10:00,1673
24-11-2022 11:00,1664
24-11-2022 12:00,1596
24-11-2022 13:00,1640
24-11-2022 14:00,1632
24-11-2022 15:00,1629
24-11-2022 16:00,1673
24-11-2022 17:00,1704
24-11-2022 18:00,1674
24-11-2022 19:00,1617
24-11-2022 20:00,1552
24-11-2022 21:00,1492
24-11-2022 22:00,1436
24-11-2022 23:00,1369
25-11-2022 00:00,1275
25-11-2022 01:00,1226
25-11-2022 02:00,1271
25-11-2022 03:00,1329
25-11-2022 04:00,1354
25-11-2022 05:00,1358
25-11-2022 06:00,1414
25-11-2022 07:00,1507
25-11-2022 08:00,1623
25-11-2022 09:00,1689
25-11-2022 10:00,1667
25-11-2022 11:00,1644
25-11-2022 12:00,1552
25-11-2022 13:00,1603
25-11-2022 14:00,1593
25-11-2022 15:00,1592
25-11-2022 16:00,1640
25-11-2022 17:00,1672
25-11-2022 18:00,1645
25-11-2022 19:00,1599
25-11-2022 20:00,1547
25-11-2022 21:00,1496
25-11-2022 22:00,1438
25-11-2022 23:00,1374
26-11-2022 00:00,1271
26-11-2022 01:00,1232
26-11-2022 02:00,1265
26-11-2022 03:00,1321
26-11-2022 04:00,1323
26-11-2022 05:00,1296
26-11-2022 06:00,1274
26-11-2022 07:00,1332
26-11-2022 08:00,1460
26-11-2022 09:00,1526
26-11-2022 10:00,1530
26-11-2022 11:00,1538
26-11-2022 12:00,1494
26-11-2022 13:00,1480
26-11-2022 14:00,1446
26-11-2022 15:00,1434
26-11-2022 16:00,1466
26-11-2022 17:00,1531
26-11-2022 18:00,1522
26-11-2022 19:00,1493
26-11-2022 20:00,1454
26-11-2022 21:00,1390
26-11-2022 22:00,1320
26-11-2022 23:00,1265
27-11-2022 00:00,1178
27-11-2022 01:00,1141
27-11-2022 02:00,1181
27-11-2022 03:00,1233
27-11-2022 04:00,1238
27-11-2022 05:00,1201
27-11-2022 06:00,1178
27-11-2022 07:00,1213
27-11-2022 08:00,1271
27-11-2022 09:00,1300
27-11-2022 10:00,1303
27-11-2022 11:00,1300
27-11-2022 12:00,1289
27-11-2022 13:00,1274
27-11-2022 14:00,1259
27-11-2022 15:00,1276
27-11-2022 16:00,1341
27-11-2022 17:00,1455
27-11-2022 18:00,1493
27-11-2022 19:00,1483
27-11-2022 20:00,1448
27-11-2022 21:00,1388
27-11-2022 22:00,1310
27-11-2022 23:00,1250
28-11-2022 00:00,1168
28-11-2022 01:00,1142
28-11-2022 02:00,1183
28-11-2022 03:00,1253
28-11-2022 04:00,1272
28-11-2022 05:00,1290
28-11-2022 06:00,1368
28-11-2022 07:00,1502
28-11-2022 08:00,1682
28-11-2022 09:00,1774
28-11-2022 10:00,1714
28-11-2022 11:00,1671
28-11-2022 12:00,1576
28-11-2022 13:00,1627
28-11-2022 14:00,1619
28-11-2022 15:00,1614
28-11-2022 16:00,1653
28-11-2022 17:00,1687
28-11-2022 18:00,1662
28-11-2022 19:00,1601
28-11-2022 20:00,1547
28-11-2022 21:00,1491
28-11-2022 22:00,1421
28-11-2022 23:00,1353
29-11-2022 00:00,1260
29-11-2022 01:00,1224
29-11-2022 02:00,1264
29-11-2022 03:00,1316
29-11-2022 04:00,1325
29-11-2022 05:00,1303
29-11-2022 06:00,1347
29-11-2022 07:00,1461
29-11-2022 08:00,1638
29-11-2022 09:00,1765
29-11-2022 10:00,1754
29-11-2022 11:00,1740
29-11-2022 12:00,1664
29-11-2022 13:00,1720
29-11-2022 14:00,1714
29-11-2022 15:00,1713
29-11-2022 16:00,1736
29-11-2022 17:00,1726
29-11-2022 18:00,1680
29-11-2022 19:00,1608
29-11-2022 20:00,1536
29-11-2022 21:00,1455
29-11-2022 22:00,1394
29-11-2022 23:00,1327
30-11-2022 00:00,1228
30-11-2022 01:00,1197
30-11-2022 02:00,1238
30-11-2022 03:00,1295
30-11-2022 04:00,1296
30-11-2022 05:00,1276
30-11-2022 06:00,1318
30-11-2022 07:00,1433
30-11-2022 08:00,1586
30-11-2022 09:00,1697
30-11-2022 10:00,1685
30-11-2022 11:00,1693
30-11-2022 12:00,1641
30-11-2022 13:00,1702
30-11-2022 14:00,1694
30-11-2022 15:00,1689
30-11-2022 16:00,1726
30-11-2022 17:00,1746
30-11-2022 18:00,1721
30-11-2022 19:00,1664
30-11-2022 20:00,1613
30-11-2022 21:00,1546
30-11-2022 22:00,1487
30-11-2022 23:00,1412
01-12-2022 00:00,1309
01-12-2022 01:00,1267
01-12-2022 02:00,1312
01-12-2022 03:00,1362
01-12-2022 04:00,1383
01-12-2022 05:00,1399
01-12-2022 06:00,1484
01-12-2022 07:00,1573
01-12-2022 08:00,1721
01-12-2022 09:00,1838
01-12-2022 10:00,1831
01-12-2022 11:00,1816
01-12-2022 12:00,1726
01-12-2022 13:00,1775
01-12-2022 14:00,1760
01-12-2022 15:00,1770
01-12-2022 16:00,1836
01-12-2022 17:00,1877
01-12-2022 18:00,1853
01-12-2022 19:00,1791
01-12-2022 20:00,1718
01-12-2022 21:00,1648
01-12-2022 22:00,1569
01-12-2022 23:00,1486
02-12-2022 00:00,1376
02-12-2022 01:00,1343
02-12-2022 02:00,1390
02-12-2022 03:00,1453
02-12-2022 04:00,1494
02-12-2022 05:00,1509
02-12-2022 06:00,1588
02-12-2022 07:00,1667
02-12-2022 08:00,1811
02-12-2022 09:00,1922
02-12-2022 10:00,1889
02-12-2022 11:00,1892
02-12-2022 12:00,1782
02-12-2022 13:00,1842
02-12-2022 14:00,1823
02-12-2022 15:00,1813
02-12-2022 16:00,1875
02-12-2022 17:00,1916
02-12-2022 18:00,1889
02-12-2022 19:00,1838
02-12-2022 20:00,1790
02-12-2022 21:00,1727
02-12-2022 22:00,1648
02-12-2022 23:00,1574
03-12-2022 00:00,1477
03-12-2022 01:00,1420
03-12-2022 02:00,1459
03-12-2022 03:00,1491
03-12-2022 04:00,1489
03-12-2022 05:00,1460
03-12-2022 06:00,1491
03-12-2022 07:00,1578
03-12-2022 08:00,1669
03-12-2022 09:00,1705
03-12-2022 10:00,1675
03-12-2022 11:00,1652
03-12-2022 12:00,1602
03-12-2022 13:00,1575
03-12-2022 14:00,1532
03-12-2022 15:00,1524
03-12-2022 16:00,1586
03-12-2022 17:00,1686
03-12-2022 18:00,1704
03-12-2022 19:00,1688
03-12-2022 20:00,1648
03-12-2022 21:00,1585
03-12-2022 22:00,1520
03-12-2022 23:00,1447
04-12-2022 00:00,1357
04-12-2022 01:00,1305
04-12-2022 02:00,1335
04-12-2022 03:00,1364
04-12-2022 04:00,1358
04-12-2022 05:00,1320
04-12-2022 06:00,1309
04-12-2022 07:00,1376
04-12-2022 08:00,1472
04-12-2022 09:00,1540
04-12-2022 10:00,1545
04-12-2022 11:00,1547
04-12-2022 12:00,1524
04-12-2022 13:00,1483
04-12-2022 14:00,1487
04-12-2022 15:00,1486
04-12-2022 16:00,1525
04-12-2022 17:00,1630
04-12-2022 18:00,1656
04-12-2022 19:00,1635
04-12-2022 20:00,1596
04-12-2022 21:00,1529
04-12-2022 22:00,1448
04-12-2022 23:00,1375
05-12-2022 00:00,1278
05-12-2022 01:00,1251
05-12-2022 02:00,1303
05-12-2022 03:00,1351
05-12-2022 04:00,1358
05-12-2022 05:00,1369
05-12-2022 06:00,1473
05-12-2022 07:00,1622
05-12-2022 08:00,1775
05-12-2022 09:00,1878
05-12-2022 10:00,1883
05-12-2022 11:00,1890
05-12-2022 12:00,1824
05-12-2022 13:00,1871
05-12-2022 14:00,1872
05-12-2022 15:00,1883
05-12-2022 16:00,1935
05-12-2022 17:00,1945
05-12-2022 18:00,1911
05-12-2022 19:00,1844
05-12-2022 20:00,1770
05-12-2022 21:00,1694
05-12-2022 22:00,1612
05-12-2022 23:00,1550
06-12-2022 00:00,1460
06-12-2022 01:00,1439
06-12-2022 02:00,1475
06-12-2022 03:00,1471
06-12-2022 04:00,1469
06-12-2022 05:00,1479
06-12-2022 06:00,1565
06-12-2022 07:00,1695
06-12-2022 08:00,1856
06-12-2022 09:00,1938
06-12-2022 10:00,1896
06-12-2022 11:00,1871
06-12-2022 12:00,1767
06-12-2022 13:00,1820
06-12-2022 14:00,1816
06-12-2022 15:00,1817
06-12-2022 16:00,1886
06-12-2022 17:00,1935
06-12-2022 18:00,1910
06-12-2022 19:00,1856
06-12-2022 20:00,1797
06-12-2022 21:00,1719
06-12-2022 22:00,1643
06-12-2022 23:00,1554
07-12-2022 00:00,1445
07-12-2022 01:00,1410
07-12-2022 02:00,1442
07-12-2022 03:00,1496
07-12-2022 04:00,1503
07-12-2022 05:00,1503
07-12-2022 06:00,1623
07-12-2022 07:00,1770
07-12-2022 08:00,1924
07-12-2022 09:00,2014
07-12-2022 10:00,1967
07-12-2022 11:00,1950
07-12-2022 12:00,1879
07-12-2022 13:00,1918
07-12-2022 14:00,1902
07-12-2022 15:00,1904
07-12-2022 16:00,1955
07-12-2022 17:00,1986
07-12-2022 18:00,1952
07-12-2022 19:00,1898
07-12-2022 20:00,1827
07-12-2022 21:00,1736
07-12-2022 22:00,1652
07-12-2022 23:00,1557
08-12-2022 00:00,1444
08-12-2022 01:00,1393
08-12-2022 02:00,1430
08-12-2022 03:00,1474
08-12-2022 04:00,1477
08-12-2022 05:00,1499
08-12-2022 06:00,1620
08-12-2022 07:00,1748
08-12-2022 08:00,1901
08-12-2022 09:00,1971
08-12-2022 10:00,1936
08-12-2022 11:00,1892
08-12-2022 12:00,1793
08-12-2022 13:00,1827
08-12-2022 14:00,1825
08-12-2022 15:00,1810
08-12-2022 16:00,1865
08-12-2022 17:00,1916
08-12-2022 18:00,1897
08-12-2022 19:00,1837
08-12-2022 20:00,1773
08-12-2022 21:00,1713
08-12-2022 22:00,1626
08-12-2022 23:00,1541
09-12-2022 00:00,1427
09-12-2022 01:00,1394
09-12-2022 02:00,1439
09-12-2022 03:00,1483
09-12-2022 04:00,1498
09-12-2022 05:00,1518
09-12-2022 06:00,1632
09-12-2022 07:00,1768
09-12-2022 08:00,1923
09-12-2022 09:00,1980
09-12-2022 10:00,1924
09-12-2022 11:00,1870
09-12-2022 12:00,1750
09-12-2022 13:00,1789
09-12-2022 14:00,1794
09-12-2022 15:00,1786
09-12-2022 16:00,1831
09-12-2022 17:00,1860
09-12-2022 18:00,1836
09-12-2022 19:00,1790
09-12-2022 20:00,1734
09-12-2022 21:00,1674
09-12-2022 22:00,1603
09-12-2022 23:00,1531
10-12-2022 00:00,1430
10-12-2022 01:00,1391
10-12-2022 02:00,1426
10-12-2022 03:00,1455
10-12-2022 04:00,1448
10-12-2022 05:00,1423
10-12-2022 06:00,1446
10-12-2022 07:00,1525
10-12-2022 08:00,1625
10-12-2022 09:00,1658
10-12-2022 10:00,1609
10-12-2022 11:00,1556
10-12-2022 12:00,1498
10-12-2022 13:00,1486
10-12-2022 14:00,1449
10-12-2022 15:00,1442
10-12-2022 16:00,1502
10-12-2022 17:00,1601
10-12-2022 18:00,1611
10-12-2022 19:00,1597
10-12-2022 20:00,1561
10-12-2022 21:00,1504
10-12-2022 22:00,1443
10-12-2022 23:00,1389
11-12-2022 00:00,1301
11-12-2022 01:00,1262
11-12-2022 02:00,1296
11-12-2022 03:00,1347
11-12-2022 04:00,1339
11-12-2022 05:00,1298
11-12-2022 06:00,1288
11-12-2022 07:00,1348
11-12-2022 08:00,1445
11-12-2022 09:00,1496
11-12-2022 10:00,1458
11-12-2022 11:00,1448
11-12-2022 12:00,1432
11-12-2022 13:00,1414
11-12-2022 14:00,1405
11-12-2022 15:00,1430
11-12-2022 16:00,1511
11-12-2022 17:00,1633
11-12-2022 18:00,1652
11-12-2022 19:00,1637
11-12-2022 20:00,1612
11-12-2022 21:00,1541
11-12-2022 22:00,1449
11-12-2022 23:00,1384
12-12-2022 00:00,1294
12-12-2022 01:00,1261
12-12-2022 02:00,1313
12-12-2022 03:00,1362
12-12-2022 04:00,1380
12-12-2022 05:00,1409
12-12-2022 06:00,1536
12-12-2022 07:00,1689
12-12-2022 08:00,1841
12-12-2022 09:00,1915
12-12-2022 10:00,1877
12-12-2022 11:00,1846
12-12-2022 12:00,1737
12-12-2022 13:00,1785
12-12-2022 14:00,1763
12-12-2022 15:00,1765
12-12-2022 16:00,1834
12-12-2022 17:00,1902
12-12-2022 18:00,1894
12-12-2022 19:00,1837
12-12-2022 20:00,1773
12-12-2022 21:00,1696
12-12-2022 22:00,1609
12-12-2022 23:00,1518
13-12-2022 00:00,1405
13-12-2022 01:00,1364
13-12-2022 02:00,1401
13-12-2022 03:00,1434
13-12-2022 04:00,1445
13-12-2022 05:00,1459
13-12-2022 06:00,1548
13-12-2022 07:00,1707
13-12-2022 08:00,1917
13-12-2022 09:00,2011
13-12-2022 10:00,1969
13-12-2022 11:00,1908
13-12-2022 12:00,1789
13-12-2022 13:00,1837
13-12-2022 14:00,1809
13-12-2022 15:00,1797
13-12-2022 16:00,1852
13-12-2022 17:00,1905
13-12-2022 18:00,1883
13-12-2022 19:00,1819
13-12-2022 20:00,1748
13-12-2022 21:00,1685
13-12-2022 22:00,1597
13-12-2022 23:00,1505
14-12-2022 00:00,1402
14-12-2022 01:00,1355
14-12-2022 02:00,1389
14-12-2022 03:00,1433
14-12-2022 04:00,1443
14-12-2022 05:00,1465
14-12-2022 06:00,1562
14-12-2022 07:00,1696
14-12-2022 08:00,1897
14-12-2022 09:00,2000
14-12-2022 10:00,1994
14-12-2022 11:00,1972
14-12-2022 12:00,1864
14-12-2022 13:00,1930
14-12-2022 14:00,1907
14-12-2022 15:00,1925
14-12-2022 16:00,2004
14-12-2022 17:00,2076
14-12-2022 18:00,2061
14-12-2022 19:00,2014
14-12-2022 20:00,1951
14-12-2022 21:00,1873
14-12-2022 22:00,1779
14-12-2022 23:00,1684
15-12-2022 00:00,1574
15-12-2022 01:00,1525
15-12-2022 02:00,1553
15-12-2022 03:00,1571
15-12-2022 04:00,1569
15-12-2022 05:00,1585
15-12-2022 06:00,1734
15-12-2022 07:00,1899
15-12-2022 08:00,2052
15-12-2022 09:00,2127
15-12-2022 10:00,2083
15-12-2022 11:00,2049
15-12-2022 12:00,1964
15-12-2022 13:00,2022
15-12-2022 14:00,2007
15-12-2022 15:00,2001
15-12-2022 16:00,2061
15-12-2022 17:00,2115
15-12-2022 18:00,2100
15-12-2022 19:00,2039
15-12-2022 20:00,1976
15-12-2022 21:00,1902
15-12-2022 22:00,1803
15-12-2022 23:00,1700
16-12-2022 00:00,1593
16-12-2022 01:00,1542
16-12-2022 02:00,1564
16-12-2022 03:00,1579
16-12-2022 04:00,1567
16-12-2022 05:00,1578
16-12-2022 06:00,1732
16-12-2022 07:00,1915
16-12-2022 08:00,2084
16-12-2022 09:00,2155
16-12-2022 10:00,2114
16-12-2022 11:00,2075
16-12-2022 12:00,1971
16-12-2022 13:00,2007
16-12-2022 14:00,1976
16-12-2022 15:00,1954
16-12-2022 16:00,2007
16-12-2022 17:00,2049
16-12-2022 18:00,2022
16-12-2022 19:00,1966
16-12-2022 20:00,1902
16-12-2022 21:00,1836
16-12-2022 22:00,1755
16-12-2022 23:00,1670
17-12-2022 00:00,1570
17-12-2022 01:00,1517
17-12-2022 02:00,1526
17-12-2022 03:00,1537
17-12-2022 04:00,1503
17-12-2022 05:00,1472
17-12-2022 06:00,1515
17-12-2022 07:00,1624
17-12-2022 08:00,1807
17-12-2022 09:00,1892
17-12-2022 10:00,1919
17-12-2022 11:00,1925
17-12-2022 12:00,1888
17-12-2022 13:00,1886
17-12-2022 14:00,1879
17-12-2022 15:00,1868
17-12-2022 16:00,1879
17-12-2022 17:00,1923
17-12-2022 18:00,1919
17-12-2022 19:00,1889
17-12-2022 20:00,1835
17-12-2022 21:00,1758
17-12-2022 22:00,1663
17-12-2022 23:00,1600
18-12-2022 00:00,1509
18-12-2022 01:00,1470
18-12-2022 02:00,1488
18-12-2022 03:00,1498
18-12-2022 04:00,1465
18-12-2022 05:00,1430
18-12-2022 06:00,1450
18-12-2022 07:00,1558
18-12-2022 08:00,1674
18-12-2022 09:00,1732
18-12-2022 10:00,1706
18-12-2022 11:00,1690
18-12-2022 12:00,1681
18-12-2022 13:00,1665
18-12-2022 14:00,1644
18-12-2022 15:00,1687
18-12-2022 16:00,1803
18-12-2022 17:00,1975
18-12-2022 18:00,2034
18-12-2022 19:00,2034
18-12-2022 20:00,1993
18-12-2022 21:00,1929
18-12-2022 22:00,1810
18-12-2022 23:00,1748
19-12-2022 00:00,1658
19-12-2022 01:00,1605
19-12-2022 02:00,1613
19-12-2022 03:00,1593
19-12-2022 04:00,1559
19-12-2022 05:00,1591
19-12-2022 06:00,1794
19-12-2022 07:00,2028
19-12-2022 08:00,2227
19-12-2022 09:00,2314
19-12-2022 10:00,2281
19-12-2022 11:00,2229
19-12-2022 12:00,2107
19-12-2022 13:00,2156
19-12-2022 14:00,2159
19-12-2022 15:00,2175
19-12-2022 16:00,2269
19-12-2022 17:00,2329
19-12-2022 18:00,2311
19-12-2022 19:00,2241
19-12-2022 20:00,2170
19-12-2022 21:00,2082
19-12-2022 22:00,1955
19-12-2022 23:00,1844
20-12-2022 00:00,1718
20-12-2022 01:00,1661
20-12-2022 02:00,1670
20-12-2022 03:00,1659
20-12-2022 04:00,1647
20-12-2022 05:00,1675
20-12-2022 06:00,1864
20-12-2022 07:00,2079
20-12-2022 08:00,2259
20-12-2022 09:00,2303
20-12-2022 10:00,2222
20-12-2022 11:00,2164
20-12-2022 12:00,2038
20-12-2022 13:00,2085
20-12-2022 14:00,2077
20-12-2022 15:00,2086
20-12-2022 16:00,2157
20-12-2022 17:00,2211
20-12-2022 18:00,2189
20-12-2022 19:00,2138
20-12-2022 20:00,2077
20-12-2022 21:00,2010
20-12-2022 22:00,1905
20-12-2022 23:00,1813
21-12-2022 00:00,1703
21-12-2022 01:00,1652
21-12-2022 02:00,1659
21-12-2022 03:00,1656
21-12-2022 04:00,1640
21-12-2022 05:00,1676
21-12-2022 06:00,1853
21-12-2022 07:00,2043
21-12-2022 08:00,2232
21-12-2022 09:00,2294
21-12-2022 10:00,2226
21-12-2022 11:00,2184
21-12-2022 12:00,2063
21-12-2022 13:00,2102
21-12-2022 14:00,2082
21-12-2022 15:00,2062
21-12-2022 16:00,2122
21-12-2022 17:00,2134
21-12-2022 18:00,2101
21-12-2022 19:00,2033
21-12-2022 20:00,1961
21-12-2022 21:00,1861
21-12-2022 22:00,1756
21-12-2022 23:00,1653
22-12-2022 00:00,1524
22-12-2022 01:00,1480
22-12-2022 02:00,1500
22-12-2022 03:00,1512
22-12-2022 04:00,1511
22-12-2022 05:00,1526
22-12-2022 06:00,1628
22-12-2022 07:00,1799
22-12-2022 08:00,2010
22-12-2022 09:00,2108
22-12-2022 10:00,2094
22-12-2022 11:00,2068
22-12-2022 12:00,1995
22-12-2022 13:00,2070
22-12-2022 14:00,2061
22-12-2022 15:00,2023
22-12-2022 16:00,2078
22-12-2022 17:00,2142
22-12-2022 18:00,2132
22-12-2022 19:00,2075
22-12-2022 20:00,2021
22-12-2022 21:00,1960
22-12-2022 22:00,1858
22-12-2022 23:00,1768
23-12-2022 00:00,1664
23-12-2022 01:00,1626
23-12-2022 02:00,1639
23-12-2022 03:00,1640
23-12-2022 04:00,1634
23-12-2022 05:00,1653
23-12-2022 06:00,1843
23-12-2022 07:00,2066
23-12-2022 08:00,2313
23-12-2022 09:00,2435
23-12-2022 10:00,2383
23-12-2022 11:00,2332
23-12-2022 12:00,2246
23-12-2022 13:00,2272
23-12-2022 14:00,2271
23-12-2022 15:00,2278
23-12-2022 16:00,2348
23-12-2022 17:00,2384
23-12-2022 18:00,2354
23-12-2022 19:00,2283
23-12-2022 20:00,2217
23-12-2022 21:00,2129
23-12-2022 22:00,2015
23-12-2022 23:00,1920
24-12-2022 00:00,1791
24-12-2022 01:00,1708
24-12-2022 02:00,1695
24-12-2022 03:00,1665
24-12-2022 04:00,1620
24-12-2022 05:00,1586
24-12-2022 06:00,1660
24-12-2022 07:00,1819
24-12-2022 08:00,1995
24-12-2022 09:00,2052
24-12-2022 10:00,2003
24-12-2022 11:00,1940
24-12-2022 12:00,1852
24-12-2022 13:00,1826
24-12-2022 14:00,1787
24-12-2022 15:00,1787
24-12-2022 16:00,1854
24-12-2022 17:00,1952
24-12-2022 18:00,1959
24-12-2022 19:00,1939
24-12-2022 20:00,1891
24-12-2022 21:00,1826
24-12-2022 22:00,1735
24-12-2022 23:00,1660
25-12-2022 00:00,1565
25-12-2022 01:00,1517
25-12-2022 02:00,1504
25-12-2022 03:00,1500
25-12-2022 04:00,1463
25-12-2022 05:00,1425
25-12-2022 06:00,1441
25-12-2022 07:00,1552
25-12-2022 08:00,1672
25-12-2022 09:00,1706
25-12-2022 10:00,1672
25-12-2022 11:00,1649
25-12-2022 12:00,1609
25-12-2022 13:00,1574
25-12-2022 14:00,1548
25-12-2022 15:00,1577
25-12-2022 16:00,1668
25-12-2022 17:00,1823
25-12-2022 18:00,1850
25-12-2022 19:00,1847
25-12-2022 20:00,1830
25-12-2022 21:00,1766
25-12-2022 22:00,1670
25-12-2022 23:00,1596
26-12-2022 00:00,1513
26-12-2022 01:00,1476
26-12-2022 02:00,1491
26-12-2022 03:00,1500
26-12-2022 04:00,1485
26-12-2022 05:00,1508
26-12-2022 06:00,1678
26-12-2022 07:00,1892
26-12-2022 08:00,2127
26-12-2022 09:00,2223
26-12-2022 10:00,2187
26-12-2022 11:00,2127
26-12-2022 12:00,2028
26-12-2022 13:00,2085
26-12-2022 14:00,2076
26-12-2022 15:00,2075
26-12-2022 16:00,2119
26-12-2022 17:00,2160
26-12-2022 18:00,2130
26-12-2022 19:00,2071
26-12-2022 20:00,1992
26-12-2022 21:00,1908
26-12-2022 22:00,1820
26-12-2022 23:00,1717
27-12-2022 00:00,1600
27-12-2022 01:00,1546
27-12-2022 02:00,1552
27-12-2022 03:00,1545
27-12-2022 04:00,1537
27-12-2022 05:00,1560
27-12-2022 06:00,1706
27-12-2022 07:00,1871
27-12-2022 08:00,2082
27-12-2022 09:00,2126
27-12-2022 10:00,2086
27-12-2022 11:00,2045
27-12-2022 12:00,1956
27-12-2022 13:00,1976
27-12-2022 14:00,1946
27-12-2022 15:00,1943
27-12-2022 16:00,2002
27-12-2022 17:00,2061
27-12-2022 18:00,2050
27-12-2022 19:00,2016
27-12-2022 20:00,1964
27-12-2022 21:00,1888
27-12-2022 22:00,1782
27-12-2022 23:00,1694
28-12-2022 00:00,1595
28-12-2022 01:00,1547
28-12-2022 02:00,1561
28-12-2022 03:00,1554
28-12-2022 04:00,1535
28-12-2022 05:00,1544
28-12-2022 06:00,1683
28-12-2022 07:00,1847
28-12-2022 08:00,2042
28-12-2022 09:00,2066
28-12-2022 10:00,1978
28-12-2022 11:00,1889
28-12-2022 12:00,1796
28-12-2022 13:00,1788
28-12-2022 14:00,1744
28-12-2022 15:00,1731
28-12-2022 16:00,1787
28-12-2022 17:00,1857
28-12-2022 18:00,1856
28-12-2022 19:00,1826
28-12-2022 20:00,1781
28-12-2022 21:00,1719
28-12-2022 22:00,1606
28-12-2022 23:00,1523
29-12-2022 00:00,1424
29-12-2022 01:00,1374
29-12-2022 02:00,1386
29-12-2022 03:00,1402
29-12-2022 04:00,1391
29-12-2022 05:00,1376
29-12-2022 06:00,1440
29-12-2022 07:00,1556
29-12-2022 08:00,1669
29-12-2022 09:00,1666
29-12-2022 10:00,1605
29-12-2022 11:00,1566
29-12-2022 12:00,1538
29-12-2022 13:00,1521
29-12-2022 14:00,1494
29-12-2022 15:00,1487
29-12-2022 16:00,1563
29-12-2022 17:00,1699
29-12-2022 18:00,1726
29-12-2022 19:00,1713
29-12-2022 20:00,1684
29-12-2022 21:00,1625
29-12-2022 22:00,1528
29-12-2022 23:00,1465
30-12-2022 00:00,1382
30-12-2022 01:00,1336
30-12-2022 02:00,1350
30-12-2022 03:00,1353
30-12-2022 04:00,1333
30-12-2022 05:00,1309
30-12-2022 06:00,1354
30-12-2022 07:00,1462
30-12-2022 08:00,1558
30-12-2022 09:00,1552
30-12-2022 10:00,1506
30-12-2022 11:00,1487
30-12-2022 12:00,1457
30-12-2022 13:00,1442
30-12-2022 14:00,1406
30-12-2022 15:00,1409
30-12-2022 16:00,1489
30-12-2022 17:00,1632
30-12-2022 18:00,1678
30-12-2022 19:00,1672
30-12-2022 20:00,1645
30-12-2022 21:00,1596
30-12-2022 22:00,1504
30-12-2022 23:00,1446
31-12-2022 00:00,1370
31-12-2022 01:00,1326
31-12-2022 02:00,1338
31-12-2022 03:00,1335
31-12-2022 04:00,1307
31-12-2022 05:00,1268
31-12-2022 06:00,1302
31-12-2022 07:00,1396
31-12-2022 08:00,1489
31-12-2022 09:00,1492
31-12-2022 10:00,1442
31-12-2022 11:00,1399
31-12-2022 12:00,1387
31-12-2022 13:00,1351
31-12-2022 14:00,1319
31-12-2022 15:00,1329
31-12-2022 16:00,1412
31-12-2022 17:00,1562
31-12-2022 18:00,1602
31-12-2022 19:00,1587
31-12-2022 20:00,1559
31-12-2022 21:00,1523
31-12-2022 22:00,1458
31-12-2022 23:00,1442
01-01-2023 00:00,1380
01-01-2023 01:00,1331
01-01-2023 02:00,1327
01-01-2023 03:00,1310
01-01-2023 04:00,1267
01-01-2023 05:00,1218
01-01-2023 06:00,1218
01-01-2023 07:00,1279
01-01-2023 08:00,1367
01-01-2023 09:00,1365
01-01-2023 10:00,1328
01-01-2023 11:00,1286
01-01-2023 12:00,1258
01-01-2023 13:00,1234
01-01-2023 14:00,1226
01-01-2023 15:00,1222
01-01-2023 16:00,1285
01-01-2023 17:00,1412
01-01-2023 18:00,1458
01-01-2023 19:00,1455
01-01-2023 20:00,1451
01-01-2023 21:00,1439
01-01-2023 22:00,1388
01-01-2023 23:00,1337
02-01-2023 00:00,1251
02-01-2023 01:00,1210
02-01-2023 02:00,1230
02-01-2023 03:00,1236
02-01-2023 04:00,1215
02-01-2023 05:00,1187
02-01-2023 06:00,1202
02-01-2023 07:00,1287
02-01-2023 08:00,1422
02-01-2023 09:00,1468
02-01-2023 10:00,1442
02-01-2023 11:00,1405
02-01-2023 12:00,1368
02-01-2023 13:00,1321
02-01-2023 14:00,1313
02-01-2023 15:00,1333
02-01-2023 16:00,1393
02-01-2023 17:00,1524
02-01-2023 18:00,1575
02-01-2023 19:00,1570
02-01-2023 20:00,1567
02-01-2023 21:00,1541
02-01-2023 22:00,1470
02-01-2023 23:00,1422
03-01-2023 00:00,1342
03-01-2023 01:00,1305
03-01-2023 02:00,1324
03-01-2023 03:00,1321
03-01-2023 04:00,1290
03-01-2023 05:00,1262
03-01-2023 06:00,1291
03-01-2023 07:00,1381
03-01-2023 08:00,1483
03-01-2023 09:00,1495
03-01-2023 10:00,1455
03-01-2023 11:00,1419
03-01-2023 12:00,1398
03-01-2023 13:00,1362
03-01-2023 14:00,1331
03-01-2023 15:00,1352
03-01-2023 16:00,1427
03-01-2023 17:00,1574
03-01-2023 18:00,1632
03-01-2023 19:00,1629
03-01-2023 20:00,1613
03-01-2023 21:00,1568
03-01-2023 22:00,1486
03-01-2023 23:00,1432
04-01-2023 00:00,1343
04-01-2023 01:00,1297
04-01-2023 02:00,1317
04-01-2023 03:00,1321
04-01-2023 04:00,1300
04-01-2023 05:00,1292
04-01-2023 06:00,1378
04-01-2023 07:00,1518
04-01-2023 08:00,1658
04-01-2023 09:00,1695
04-01-2023 10:00,1686
04-01-2023 11:00,1665
04-01-2023 12:00,1639
04-01-2023 13:00,1619
04-01-2023 14:00,1607
04-01-2023 15:00,1604
04-01-2023 16:00,1682
04-01-2023 17:00,1811
04-01-2023 18:00,1843
04-01-2023 19:00,1823
04-01-2023 20:00,1781
04-01-2023 21:00,1699
04-01-2023 22:00,1584
04-01-2023 23:00,1497
05-01-2023 00:00,1397
05-01-2023 01:00,1361
05-01-2023 02:00,1376
05-01-2023 03:00,1382
05-01-2023 04:00,1370
05-01-2023 05:00,1400
05-01-2023 06:00,1551
05-01-2023 07:00,1757
05-01-2023 08:00,1966
05-01-2023 09:00,2060
05-01-2023 10:00,2031
05-01-2023 11:00,1997
05-01-2023 12:00,1910
05-01-2023 13:00,1926
05-01-2023 14:00,1903
05-01-2023 15:00,1900
05-01-2023 16:00,1951
05-01-2023 17:00,2000
05-01-2023 18:00,1993
05-01-2023 19:00,1952
05-01-2023 20:00,1900
05-01-2023 21:00,1824
05-01-2023 22:00,1727
05-01-2023 23:00,1634
06-01-2023 00:00,1534
06-01-2023 01:00,1480
06-01-2023 02:00,1494
06-01-2023 03:00,1493
06-01-2023 04:00,1487
06-01-2023 05:00,1509
06-01-2023 06:00,1650
06-01-2023 07:00,1852
06-01-2023 08:00,2078
06-01-2023 09:00,2159
06-01-2023 10:00,2089
06-01-2023 11:00,2042
06-01-2023 12:00,1941
06-01-2023 13:00,1962
06-01-2023 14:00,1949
06-01-2023 15:00,1926
06-01-2023 16:00,1976
06-01-2023 17:00,2020
06-01-2023 18:00,2002
06-01-2023 19:00,1952
06-01-2023 20:00,1896
06-01-2023 21:00,1835
06-01-2023 22:00,1746
06-01-2023 23:00,1672
07-01-2023 00:00,1571
07-01-2023 01:00,1524
07-01-2023 02:00,1538
07-01-2023 03:00,1535
07-01-2023 04:00,1502
07-01-2023 05:00,1493
07-01-2023 06:00,1562
07-01-2023 07:00,1693
07-01-2023 08:00,1902
07-01-2023 09:00,1969
07-01-2023 10:00,1918
07-01-2023 11:00,1872
07-01-2023 12:00,1815
07-01-2023 13:00,1843
07-01-2023 14:00,1849
07-01-2023 15:00,1835
07-01-2023 16:00,1856
07-01-2023 17:00,1901
07-01-2023 18:00,1897
07-01-2023 19:00,1858
07-01-2023 20:00,1805
07-01-2023 21:00,1733
07-01-2023 22:00,1654
07-01-2023 23:00,1571
08-01-2023 00:00,1467
08-01-2023 01:00,1427
08-01-2023 02:00,1431
08-01-2023 03:00,1426
08-01-2023 04:00,1402
08-01-2023 05:00,1369
08-01-2023 06:00,1398
08-01-2023 07:00,1486
08-01-2023 08:00,1599
08-01-2023 09:00,1672
08-01-2023 10:00,1646
08-01-2023 11:00,1592
08-01-2023 12:00,1565
08-01-2023 13:00,1524
08-01-2023 14:00,1511
08-01-2023 15:00,1522
08-01-2023 16:00,1574
08-01-2023 17:00,1705
08-01-2023 18:00,1750
08-01-2023 19:00,1741
08-01-2023 20:00,1723
08-01-2023 21:00,1667
08-01-2023 22:00,1573
08-01-2023 23:00,1514
09-01-2023 00:00,1437
09-01-2023 01:00,1408
09-01-2023 02:00,1428
09-01-2023 03:00,1435
09-01-2023 04:00,1416
09-01-2023 05:00,1403
09-01-2023 06:00,1467
09-01-2023 07:00,1585
09-01-2023 08:00,1744
09-01-2023 09:00,1828
09-01-2023 10:00,1811
09-01-2023 11:00,1766
09-01-2023 12:00,1698
09-01-2023 13:00,1674
09-01-2023 14:00,1643
09-01-2023 15:00,1625
09-01-2023 16:00,1686
09-01-2023 17:00,1804
09-01-2023 18:00,1827
09-01-2023 19:00,1804
09-01-2023 20:00,1765
09-01-2023 21:00,1691
09-01-2023 22:00,1575
09-01-2023 23:00,1492
10-01-2023 00:00,1384
10-01-2023 01:00,1365
10-01-2023 02:00,1411
10-01-2023 03:00,1446
10-01-2023 04:00,1463
10-01-2023 05:00,1503
10-01-2023 06:00,1651
10-01-2023 07:00,1848
10-01-2023 08:00,2058
10-01-2023 09:00,2161
10-01-2023 10:00,2134
10-01-2023 11:00,2112
10-01-2023 12:00,2018
10-01-2023 13:00,2063
10-01-2023 14:00,2031
10-01-2023 15:00,2028
10-01-2023 16:00,2079
10-01-2023 17:00,2131
10-01-2023 18:00,2121
10-01-2023 19:00,2060
10-01-2023 20:00,1999
10-01-2023 21:00,1931
10-01-2023 22:00,1827
10-01-2023 23:00,1741
11-01-2023 00:00,1635
11-01-2023 01:00,1595
11-01-2023 02:00,1608
11-01-2023 03:00,1614
11-01-2023 04:00,1600
11-01-2023 05:00,1638
11-01-2023 06:00,1822
11-01-2023 07:00,2032
11-01-2023 08:00,2218
11-01-2023 09:00,2294
11-01-2023 10:00,2195
11-01-2023 11:00,2109
11-01-2023 12:00,1963
11-01-2023 13:00,1981
11-01-2023 14:00,1941
11-01-2023 15:00,1943
11-01-2023 16:00,2019
11-01-2023 17:00,2098
11-01-2023 18:00,2104
11-01-2023 19:00,2068
11-01-2023 20:00,2017
11-01-2023 21:00,1951
11-01-2023 22:00,1845
11-01-2023 23:00,1762
12-01-2023 00:00,1657
12-01-2023 01:00,1614
12-01-2023 02:00,1623
12-01-2023 03:00,1621
12-01-2023 04:00,1604
12-01-2023 05:00,1635
12-01-2023 06:00,1820
12-01-2023 07:00,2022
12-01-2023 08:00,2200
12-01-2023 09:00,2257
12-01-2023 10:00,2177
12-01-2023 11:00,2087
12-01-2023 12:00,1941
12-01-2023 13:00,1954
12-01-2023 14:00,1910
12-01-2023 15:00,1878
12-01-2023 16:00,1927
12-01-2023 17:00,1998
12-01-2023 18:00,2011
12-01-2023 19:00,1964
12-01-2023 20:00,1905
12-01-2023 21:00,1842
12-01-2023 22:00,1739
12-01-2023 23:00,1646
13-01-2023 00:00,1546
13-01-2023 01:00,1505
13-01-2023 02:00,1536
13-01-2023 03:00,1552
13-01-2023 04:00,1545
13-01-2023 05:00,1567
13-01-2023 06:00,1715
13-01-2023 07:00,1878
13-01-2023 08:00,2046
13-01-2023 09:00,2110
13-01-2023 10:00,2065
13-01-2023 11:00,2018
13-01-2023 12:00,1909
13-01-2023 13:00,1951
13-01-2023 14:00,1935
13-01-2023 15:00,1913
13-01-2023 16:00,1945
13-01-2023 17:00,1943
13-01-2023 18:00,1902
13-01-2023 19:00,1840
13-01-2023 20:00,1764
13-01-2023 21:00,1686
13-01-2023 22:00,1609
13-01-2023 23:00,1518
14-01-2023 00:00,1438
14-01-2023 01:00,1401
14-01-2023 02:00,1425
14-01-2023 03:00,1434
14-01-2023 04:00,1400
14-01-2023 05:00,1352
14-01-2023 06:00,1360
14-01-2023 07:00,1467
14-01-2023 08:00,1646
14-01-2023 09:00,1757
14-01-2023 10:00,1760
14-01-2023 11:00,1739
14-01-2023 12:00,1687
14-01-2023 13:00,1675
14-01-2023 14:00,1642
14-01-2023 15:00,1613
14-01-2023 16:00,1634
14-01-2023 17:00,1665
14-01-2023 18:00,1663
14-01-2023 19:00,1622
14-01-2023 20:00,1575
14-01-2023 21:00,1507
14-01-2023 22:00,1429
14-01-2023 23:00,1371
15-01-2023 00:00,1290
15-01-2023 01:00,1261
15-01-2023 02:00,1296
15-01-2023 03:00,1320
15-01-2023 04:00,1301
15-01-2023 05:00,1244
15-01-2023 06:00,1239
15-01-2023 07:00,1311
15-01-2023 08:00,1431
15-01-2023 09:00,1497
15-01-2023 10:00,1487
15-01-2023 11:00,1489
15-01-2023 12:00,1497
15-01-2023 13:00,1483
15-01-2023 14:00,1468
15-01-2023 15:00,1468
15-01-2023 16:00,1504
15-01-2023 17:00,1615
15-01-2023 18:00,1656
15-01-2023 19:00,1637
15-01-2023 20:00,1601
15-01-2023 21:00,1525
15-01-2023 22:00,1439
15-01-2023 23:00,1364
16-01-2023 00:00,1283
16-01-2023 01:00,1260
16-01-2023 02:00,1306
16-01-2023 03:00,1334
16-01-2023 04:00,1341
16-01-2023 05:00,1356
16-01-2023 06:00,1466
16-01-2023 07:00,1649
16-01-2023 08:00,1894
16-01-2023 09:00,2029
16-01-2023 10:00,2033
16-01-2023 11:00,2005
16-01-2023 12:00,1897
16-01-2023 13:00,1942
16-01-2023 14:00,1918
16-01-2023 15:00,1917
16-01-2023 16:00,1973
16-01-2023 17:00,2029
16-01-2023 18:00,2035
16-01-2023 19:00,1976
16-01-2023 20:00,1911
16-01-2023 21:00,1842
16-01-2023 22:00,1745
16-01-2023 23:00,1647
17-01-2023 00:00,1548
17-01-2023 01:00,1499
17-01-2023 02:00,1528
17-01-2023 03:00,1549
17-01-2023 04:00,1543
17-01-2023 05:00,1567
17-01-2023 06:00,1727
17-01-2023 07:00,1913
17-01-2023 08:00,2112
17-01-2023 09:00,2171
17-01-2023 10:00,2101
17-01-2023 11:00,2052
17-01-2023 12:00,1934
17-01-2023 13:00,1963
17-01-2023 14:00,1942
17-01-2023 15:00,1934
17-01-2023 16:00,1988
17-01-2023 17:00,2054
17-01-2023 18:00,2056
17-01-2023 19:00,1989
17-01-2023 20:00,1916
17-01-2023 21:00,1847
17-01-2023 22:00,1745
17-01-2023 23:00,1651
18-01-2023 00:00,1549
18-01-2023 01:00,1504
18-01-2023 02:00,1525
18-01-2023 03:00,1547
18-01-2023 04:00,1533
18-01-2023 05:00,1559
18-01-2023 06:00,1695
18-01-2023 07:00,1870
18-01-2023 08:00,2104
18-01-2023 09:00,2178
18-01-2023 10:00,2103
18-01-2023 11:00,2067
18-01-2023 12:00,1968
18-01-2023 13:00,2032
18-01-2023 14:00,1992
18-01-2023 15:00,1980
18-01-2023 16:00,2026
18-01-2023 17:00,2059
18-01-2023 18:00,2053
18-01-2023 19:00,1999
18-01-2023 20:00,1937
18-01-2023 21:00,1862
18-01-2023 22:00,1763
18-01-2023 23:00,1671
19-01-2023 00:00,1575
19-01-2023 01:00,1535
19-01-2023 02:00,1560
19-01-2023 03:00,1572
19-01-2023 04:00,1573
19-01-2023 05:00,1604
19-01-2023 06:00,1767
19-01-2023 07:00,1943
19-01-2023 08:00,2102
19-01-2023 09:00,2160
19-01-2023 10:00,2102
19-01-2023 11:00,2067
19-01-2023 12:00,1935
19-01-2023 13:00,1964
19-01-2023 14:00,1937
19-01-2023 15:00,1931
19-01-2023 16:00,1970
19-01-2023 17:00,2039
19-01-2023 18:00,2058
19-01-2023 19:00,2010
19-01-2023 20:00,1945
19-01-2023 21:00,1886
19-01-2023 22:00,1782
19-01-2023 23:00,1692
20-01-2023 00:00,1591
20-01-2023 01:00,1544
20-01-2023 02:00,1573
20-01-2023 03:00,1587
20-01-2023 04:00,1579
20-01-2023 05:00,1609
20-01-2023 06:00,1763
20-01-2023 07:00,1959
20-01-2023 08:00,2139
20-01-2023 09:00,2191
20-01-2023 10:00,2107
20-01-2023 11:00,2070
20-01-2023 12:00,1949
20-01-2023 13:00,1994
20-01-2023 14:00,1968
20-01-2023 15:00,1967
20-01-2023 16:00,2010
20-01-2023 17:00,2038
20-01-2023 18:00,2034
20-01-2023 19:00,1980
20-01-2023 20:00,1917
20-01-2023 21:00,1858
20-01-2023 22:00,1775
20-01-2023 23:00,1693
21-01-2023 00:00,1597
21-01-2023 01:00,1555
21-01-2023 02:00,1571
21-01-2023 03:00,1579
21-01-2023 04:00,1551
21-01-2023 05:00,1519
21-01-2023 06:00,1578
21-01-2023 07:00,1697
21-01-2023 08:00,1857
21-01-2023 09:00,1909
21-01-2023 10:00,1863
21-01-2023 11:00,1831
21-01-2023 12:00,1765
21-01-2023 13:00,1758
21-01-2023 14:00,1742
21-01-2023 15:00,1735
21-01-2023 16:00,1785
21-01-2023 17:00,1888
21-01-2023 18:00,1939
21-01-2023 19:00,1924
21-01-2023 20:00,1894
21-01-2023 21:00,1831
21-01-2023 22:00,1733
21-01-2023 23:00,1674
22-01-2023 00:00,1595
22-01-2023 01:00,1541
22-01-2023 02:00,1546
22-01-2023 03:00,1547
22-01-2023 04:00,1511
22-01-2023 05:00,1485
22-01-2023 06:00,1532
22-01-2023 07:00,1638
22-01-2023 08:00,1745
22-01-2023 09:00,1765
22-01-2023 10:00,1729
22-01-2023 11:00,1706
22-01-2023 12:00,1663
22-01-2023 13:00,1619
22-01-2023 14:00,1585
22-01-2023 15:00,1596
22-01-2023 16:00,1652
22-01-2023 17:00,1800
22-01-2023 18:00,1864
22-01-2023 19:00,1861
22-01-2023 20:00,1830
22-01-2023 21:00,1751
22-01-2023 22:00,1631
22-01-2023 23:00,1542
23-01-2023 00:00,1444
23-01-2023 01:00,1404
23-01-2023 02:00,1429
23-01-2023 03:00,1454
23-01-2023 04:00,1452
23-01-2023 05:00,1493
23-01-2023 06:00,1668
23-01-2023 07:00,1903
23-01-2023 08:00,2172
23-01-2023 09:00,2326
23-01-2023 10:00,2303
23-01-2023 11:00,2256
23-01-2023 12:00,2148
23-01-2023 13:00,2185
23-01-2023 14:00,2150
23-01-2023 15:00,2143
23-01-2023 16:00,2155
23-01-2023 17:00,2161
23-01-2023 18:00,2134
23-01-2023 19:00,2065
23-01-2023 20:00,1978
23-01-2023 21:00,1914
23-01-2023 22:00,1797
23-01-2023 23:00,1696
24-01-2023 00:00,1573
24-01-2023 01:00,1536
24-01-2023 02:00,1552
24-01-2023 03:00,1559
24-01-2023 04:00,1549
24-01-2023 05:00,1581
24-01-2023 06:00,1735
24-01-2023 07:00,1904
24-01-2023 08:00,2097
24-01-2023 09:00,2221
24-01-2023 10:00,2206
24-01-2023 11:00,2201
24-01-2023 12:00,2126
24-01-2023 13:00,2192
24-01-2023 14:00,2186
24-01-2023 15:00,2172
24-01-2023 16:00,2271
24-01-2023 17:00,2358
24-01-2023 18:00,2368
24-01-2023 19:00,2325
24-01-2023 20:00,2264
24-01-2023 21:00,2182
24-01-2023 22:00,2068
24-01-2023 23:00,1974
25-01-2023 00:00,1842
25-01-2023 01:00,1775
25-01-2023 02:00,1766
25-01-2023 03:00,1757
25-01-2023 04:00,1742
25-01-2023 05:00,1781
25-01-2023 06:00,1969
25-01-2023 07:00,2168
25-01-2023 08:00,2407
25-01-2023 09:00,2544
25-01-2023 10:00,2528
25-01-2023 11:00,2496
25-01-2023 12:00,2372
25-01-2023 13:00,2366
25-01-2023 14:00,2331
25-01-2023 15:00,2308
25-01-2023 16:00,2336
25-01-2023 17:00,2375
25-01-2023 18:00,2369
25-01-2023 19:00,2310
25-01-2023 20:00,2238
25-01-2023 21:00,2147
25-01-2023 22:00,2014
25-01-2023 23:00,1914
26-01-2023 00:00,1814
26-01-2023 01:00,1750
26-01-2023 02:00,1746
26-01-2023 03:00,1738
26-01-2023 04:00,1726
26-01-2023 05:00,1769
26-01-2023 06:00,1973
26-01-2023 07:00,2177
26-01-2023 08:00,2399
26-01-2023 09:00,2528
26-01-2023 10:00,2484
26-01-2023 11:00,2422
26-01-2023 12:00,2294
26-01-2023 13:00,2312
26-01-2023 14:00,2283
26-01-2023 15:00,2256
26-01-2023 16:00,2289
26-01-2023 17:00,2330
26-01-2023 18:00,2340
26-01-2023 19:00,2277
26-01-2023 20:00,2200
26-01-2023 21:00,2128
26-01-2023 22:00,1992
26-01-2023 23:00,1891
27-01-2023 00:00,1754
27-01-2023 01:00,1691
27-01-2023 02:00,1676
27-01-2023 03:00,1666
27-01-2023 04:00,1646
27-01-2023 05:00,1680
27-01-2023 06:00,1860
27-01-2023 07:00,2068
27-01-2023 08:00,2346
27-01-2023 09:00,2530
27-01-2023 10:00,2557
27-01-2023 11:00,2561
27-01-2023 12:00,2462
27-01-2023 13:00,2493
27-01-2023 14:00,2415
27-01-2023 15:00,2337
27-01-2023 16:00,2330
27-01-2023 17:00,2327
27-01-2023 18:00,2311
27-01-2023 19:00,2245
27-01-2023 20:00,2177
27-01-2023 21:00,2098
27-01-2023 22:00,1983
27-01-2023 23:00,1891
28-01-2023 00:00,1792
28-01-2023 01:00,1732
28-01-2023 02:00,1715
28-01-2023 03:00,1683
28-01-2023 04:00,1640
28-01-2023 05:00,1623
28-01-2023 06:00,1699
28-01-2023 07:00,1842
28-01-2023 08:00,2063
28-01-2023 09:00,2160
28-01-2023 10:00,2121
28-01-2023 11:00,2067
28-01-2023 12:00,1992
28-01-2023 13:00,1958
28-01-2023 14:00,1918
28-01-2023 15:00,1911
28-01-2023 16:00,1952
28-01-2023 17:00,2049
28-01-2023 18:00,2095
28-01-2023 19:00,2070
28-01-2023 20:00,2037
28-01-2023 21:00,1975
28-01-2023 22:00,1876
28-01-2023 23:00,1819
29-01-2023 00:00,1728
29-01-2023 01:00,1672
29-01-2023 02:00,1656
29-01-2023 03:00,1620
29-01-2023 04:00,1582
29-01-2023 05:00,1550
29-01-2023 06:00,1603
29-01-2023 07:00,1719
29-01-2023 08:00,1859
29-01-2023 09:00,1927
29-01-2023 10:00,1883
29-01-2023 11:00,1840
29-01-2023 12:00,1802
29-01-2023 13:00,1747
29-01-2023 14:00,1711
29-01-2023 15:00,1707
29-01-2023 16:00,1762
29-01-2023 17:00,1916
29-01-2023 18:00,2011
29-01-2023 19:00,2014
29-01-2023 20:00,1986
29-01-2023 21:00,1923
29-01-2023 22:00,1788
29-01-2023 23:00,1699
30-01-2023 00:00,1607
30-01-2023 01:00,1557
30-01-2023 02:00,1570
30-01-2023 03:00,1566
30-01-2023 04:00,1556
30-01-2023 05:00,1604
30-01-2023 06:00,1818
30-01-2023 07:00,2056
30-01-2023 08:00,2300
30-01-2023 09:00,2391
30-01-2023 10:00,2354
30-01-2023 11:00,2295
30-01-2023 12:00,2168
30-01-2023 13:00,2201
30-01-2023 14:00,2176
30-01-2023 15:00,2179
30-01-2023 16:00,2216
30-01-2023 17:00,2272
30-01-2023 18:00,2294
30-01-2023 19:00,2240
30-01-2023 20:00,2165
30-01-2023 21:00,2098
30-01-2023 22:00,1972
30-01-2023 23:00,1871
31-01-2023 00:00,1753
31-01-2023 01:00,1695
31-01-2023 02:00,1698
31-01-2023 03:00,1691
31-01-2023 04:00,1679
31-01-2023 05:00,1722
31-01-2023 06:00,1919
31-01-2023 07:00,2121
31-01-2023 08:00,2307
31-01-2023 09:00,2391
31-01-2023 10:00,2343
31-01-2023 11:00,2295
31-01-2023 12:00,2166
31-01-2023 13:00,2188
31-01-2023 14:00,2124
31-01-2023 15:00,2072
31-01-2023 16:00,2101
31-01-2023 17:00,2165
31-01-2023 18:00,2211
31-01-2023 19:00,2188
31-01-2023 20:00,2140
31-01-2023 21:00,2063
31-01-2023 22:00,1941
31-01-2023 23:00,1853
01-02-2023 00:00,1735
01-02-2023 01:00,1679
01-02-2023 02:00,1687
01-02-2023 03:00,1681
01-02-2023 04:00,1666
01-02-2023 05:00,1707
01-02-2023 06:00,1902
01-02-2023 07:00,2102
01-02-2023 08:00,2326
01-02-2023 09:00,2363
01-02-2023 10:00,2298
01-02-2023 11:00,2236
01-02-2023 12:00,2112
01-02-2023 13:00,2165
01-02-2023 14:00,2150
01-02-2023 15:00,2138
01-02-2023 16:00,2160
01-02-2023 17:00,2160
01-02-2023 18:00,2138
01-02-2023 19:00,2074
01-02-2023 20:00,1996
01-02-2023 21:00,1911
01-02-2023 22:00,1803
01-02-2023 23:00,1688
02-02-2023 00:00,1578
02-02-2023 01:00,1527
02-02-2023 02:00,1548
02-02-2023 03:00,1563
02-02-2023 04:00,1567
02-02-2023 05:00,1607
02-02-2023 06:00,1774
02-02-2023 07:00,1952
02-02-2023 08:00,2177
02-02-2023 09:00,2284
02-02-2023 10:00,2237
02-02-2023 11:00,2193
02-02-2023 12:00,2100
02-02-2023 13:00,2155
02-02-2023 14:00,2154
02-02-2023 15:00,2149
02-02-2023 16:00,2191
02-02-2023 17:00,2212
02-02-2023 18:00,2205
02-02-2023 19:00,2139
02-02-2023 20:00,2070
02-02-2023 21:00,1989
02-02-2023 22:00,1867
02-02-2023 23:00,1772
03-02-2023 00:00,1659
03-02-2023 01:00,1611
03-02-2023 02:00,1619
03-02-2023 03:00,1620
03-02-2023 04:00,1612
03-02-2023 05:00,1649
03-02-2023 06:00,1832
03-02-2023 07:00,2016
03-02-2023 08:00,2243
03-02-2023 09:00,2338
03-02-2023 10:00,2293
03-02-2023 11:00,2233
03-02-2023 12:00,2113
03-02-2023 13:00,2160
03-02-2023 14:00,2138
03-02-2023 15:00,2104
03-02-2023 16:00,2095
03-02-2023 17:00,2112
03-02-2023 18:00,2127
03-02-2023 19:00,2085
03-02-2023 20:00,2046
03-02-2023 21:00,1983
03-02-2023 22:00,1895
03-02-2023 23:00,1813
04-02-2023 00:00,1721
04-02-2023 01:00,1663
04-02-2023 02:00,1662
04-02-2023 03:00,1650
04-02-2023 04:00,1610
04-02-2023 05:00,1592
04-02-2023 06:00,1671
04-02-2023 07:00,1793
04-02-2023 08:00,1931
04-02-2023 09:00,1947
04-02-2023 10:00,1894
04-02-2023 11:00,1832
04-02-2023 12:00,1766
04-02-2023 13:00,1743
04-02-2023 14:00,1702
04-02-2023 15:00,1693
04-02-2023 16:00,1721
04-02-2023 17:00,1811
04-02-2023 18:00,1869
04-02-2023 19:00,1851
04-02-2023 20:00,1815
04-02-2023 21:00,1753
04-02-2023 22:00,1662
04-02-2023 23:00,1610
05-02-2023 00:00,1534
05-02-2023 01:00,1498
05-02-2023 02:00,1512
05-02-2023 03:00,1511
05-02-2023 04:00,1482
05-02-2023 05:00,1449
05-02-2023 06:00,1482
05-02-2023 07:00,1575
05-02-2023 08:00,1674
05-02-2023 09:00,1703
05-02-2023 10:00,1647
05-02-2023 11:00,1595
05-02-2023 12:00,1558
05-02-2023 13:00,1514
05-02-2023 14:00,1480
05-02-2023 15:00,1484
05-02-2023 16:00,1547
05-02-2023 17:00,1701
05-02-2023 18:00,1805
05-02-2023 19:00,1814
05-02-2023 20:00,1803
05-02-2023 21:00,1749
05-02-2023 22:00,1640
05-02-2023 23:00,1582
06-02-2023 00:00,1509
06-02-2023 01:00,1491
06-02-2023 02:00,1513
06-02-2023 03:00,1518
06-02-2023 04:00,1515
06-02-2023 05:00,1566
06-02-2023 06:00,1768
06-02-2023 07:00,1970
06-02-2023 08:00,2158
06-02-2023 09:00,2228
06-02-2023 10:00,2158
06-02-2023 11:00,2092
06-02-2023 12:00,1961
06-02-2023 13:00,2016
06-02-2023 14:00,1996
06-02-2023 15:00,1991
06-02-2023 16:00,2036
06-02-2023 17:00,2064
06-02-2023 18:00,2071
06-02-2023 19:00,2011
06-02-2023 20:00,1943
06-02-2023 21:00,1865
06-02-2023 22:00,1750
06-02-2023 23:00,1647
07-02-2023 00:00,1537
07-02-2023 01:00,1501
07-02-2023 02:00,1521
07-02-2023 03:00,1534
07-02-2023 04:00,1525
07-02-2023 05:00,1558
07-02-2023 06:00,1704
07-02-2023 07:00,1862
07-02-2023 08:00,2092
07-02-2023 09:00,2184
07-02-2023 10:00,2112
07-02-2023 11:00,2046
07-02-2023 12:00,1934
07-02-2023 13:00,2004
07-02-2023 14:00,1978
07-02-2023 15:00,1970
07-02-2023 16:00,1987
07-02-2023 17:00,1991
07-02-2023 18:00,1981
07-02-2023 19:00,1917
07-02-2023 20:00,1845
07-02-2023 21:00,1779
07-02-2023 22:00,1670
07-02-2023 23:00,1580
08-02-2023 00:00,1476
08-02-2023 01:00,1450
08-02-2023 02:00,1478
08-02-2023 03:00,1508
08-02-2023 04:00,1515
08-02-2023 05:00,1539
08-02-2023 06:00,1673
08-02-2023 07:00,1817
08-02-2023 08:00,2004
08-02-2023 09:00,2110
08-02-2023 10:00,2099
08-02-2023 11:00,2049
08-02-2023 12:00,1937
08-02-2023 13:00,1977
08-02-2023 14:00,1946
08-02-2023 15:00,1930
08-02-2023 16:00,1951
08-02-2023 17:00,1991
08-02-2023 18:00,2026
08-02-2023 19:00,1979
08-02-2023 20:00,1924
08-02-2023 21:00,1859
08-02-2023 22:00,1757
08-02-2023 23:00,1672
09-02-2023 00:00,1571
09-02-2023 01:00,1538
09-02-2023 02:00,1561
09-02-2023 03:00,1568
09-02-2023 04:00,1563
09-02-2023 05:00,1596
09-02-2023 06:00,1757
09-02-2023 07:00,1931
09-02-2023 08:00,2100
09-02-2023 09:00,2171
09-02-2023 10:00,2148
09-02-2023 11:00,2107
09-02-2023 12:00,1971
09-02-2023 13:00,2018
09-02-2023 14:00,1987
09-02-2023 15:00,1970
09-02-2023 16:00,2010
09-02-2023 17:00,2069
09-02-2023 18:00,2119
09-02-2023 19:00,2080
09-02-2023 20:00,2025
09-02-2023 21:00,1965
09-02-2023 22:00,1842
09-02-2023 23:00,1743
10-02-2023 00:00,1633
10-02-2023 01:00,1579
10-02-2023 02:00,1590
10-02-2023 03:00,1591
10-02-2023 04:00,1580
10-02-2023 05:00,1591
10-02-2023 06:00,1750
10-02-2023 07:00,1965
10-02-2023 08:00,2217
10-02-2023 09:00,2351
10-02-2023 10:00,2332
10-02-2023 11:00,2290
10-02-2023 12:00,2144
10-02-2023 13:00,2171
10-02-2023 14:00,2163
10-02-2023 15:00,2151
10-02-2023 16:00,2151
10-02-2023 17:00,2106
10-02-2023 18:00,2062
10-02-2023 19:00,1983
10-02-2023 20:00,1910
10-02-2023 21:00,1835
10-02-2023 22:00,1737
10-02-2023 23:00,1646
11-02-2023 00:00,1533
11-02-2023 01:00,1484
11-02-2023 02:00,1496
11-02-2023 03:00,1500
11-02-2023 04:00,1477
11-02-2023 05:00,1441
11-02-2023 06:00,1455
11-02-2023 07:00,1525
11-02-2023 08:00,1618
11-02-2023 09:00,1657
11-02-2023 10:00,1621
11-02-2023 11:00,1616
11-02-2023 12:00,1554
11-02-2023 13:00,1519
11-02-2023 14:00,1492
11-02-2023 15:00,1489
11-02-2023 16:00,1539
11-02-2023 17:00,1645
11-02-2023 18:00,1703
11-02-2023 19:00,1692
11-02-2023 20:00,1674
11-02-2023 21:00,1611
11-02-2023 22:00,1516
11-02-2023 23:00,1467
12-02-2023 00:00,1369
12-02-2023 01:00,1343
12-02-2023 02:00,1378
12-02-2023 03:00,1396
12-02-2023 04:00,1385
12-02-2023 05:00,1359
12-02-2023 06:00,1371
12-02-2023 07:00,1424
12-02-2023 08:00,1518
12-02-2023 09:00,1537
12-02-2023 10:00,1508
12-02-2023 11:00,1496
12-02-2023 12:00,1469
12-02-2023 13:00,1424
12-02-2023 14:00,1377
12-02-2023 15:00,1362
12-02-2023 16:00,1406
12-02-2023 17:00,1523
12-02-2023 18:00,1610
12-02-2023 19:00,1596
12-02-2023 20:00,1569
12-02-2023 21:00,1513
12-02-2023 22:00,1420
12-02-2023 23:00,1345
13-02-2023 00:00,1270
13-02-2023 01:00,1261
13-02-2023 02:00,1304
13-02-2023 03:00,1344
13-02-2023 04:00,1345
13-02-2023 05:00,1360
13-02-2023 06:00,1473
13-02-2023 07:00,1669
13-02-2023 08:00,1918
13-02-2023 09:00,2051
13-02-2023 10:00,2048
13-02-2023 11:00,2033
13-02-2023 12:00,1927
13-02-2023 13:00,1994
13-02-2023 14:00,1998
13-02-2023 15:00,1976
13-02-2023 16:00,1986
13-02-2023 17:00,1984
13-02-2023 18:00,1982
13-02-2023 19:00,1919
13-02-2023 20:00,1854
13-02-2023 21:00,1792
13-02-2023 22:00,1692
13-02-2023 23:00,1603
14-02-2023 00:00,1496
14-02-2023 01:00,1464
14-02-2023 02:00,1500
14-02-2023 03:00,1530
14-02-2023 04:00,1524
14-02-2023 05:00,1551
14-02-2023 06:00,1699
14-02-2023 07:00,1862
14-02-2023 08:00,2074
14-02-2023 09:00,2190
14-02-2023 10:00,2163
14-02-2023 11:00,2118
14-02-2023 12:00,2004
14-02-2023 13:00,2068
14-02-2023 14:00,2048
14-02-2023 15:00,2027
14-02-2023 16:00,2070
14-02-2023 17:00,2110
14-02-2023 18:00,2156
14-02-2023 19:00,2113
14-02-2023 20:00,2058
14-02-2023 21:00,1977
14-02-2023 22:00,1862
14-02-2023 23:00,1763
15-02-2023 00:00,1662
15-02-2023 01:00,1623
15-02-2023 02:00,1630
15-02-2023 03:00,1633
15-02-2023 04:00,1625
15-02-2023 05:00,1654
15-02-2023 06:00,1827
15-02-2023 07:00,2033
15-02-2023 08:00,2267
15-02-2023 09:00,2369
15-02-2023 10:00,2314
15-02-2023 11:00,2263
15-02-2023 12:00,2145
15-02-2023 13:00,2185
15-02-2023 14:00,2153
15-02-2023 15:00,2165
15-02-2023 16:00,2204
15-02-2023 17:00,2234
15-02-2023 18:00,2267
15-02-2023 19:00,2223
15-02-2023 20:00,2159
15-02-2023 21:00,2078
15-02-2023 22:00,1942
15-02-2023 23:00,1832
16-02-2023 00:00,1717
16-02-2023 01:00,1655
16-02-2023 02:00,1663
16-02-2023 03:00,1652
16-02-2023 04:00,1627
16-02-2023 05:00,1647
16-02-2023 06:00,1817
16-02-2023 07:00,2040
16-02-2023 08:00,2271
16-02-2023 09:00,2381
16-02-2023 10:00,2336
16-02-2023 11:00,2282
16-02-2023 12:00,2166
16-02-2023 13:00,2213
16-02-2023 14:00,2184
16-02-2023 15:00,2160
16-02-2023 16:00,2185
16-02-2023 17:00,2206
16-02-2023 18:00,2243
16-02-2023 19:00,2188
16-02-2023 20:00,2129
16-02-2023 21:00,2062
16-02-2023 22:00,1941
16-02-2023 23:00,1858
17-02-2023 00:00,1748
17-02-2023 01:00,1690
17-02-2023 02:00,1693
17-02-2023 03:00,1685
17-02-2023 04:00,1683
17-02-2023 05:00,1716
17-02-2023 06:00,1907
17-02-2023 07:00,2080
17-02-2023 08:00,2238
17-02-2023 09:00,2287
17-02-2023 10:00,2219
17-02-2023 11:00,2123
17-02-2023 12:00,2007
17-02-2023 13:00,2017
17-02-2023 14:00,1970
17-02-2023 15:00,1955
17-02-2023 16:00,1970
17-02-2023 17:00,1992
17-02-2023 18:00,2026
17-02-2023 19:00,1982
17-02-2023 20:00,1924
17-02-2023 21:00,1853
17-02-2023 22:00,1759
17-02-2023 23:00,1683
18-02-2023 00:00,1577
18-02-2023 01:00,1532
18-02-2023 02:00,1541
18-02-2023 03:00,1540
18-02-2023 04:00,1517
18-02-2023 05:00,1484
18-02-2023 06:00,1528
18-02-2023 07:00,1629
18-02-2023 08:00,1780
18-02-2023 09:00,1835
18-02-2023 10:00,1823
18-02-2023 11:00,1810
18-02-2023 12:00,1776
18-02-2023 13:00,1781
18-02-2023 14:00,1760
18-02-2023 15:00,1761
18-02-2023 16:00,1773
18-02-2023 17:00,1786
18-02-2023 18:00,1801
18-02-2023 19:00,1764
18-02-2023 20:00,1713
18-02-2023 21:00,1642
18-02-2023 22:00,1543
18-02-2023 23:00,1469
19-02-2023 00:00,1373
19-02-2023 01:00,1339
19-02-2023 02:00,1358
19-02-2023 03:00,1369
19-02-2023 04:00,1338
19-02-2023 05:00,1281
19-02-2023 06:00,1271
19-02-2023 07:00,1359
19-02-2023 08:00,1502
19-02-2023 09:00,1600
19-02-2023 10:00,1614
19-02-2023 11:00,1613
19-02-2023 12:00,1608
19-02-2023 13:00,1591
19-02-2023 14:00,1540
19-02-2023 15:00,1532
19-02-2023 16:00,1548
19-02-2023 17:00,1632
19-02-2023 18:00,1694
19-02-2023 19:00,1679
19-02-2023 20:00,1646
19-02-2023 21:00,1585
19-02-2023 22:00,1483
19-02-2023 23:00,1420
20-02-2023 00:00,1333
20-02-2023 01:00,1319
20-02-2023 02:00,1357
20-02-2023 03:00,1384
20-02-2023 04:00,1396
20-02-2023 05:00,1420
20-02-2023 06:00,1572
20-02-2023 07:00,1758
20-02-2023 08:00,1968
20-02-2023 09:00,2067
20-02-2023 10:00,2036
20-02-2023 11:00,2012
20-02-2023 12:00,1910
20-02-2023 13:00,1955
20-02-2023 14:00,1919
20-02-2023 15:00,1890
20-02-2023 16:00,1915
20-02-2023 17:00,1959
20-02-2023 18:00,2018
20-02-2023 19:00,1989
20-02-2023 20:00,1941
20-02-2023 21:00,1876
20-02-2023 22:00,1785
20-02-2023 23:00,1700
21-02-2023 00:00,1598
21-02-2023 01:00,1573
21-02-2023 02:00,1590
21-02-2023 03:00,1598
21-02-2023 04:00,1586
21-02-2023 05:00,1623
21-02-2023 06:00,1787
21-02-2023 07:00,1964
21-02-2023 08:00,2178
21-02-2023 09:00,2272
21-02-2023 10:00,2251
21-02-2023 11:00,2207
21-02-2023 12:00,2082
21-02-2023 13:00,2144
21-02-2023 14:00,2109
21-02-2023 15:00,2086
21-02-2023 16:00,2120
21-02-2023 17:00,2161
21-02-2023 18:00,2222
21-02-2023 19:00,2183
21-02-2023 20:00,2117
21-02-2023 21:00,2030
21-02-2023 22:00,1903
21-02-2023 23:00,1803
22-02-2023 00:00,1692
22-02-2023 01:00,1633
22-02-2023 02:00,1630
22-02-2023 03:00,1618
22-02-2023 04:00,1596
22-02-2023 05:00,1615
22-02-2023 06:00,1783
22-02-2023 07:00,1984
22-02-2023 08:00,2203
22-02-2023 09:00,2283
22-02-2023 10:00,2207
22-02-2023 11:00,2126
22-02-2023 12:00,2011
22-02-2023 13:00,2030
22-02-2023 14:00,1969
22-02-2023 15:00,1913
22-02-2023 16:00,1929
22-02-2023 17:00,1978
22-02-2023 18:00,2038
22-02-2023 19:00,2006
22-02-2023 20:00,1951
22-02-2023 21:00,1890
22-02-2023 22:00,1791
22-02-2023 23:00,1713
23-02-2023 00:00,1611
23-02-2023 01:00,1565
23-02-2023 02:00,1565
23-02-2023 03:00,1559
23-02-2023 04:00,1529
23-02-2023 05:00,1492
23-02-2023 06:00,1540
23-02-2023 07:00,1674
23-02-2023 08:00,1875
23-02-2023 09:00,1975
23-02-2023 10:00,1942
23-02-2023 11:00,1886
23-02-2023 12:00,1776
23-02-2023 13:00,1774
23-02-2023 14:00,1723
23-02-2023 15:00,1682
23-02-2023 16:00,1700
23-02-2023 17:00,1770
23-02-2023 18:00,1851
23-02-2023 19:00,1841
23-02-2023 20:00,1805
23-02-2023 21:00,1743
23-02-2023 22:00,1635
23-02-2023 23:00,1567
24-02-2023 00:00,1481
24-02-2023 01:00,1447
24-02-2023 02:00,1472
24-02-2023 03:00,1484
24-02-2023 04:00,1477
24-02-2023 05:00,1489
24-02-2023 06:00,1612
24-02-2023 07:00,1791
24-02-2023 08:00,2026
24-02-2023 09:00,2166
24-02-2023 10:00,2170
24-02-2023 11:00,2162
24-02-2023 12:00,2070
24-02-2023 13:00,2124
24-02-2023 14:00,2100
24-02-2023 15:00,2070
24-02-2023 16:00,2056
24-02-2023 17:00,2028
24-02-2023 18:00,2021
24-02-2023 19:00,1955
24-02-2023 20:00,1879
24-02-2023 21:00,1798
24-02-2023 22:00,1705
24-02-2023 23:00,1608
25-02-2023 00:00,1500
25-02-2023 01:00,1460
25-02-2023 02:00,1478
25-02-2023 03:00,1494
25-02-2023 04:00,1479
25-02-2023 05:00,1459
25-02-2023 06:00,1509
25-02-2023 07:00,1597
25-02-2023 08:00,1720
25-02-2023 09:00,1795
25-02-2023 10:00,1780
25-02-2023 11:00,1750
25-02-2023 12:00,1678
25-02-2023 13:00,1681
25-02-2023 14:00,1658
25-02-2023 15:00,1645
25-02-2023 16:00,1689
25-02-2023 17:00,1777
25-02-2023 18:00,1884
25-02-2023 19:00,1877
25-02-2023 20:00,1852
25-02-2023 21:00,1794
25-02-2023 22:00,1713
25-02-2023 23:00,1653
26-02-2023 00:00,1565
26-02-2023 01:00,1518
26-02-2023 02:00,1527
26-02-2023 03:00,1517
26-02-2023 04:00,1486
26-02-2023 05:00,1443
26-02-2023 06:00,1465
26-02-2023 07:00,1565
26-02-2023 08:00,1684
26-02-2023 09:00,1766
26-02-2023 10:00,1726
26-02-2023 11:00,1691
26-02-2023 12:00,1657
26-02-2023 13:00,1657
26-02-2023 14:00,1628
26-02-2023 15:00,1621
26-02-2023 16:00,1659
26-02-2023 17:00,1769
26-02-2023 18:00,1883
26-02-2023 19:00,1879
26-02-2023 20:00,1854
26-02-2023 21:00,1785
26-02-2023 22:00,1675
26-02-2023 23:00,1597
27-02-2023 00:00,1508
27-02-2023 01:00,1464
27-02-2023 02:00,1487
27-02-2023 03:00,1496
27-02-2023 04:00,1482
27-02-2023 05:00,1520
27-02-2023 06:00,1711
27-02-2023 07:00,1898
27-02-2023 08:00,2051
27-02-2023 09:00,2122
27-02-2023 10:00,2068
27-02-2023 11:00,2026
27-02-2023 12:00,1898
27-02-2023 13:00,1911
27-02-2023 14:00,1859
27-02-2023 15:00,1804
27-02-2023 16:00,1825
27-02-2023 17:00,1868
27-02-2023 18:00,1945
27-02-2023 19:00,1924
27-02-2023 20:00,1874
27-02-2023 21:00,1823
27-02-2023 22:00,1711
27-02-2023 23:00,1634
28-02-2023 00:00,1532
28-02-2023 01:00,1499
28-02-2023 02:00,1530
28-02-2023 03:00,1545
28-02-2023 04:00,1539
28-02-2023 05:00,1556
28-02-2023 06:00,1714
28-02-2023 07:00,1850
28-02-2023 08:00,1989
28-02-2023 09:00,2035
28-02-2023 10:00,1973
28-02-2023 11:00,1921
28-02-2023 12:00,1793
28-02-2023 13:00,1804
28-02-2023 14:00,1758
28-02-2023 15:00,1707
28-02-2023 16:00,1726
28-02-2023 17:00,1766
28-02-2023 18:00,1832
28-02-2023 19:00,1797
28-02-2023 20:00,1746
28-02-2023 21:00,1687
28-02-2023 22:00,1600
28-02-2023 23:00,1527
01-03-2023 00:00,1435
01-03-2023 01:00,1411
01-03-2023 02:00,1449
01-03-2023 03:00,1473
01-03-2023 04:00,1470
01-03-2023 05:00,1486
01-03-2023 06:00,1612
01-03-2023 07:00,1734
01-03-2023 08:00,1857
01-03-2023 09:00,1877
01-03-2023 10:00,1826
01-03-2023 11:00,1786
01-03-2023 12:00,1692
01-03-2023 13:00,1714
01-03-2023 14:00,1693
01-03-2023 15:00,1666
01-03-2023 16:00,1678
01-03-2023 17:00,1691
01-03-2023 18:00,1740
01-03-2023 19:00,1699
01-03-2023 20:00,1636
01-03-2023 21:00,1562
01-03-2023 22:00,1496
01-03-2023 23:00,1427
02-03-2023 00:00,1342
02-03-2023 01:00,1323
02-03-2023 02:00,1363
02-03-2023 03:00,1388
02-03-2023 04:00,1386
02-03-2023 05:00,1377
02-03-2023 06:00,1470
02-03-2023 07:00,1627
02-03-2023 08:00,1832
02-03-2023 09:00,1944
02-03-2023 10:00,1928
02-03-2023 11:00,1895
02-03-2023 12:00,1777
02-03-2023 13:00,1849
02-03-2023 14:00,1829
02-03-2023 15:00,1824
02-03-2023 16:00,1880
02-03-2023 17:00,1916
02-03-2023 18:00,1984
02-03-2023 19:00,1947
02-03-2023 20:00,1888
02-03-2023 21:00,1821
02-03-2023 22:00,1719
02-03-2023 23:00,1635
03-03-2023 00:00,1532
03-03-2023 01:00,1493
03-03-2023 02:00,1519
03-03-2023 03:00,1524
03-03-2023 04:00,1518
03-03-2023 05:00,1533
03-03-2023 06:00,1662
03-03-2023 07:00,1807
03-03-2023 08:00,1944
03-03-2023 09:00,2002
03-03-2023 10:00,1960
03-03-2023 11:00,1894
03-03-2023 12:00,1785
03-03-2023 13:00,1805
03-03-2023 14:00,1769
03-03-2023 15:00,1746
03-03-2023 16:00,1769
03-03-2023 17:00,1795
03-03-2023 18:00,1867
03-03-2023 19:00,1839
03-03-2023 20:00,1794
03-03-2023 21:00,1741
03-03-2023 22:00,1676
03-03-2023 23:00,1596
04-03-2023 00:00,1509
04-03-2023 01:00,1474
04-03-2023 02:00,1498
04-03-2023 03:00,1499
04-03-2023 04:00,1473
04-03-2023 05:00,1446
04-03-2023 06:00,1492
04-03-2023 07:00,1546
04-03-2023 08:00,1635
04-03-2023 09:00,1655
04-03-2023 10:00,1601
04-03-2023 11:00,1551
04-03-2023 12:00,1475
04-03-2023 13:00,1463
04-03-2023 14:00,1430
04-03-2023 15:00,1423
04-03-2023 16:00,1454
04-03-2023 17:00,1538
04-03-2023 18:00,1631
04-03-2023 19:00,1630
04-03-2023 20:00,1602
04-03-2023 21:00,1563
04-03-2023 22:00,1485
04-03-2023 23:00,1420
05-03-2023 00:00,1336
05-03-2023 01:00,1314
05-03-2023 02:00,1351
05-03-2023 03:00,1380
05-03-2023 04:00,1364
05-03-2023 05:00,1332
05-03-2023 06:00,1331
05-03-2023 07:00,1392
05-03-2023 08:00,1454
05-03-2023 09:00,1485
05-03-2023 10:00,1456
05-03-2023 11:00,1420
05-03-2023 12:00,1379
05-03-2023 13:00,1342
05-03-2023 14:00,1310
05-03-2023 15:00,1311
05-03-2023 16:00,1358
05-03-2023 17:00,1464
05-03-2023 18:00,1602
05-03-2023 19:00,1630
05-03-2023 20:00,1610
05-03-2023 21:00,1556
05-03-2023 22:00,1463
05-03-2023 23:00,1403
06-03-2023 00:00,1332
06-03-2023 01:00,1318
06-03-2023 02:00,1368
06-03-2023 03:00,1392
06-03-2023 04:00,1400
06-03-2023 05:00,1432
06-03-2023 06:00,1574
06-03-2023 07:00,1715
06-03-2023 08:00,1859
06-03-2023 09:00,1914
06-03-2023 10:00,1862
06-03-2023 11:00,1806
06-03-2023 12:00,1688
06-03-2023 13:00,1727
06-03-2023 14:00,1694
06-03-2023 15:00,1660
06-03-2023 16:00,1680
06-03-2023 17:00,1712
06-03-2023 18:00,1775
06-03-2023 19:00,1744
06-03-2023 20:00,1702
06-03-2023 21:00,1646
06-03-2023 22:00,1568
06-03-2023 23:00,1503
07-03-2023 00:00,1417
07-03-2023 01:00,1392
07-03-2023 02:00,1442
07-03-2023 03:00,1469
07-03-2023 04:00,1468
07-03-2023 05:00,1490
07-03-2023 06:00,1607
07-03-2023 07:00,1716
07-03-2023 08:00,1836
07-03-2023 09:00,1880
07-03-2023 10:00,1830
07-03-2023 11:00,1784
07-03-2023 12:00,1673
07-03-2023 13:00,1707
07-03-2023 14:00,1687
07-03-2023 15:00,1660
07-03-2023 16:00,1674
07-03-2023 17:00,1679
07-03-2023 18:00,1740
07-03-2023 19:00,1708
07-03-2023 20:00,1663
07-03-2023 21:00,1603
07-03-2023 22:00,1534
07-03-2023 23:00,1461
08-03-2023 00:00,1373
08-03-2023 01:00,1348
08-03-2023 02:00,1405
08-03-2023 03:00,1440
08-03-2023 04:00,1439
08-03-2023 05:00,1453
08-03-2023 06:00,1546
08-03-2023 07:00,1664
08-03-2023 08:00,1823
08-03-2023 09:00,1879
08-03-2023 10:00,1832
08-03-2023 11:00,1790
08-03-2023 12:00,1673
08-03-2023 13:00,1718
08-03-2023 14:00,1699
08-03-2023 15:00,1670
08-03-2023 16:00,1662
08-03-2023 17:00,1646
08-03-2023 18:00,1680
08-03-2023 19:00,1640
08-03-2023 20:00,1591
08-03-2023 21:00,1538
08-03-2023 22:00,1464
08-03-2023 23:00,1403
09-03-2023 00:00,1319
09-03-2023 01:00,1291
09-03-2023 02:00,1350
09-03-2023 03:00,1389
09-03-2023 04:00,1397
09-03-2023 05:00,1404
09-03-2023 06:00,1479
09-03-2023 07:00,1564
09-03-2023 08:00,1697
09-03-2023 09:00,1758
09-03-2023 10:00,1725
09-03-2023 11:00,1688
09-03-2023 12:00,1579
09-03-2023 13:00,1634
09-03-2023 14:00,1642
09-03-2023 15:00,1612
09-03-2023 16:00,1613
09-03-2023 17:00,1617
09-03-2023 18:00,1648
09-03-2023 19:00,1601
09-03-2023 20:00,1538
09-03-2023 21:00,1495
09-03-2023 22:00,1436
09-03-2023 23:00,1367
10-03-2023 00:00,1271
10-03-2023 01:00,1239
10-03-2023 02:00,1289
10-03-2023 03:00,1329
10-03-2023 04:00,1325
10-03-2023 05:00,1303
10-03-2023 06:00,1361
10-03-2023 07:00,1460
10-03-2023 08:00,1614
10-03-2023 09:00,1699
10-03-2023 10:00,1682
10-03-2023 11:00,1655
10-03-2023 12:00,1556
10-03-2023 13:00,1610
10-03-2023 14:00,1594
10-03-2023 15:00,1570
10-03-2023 16:00,1561
10-03-2023 17:00,1536
10-03-2023 18:00,1567
10-03-2023 19:00,1528
10-03-2023 20:00,1472
10-03-2023 21:00,1433
10-03-2023 22:00,1392
10-03-2023 23:00,1345
11-03-2023 00:00,1268
11-03-2023 01:00,1234
11-03-2023 02:00,1281
11-03-2023 03:00,1322
11-03-2023 04:00,1313
11-03-2023 05:00,1271
11-03-2023 06:00,1265
11-03-2023 07:00,1291
11-03-2023 08:00,1361
11-03-2023 09:00,1415
11-03-2023 10:00,1417
11-03-2023 11:00,1409
11-03-2023 12:00,1365
11-03-2023 13:00,1359
11-03-2023 14:00,1332
11-03-2023 15:00,1309
11-03-2023 16:00,1316
11-03-2023 17:00,1336
11-03-2023 18:00,1401
11-03-2023 19:00,1383
11-03-2023 20:00,1352
11-03-2023 21:00,1304
11-03-2023 22:00,1254
11-03-2023 23:00,1210
12-03-2023 00:00,1140
12-03-2023 01:00,1120
12-03-2023 02:00,1181
12-03-2023 03:00,1220
12-03-2023 04:00,1221
12-03-2023 05:00,1173
12-03-2023 06:00,1148
12-03-2023 07:00,1170
12-03-2023 08:00,1216
12-03-2023 09:00,1262
12-03-2023 10:00,1272
12-03-2023 11:00,1278
12-03-2023 12:00,1255
12-03-2023 13:00,1228
12-03-2023 14:00,1187
12-03-2023 15:00,1193
12-03-2023 16:00,1229
12-03-2023 17:00,1301
12-03-2023 18:00,1396
12-03-2023 19:00,1384
12-03-2023 20:00,1355
12-03-2023 21:00,1296
12-03-2023 22:00,1230
12-03-2023 23:00,1181
13-03-2023 00:00,1111
13-03-2023 01:00,1091
13-03-2023 02:00,1153
13-03-2023 03:00,1207
13-03-2023 04:00,1224
13-03-2023 05:00,1224
13-03-2023 06:00,1279
13-03-2023 07:00,1417
13-03-2023 08:00,1586
13-03-2023 09:00,1705
13-03-2023 10:00,1712
13-03-2023 11:00,1704
13-03-2023 12:00,1628
13-03-2023 13:00,1713
13-03-2023 14:00,1708
13-03-2023 15:00,1681
13-03-2023 16:00,1670
13-03-2023 17:00,1681
13-03-2023 18:00,1748
13-03-2023 19:00,1722
13-03-2023 20:00,1674
13-03-2023 21:00,1624
13-03-2023 22:00,1544
13-03-2023 23:00,1470
14-03-2023 00:00,1386
14-03-2023 01:00,1362
14-03-2023 02:00,1401
14-03-2023 03:00,1434
14-03-2023 04:00,1436
14-03-2023 05:00,1452
14-03-2023 06:00,1550
14-03-2023 07:00,1634
14-03-2023 08:00,1765
14-03-2023 09:00,1825
14-03-2023 10:00,1788
14-03-2023 11:00,1762
14-03-2023 12:00,1652
14-03-2023 13:00,1686
14-03-2023 14:00,1648
14-03-2023 15:00,1613
14-03-2023 16:00,1623
14-03-2023 17:00,1629
14-03-2023 18:00,1688
14-03-2023 19:00,1669
14-03-2023 20:00,1625
14-03-2023 21:00,1572
14-03-2023 22:00,1501
14-03-2023 23:00,1433
15-03-2023 00:00,1343
15-03-2023 01:00,1316
15-03-2023 02:00,1363
15-03-2023 03:00,1409
15-03-2023 04:00,1410
15-03-2023 05:00,1421
15-03-2023 06:00,1496
15-03-2023 07:00,1572
15-03-2023 08:00,1691
15-03-2023 09:00,1749
15-03-2023 10:00,1721
15-03-2023 11:00,1693
15-03-2023 12:00,1585
15-03-2023 13:00,1631
15-03-2023 14:00,1601
15-03-2023 15:00,1571
15-03-2023 16:00,1575
15-03-2023 17:00,1576
15-03-2023 18:00,1618
15-03-2023 19:00,1589
15-03-2023 20:00,1534
15-03-2023 21:00,1487
15-03-2023 22:00,1427
15-03-2023 23:00,1358
16-03-2023 00:00,1272
16-03-2023 01:00,1241
16-03-2023 02:00,1291
16-03-2023 03:00,1343
16-03-2023 04:00,1354
16-03-2023 05:00,1337
16-03-2023 06:00,1384
16-03-2023 07:00,1447
16-03-2023 08:00,1576
16-03-2023 09:00,1664
16-03-2023 10:00,1671
16-03-2023 11:00,1663
16-03-2023 12:00,1577
16-03-2023 13:00,1621
16-03-2023 14:00,1600
16-03-2023 15:00,1597
16-03-2023 16:00,1597
16-03-2023 17:00,1587
16-03-2023 18:00,1598
16-03-2023 19:00,1549
16-03-2023 20:00,1491
16-03-2023 21:00,1445
16-03-2023 22:00,1387
16-03-2023 23:00,1331
17-03-2023 00:00,1243
17-03-2023 01:00,1218
17-03-2023 02:00,1271
17-03-2023 03:00,1315
17-03-2023 04:00,1314
17-03-2023 05:00,1299
17-03-2023 06:00,1350
17-03-2023 07:00,1455
17-03-2023 08:00,1620
17-03-2023 09:00,1730
17-03-2023 10:00,1694
17-03-2023 11:00,1636
17-03-2023 12:00,1556
17-03-2023 13:00,1649
17-03-2023 14:00,1653
17-03-2023 15:00,1648
17-03-2023 16:00,1662
17-03-2023 17:00,1639
17-03-2023 18:00,1649
17-03-2023 19:00,1604
17-03-2023 20:00,1552
17-03-2023 21:00,1499
17-03-2023 22:00,1448
17-03-2023 23:00,1389
18-03-2023 00:00,1301
18-03-2023 01:00,1266
18-03-2023 02:00,1307
18-03-2023 03:00,1337
18-03-2023 04:00,1328
18-03-2023 05:00,1302
18-03-2023 06:00,1295
18-03-2023 07:00,1376
18-03-2023 08:00,1500
18-03-2023 09:00,1551
18-03-2023 10:00,1531
18-03-2023 11:00,1506
18-03-2023 12:00,1454
18-03-2023 13:00,1461
18-03-2023 14:00,1441
18-03-2023 15:00,1447
18-03-2023 16:00,1461
18-03-2023 17:00,1497
18-03-2023 18:00,1549
18-03-2023 19:00,1548
18-03-2023 20:00,1507
18-03-2023 21:00,1455
18-03-2023 22:00,1403
18-03-2023 23:00,1342
19-03-2023 00:00,1256
19-03-2023 01:00,1220
19-03-2023 02:00,1260
19-03-2023 03:00,1305
19-03-2023 04:00,1299
19-03-2023 05:00,1279
19-03-2023 06:00,1259
19-03-2023 07:00,1283
19-03-2023 08:00,1315
19-03-2023 09:00,1343
19-03-2023 10:00,1347
19-03-2023 11:00,1348
19-03-2023 12:00,1334
19-03-2023 13:00,1300
19-03-2023 14:00,1269
19-03-2023 15:00,1249
19-03-2023 16:00,1258
19-03-2023 17:00,1335
19-03-2023 18:00,1464
19-03-2023 19:00,1475
19-03-2023 20:00,1469
19-03-2023 21:00,1416
19-03-2023 22:00,1348
19-03-2023 23:00,1290
20-03-2023 00:00,1216
20-03-2023 01:00,1201
20-03-2023 02:00,1253
20-03-2023 03:00,1293
20-03-2023 04:00,1309
20-03-2023 05:00,1334
20-03-2023 06:00,1409
20-03-2023 07:00,1503
20-03-2023 08:00,1624
20-03-2023 09:00,1689
20-03-2023 10:00,1665
20-03-2023 11:00,1645
20-03-2023 12:00,1555
20-03-2023 13:00,1594
20-03-2023 14:00,1566
20-03-2023 15:00,1544
20-03-2023 16:00,1544
20-03-2023 17:00,1549
20-03-2023 18:00,1595
20-03-2023 19:00,1570
20-03-2023 20:00,1522
20-03-2023 21:00,1474
20-03-2023 22:00,1412
20-03-2023 23:00,1351
21-03-2023 00:00,1261
21-03-2023 01:00,1229
21-03-2023 02:00,1271
21-03-2023 03:00,1312
21-03-2023 04:00,1317
21-03-2023 05:00,1282
21-03-2023 06:00,1287
21-03-2023 07:00,1363
21-03-2023 08:00,1478
21-03-2023 09:00,1535
21-03-2023 10:00,1547
21-03-2023 11:00,1533
21-03-2023 12:00,1498
21-03-2023 13:00,1527
21-03-2023 14:00,1538
21-03-2023 15:00,1542
21-03-2023 16:00,1561
21-03-2023 17:00,1581
21-03-2023 18:00,1606
21-03-2023 19:00,1570
21-03-2023 20:00,1534
21-03-2023 21:00,1482
21-03-2023 22:00,1397
21-03-2023 23:00,1329
22-03-2023 00:00,1245
22-03-2023 01:00,1213
22-03-2023 02:00,1261
22-03-2023 03:00,1310
22-03-2023 04:00,1315
22-03-2023 05:00,1307
22-03-2023 06:00,1347
22-03-2023 07:00,1453
22-03-2023 08:00,1599
22-03-2023 09:00,1670
22-03-2023 10:00,1685
22-03-2023 11:00,1671
22-03-2023 12:00,1577
22-03-2023 13:00,1628
22-03-2023 14:00,1612
22-03-2023 15:00,1577
22-03-2023 16:00,1568
22-03-2023 17:00,1537
22-03-2023 18:00,1557
22-03-2023 19:00,1518
22-03-2023 20:00,1462
22-03-2023 21:00,1416
22-03-2023 22:00,1365
22-03-2023 23:00,1313
23-03-2023 00:00,1229
23-03-2023 01:00,1198
23-03-2023 02:00,1254
23-03-2023 03:00,1296
23-03-2023 04:00,1291
23-03-2023 05:00,1253
23-03-2023 06:00,1272
23-03-2023 07:00,1376
23-03-2023 08:00,1544
23-03-2023 09:00,1659
23-03-2023 10:00,1686
23-03-2023 11:00,1699
23-03-2023 12:00,1618
23-03-2023 13:00,1682
23-03-2023 14:00,1674
23-03-2023 15:00,1664
23-03-2023 16:00,1658
23-03-2023 17:00,1616
23-03-2023 18:00,1608
23-03-2023 19:00,1550
23-03-2023 20:00,1485
23-03-2023 21:00,1431
23-03-2023 22:00,1375
23-03-2023 23:00,1323
24-03-2023 00:00,1243
24-03-2023 01:00,1207
24-03-2023 02:00,1244
24-03-2023 03:00,1289
24-03-2023 04:00,1289
24-03-2023 05:00,1259
24-03-2023 06:00,1278
24-03-2023 07:00,1393
24-03-2023 08:00,1560
24-03-2023 09:00,1614
24-03-2023 10:00,1611
24-03-2023 11:00,1624
24-03-2023 12:00,1539
24-03-2023 13:00,1603
24-03-2023 14:00,1594
24-03-2023 15:00,1592
24-03-2023 16:00,1580
24-03-2023 17:00,1545
24-03-2023 18:00,1553
24-03-2023 19:00,1515
24-03-2023 20:00,1456
24-03-2023 21:00,1410
24-03-2023 22:00,1353
24-03-2023 23:00,1312
25-03-2023 00:00,1230
25-03-2023 01:00,1198
25-03-2023 02:00,1239
25-03-2023 03:00,1287
25-03-2023 04:00,1285
25-03-2023 05:00,1251
25-03-2023 06:00,1238
25-03-2023 07:00,1305
25-03-2023 08:00,1422
25-03-2023 09:00,1470
25-03-2023 10:00,1447
25-03-2023 11:00,1444
25-03-2023 12:00,1401
25-03-2023 13:00,1394
25-03-2023 14:00,1389
25-03-2023 15:00,1381
25-03-2023 16:00,1381
25-03-2023 17:00,1405
25-03-2023 18:00,1461
25-03-2023 19:00,1458
25-03-2023 20:00,1412
25-03-2023 21:00,1367
25-03-2023 22:00,1309
25-03-2023 23:00,1256
26-03-2023 00:00,1176
26-03-2023 01:00,1143
26-03-2023 02:00,1183
26-03-2023 03:00,1239
26-03-2023 04:00,1232
26-03-2023 05:00,1188
26-03-2023 06:00,1168
26-03-2023 07:00,1240
26-03-2023 08:00,1349
26-03-2023 09:00,1414
26-03-2023 10:00,1425
26-03-2023 11:00,1440
26-03-2023 12:00,1414
26-03-2023 13:00,1406
26-03-2023 14:00,1411
26-03-2023 15:00,1418
26-03-2023 16:00,1440
26-03-2023 17:00,1484
26-03-2023 18:00,1530
26-03-2023 19:00,1519
26-03-2023 20:00,1474
26-03-2023 21:00,1409
26-03-2023 22:00,1318
26-03-2023 23:00,1263
27-03-2023 00:00,1165
27-03-2023 01:00,1128
27-03-2023 02:00,1177
27-03-2023 03:00,1231
27-03-2023 04:00,1249
27-03-2023 05:00,1256
27-03-2023 06:00,1297
27-03-2023 07:00,1402
27-03-2023 08:00,1582
27-03-2023 09:00,1697
27-03-2023 10:00,1692
27-03-2023 11:00,1687
27-03-2023 12:00,1580
27-03-2023 13:00,1627
27-03-2023 14:00,1618
27-03-2023 15:00,1590
27-03-2023 16:00,1591
27-03-2023 17:00,1562
27-03-2023 18:00,1610
27-03-2023 19:00,1602
27-03-2023 20:00,1559
27-03-2023 21:00,1503
27-03-2023 22:00,1429
27-03-2023 23:00,1366
28-03-2023 00:00,1269
28-03-2023 01:00,1241
28-03-2023 02:00,1287
28-03-2023 03:00,1341
28-03-2023 04:00,1356
28-03-2023 05:00,1363
28-03-2023 06:00,1415
28-03-2023 07:00,1497
28-03-2023 08:00,1639
28-03-2023 09:00,1718
28-03-2023 10:00,1723
28-03-2023 11:00,1700
28-03-2023 12:00,1599
28-03-2023 13:00,1632
28-03-2023 14:00,1590
28-03-2023 15:00,1556
28-03-2023 16:00,1550
28-03-2023 17:00,1537
28-03-2023 18:00,1590
28-03-2023 19:00,1580
28-03-2023 20:00,1539
28-03-2023 21:00,1492
28-03-2023 22:00,1425
28-03-2023 23:00,1360
29-03-2023 00:00,1268
29-03-2023 01:00,1240
29-03-2023 02:00,1292
29-03-2023 03:00,1349
29-03-2023 04:00,1355
29-03-2023 05:00,1358
29-03-2023 06:00,1405
29-03-2023 07:00,1470
29-03-2023 08:00,1614
29-03-2023 09:00,1694
29-03-2023 10:00,1697
29-03-2023 11:00,1689
29-03-2023 12:00,1593
29-03-2023 13:00,1626
29-03-2023 14:00,1577
29-03-2023 15:00,1551
29-03-2023 16:00,1543
29-03-2023 17:00,1528
29-03-2023 18:00,1579
29-03-2023 19:00,1563
29-03-2023 20:00,1518
29-03-2023 21:00,1470
29-03-2023 22:00,1408
29-03-2023 23:00,1338
30-03-2023 00:00,1256
30-03-2023 01:00,1229
30-03-2023 02:00,1282
30-03-2023 03:00,1335
30-03-2023 04:00,1344
30-03-2023 05:00,1350
30-03-2023 06:00,1389
30-03-2023 07:00,1456
30-03-2023 08:00,1595
30-03-2023 09:00,1682
30-03-2023 10:00,1687
30-03-2023 11:00,1676
30-03-2023 12:00,1574
30-03-2023 13:00,1609
30-03-2023 14:00,1581
30-03-2023 15:00,1535
30-03-2023 16:00,1523
30-03-2023 17:00,1498
30-03-2023 18:00,1543
30-03-2023 19:00,1519
30-03-2023 20:00,1473
30-03-2023 21:00,1428
30-03-2023 22:00,1368
30-03-2023 23:00,1302
31-03-2023 00:00,1212
31-03-2023 01:00,1185
31-03-2023 02:00,1231
31-03-2023 03:00,1284
31-03-2023 04:00,1287
31-03-2023 05:00,1283
31-03-2023 06:00,1304
31-03-2023 07:00,1382
31-03-2023 08:00,1542
31-03-2023 09:00,1626
31-03-2023 10:00,1601
31-03-2023 11:00,1558
31-03-2023 12:00,1495
31-03-2023 13:00,1563
31-03-2023 14:00,1530
31-03-2023 15:00,1497
31-03-2023 16:00,1482
31-03-2023 17:00,1460
31-03-2023 18:00,1489
31-03-2023 19:00,1468
31-03-2023 20:00,1422
31-03-2023 21:00,1369
31-03-2023 22:00,1309
31-03-2023 23:00,1262
01-04-2023 00:00,1177
01-04-2023 01:00,1154
01-04-2023 02:00,1201
01-04-2023 03:00,1255
01-04-2023 04:00,1246
01-04-2023 05:00,1215
01-04-2023 06:00,1180
01-04-2023 07:00,1191
01-04-2023 08:00,1258
01-04-2023 09:00,1315
01-04-2023 10:00,1332
01-04-2023 11:00,1318
01-04-2023 12:00,1289
01-04-2023 13:00,1299
01-04-2023 14:00,1268
01-04-2023 15:00,1264
01-04-2023 16:00,1281
01-04-2023 17:00,1288
01-04-2023 18:00,1359
01-04-2023 19:00,1361
01-04-2023 20:00,1322
01-04-2023 21:00,1265
01-04-2023 22:00,1204
01-04-2023 23:00,1161
02-04-2023 00:00,1089
02-04-2023 01:00,1068
02-04-2023 02:00,1122
02-04-2023 03:00,1177
02-04-2023 04:00,1177
02-04-2023 05:00,1136
02-04-2023 06:00,1087
02-04-2023 07:00,1089
02-04-2023 08:00,1136
02-04-2023 09:00,1184
02-04-2023 10:00,1196
02-04-2023 11:00,1186
02-04-2023 12:00,1183
02-04-2023 13:00,1176
02-04-2023 14:00,1171
02-04-2023 15:00,1180
02-04-2023 16:00,1191
02-04-2023 17:00,1245
02-04-2023 18:00,1345
02-04-2023 19:00,1361
02-04-2023 20:00,1330
02-04-2023 21:00,1272
02-04-2023 22:00,1204
02-04-2023 23:00,1154
03-04-2023 00:00,1080
03-04-2023 01:00,1064
03-04-2023 02:00,1112
03-04-2023 03:00,1175
03-04-2023 04:00,1192
03-04-2023 05:00,1188
03-04-2023 06:00,1233
03-04-2023 07:00,1335
03-04-2023 08:00,1483
03-04-2023 09:00,1567
03-04-2023 10:00,1568
03-04-2023 11:00,1569
03-04-2023 12:00,1489
03-04-2023 13:00,1549
03-04-2023 14:00,1548
03-04-2023 15:00,1530
03-04-2023 16:00,1532
03-04-2023 17:00,1506
03-04-2023 18:00,1538
03-04-2023 19:00,1516
03-04-2023 20:00,1465
03-04-2023 21:00,1420
03-04-2023 22:00,1350
03-04-2023 23:00,1288
04-04-2023 00:00,1194
04-04-2023 01:00,1175
04-04-2023 02:00,1233
04-04-2023 03:00,1293
04-04-2023 04:00,1305
04-04-2023 05:00,1306
04-04-2023 06:00,1309
04-04-2023 07:00,1369
04-04-2023 08:00,1509
04-04-2023 09:00,1603
04-04-2023 10:00,1607
04-04-2023 11:00,1598
04-04-2023 12:00,1514
04-04-2023 13:00,1575
04-04-2023 14:00,1586
04-04-2023 15:00,1542
04-04-2023 16:00,1511
04-04-2023 17:00,1506
04-04-2023 18:00,1538
04-04-2023 19:00,1507
04-04-2023 20:00,1457
04-04-2023 21:00,1397
04-04-2023 22:00,1332
04-04-2023 23:00,1277
05-04-2023 00:00,1183
05-04-2023 01:00,1149
05-04-2023 02:00,1209
05-04-2023 03:00,1263
05-04-2023 04:00,1276
05-04-2023 05:00,1255
05-04-2023 06:00,1268
05-04-2023 07:00,1344
05-04-2023 08:00,1477
05-04-2023 09:00,1578
05-04-2023 10:00,1564
05-04-2023 11:00,1563
05-04-2023 12:00,1500
05-04-2023 13:00,1588
05-04-2023 14:00,1593
05-04-2023 15:00,1582
05-04-2023 16:00,1584
05-04-2023 17:00,1566
05-04-2023 18:00,1565
05-04-2023 19:00,1521
05-04-2023 20:00,1463
05-04-2023 21:00,1404
05-04-2023 22:00,1342
05-04-2023 23:00,1290
06-04-2023 00:00,1201
06-04-2023 01:00,1172
06-04-2023 02:00,1219
06-04-2023 03:00,1278
06-04-2023 04:00,1281
06-04-2023 05:00,1261
06-04-2023 06:00,1285
06-04-2023 07:00,1385
06-04-2023 08:00,1543
06-04-2023 09:00,1632
06-04-2023 10:00,1638
06-04-2023 11:00,1617
06-04-2023 12:00,1540
06-04-2023 13:00,1605
06-04-2023 14:00,1619
06-04-2023 15:00,1613
06-04-2023 16:00,1614
06-04-2023 17:00,1575
06-04-2023 18:00,1571
06-04-2023 19:00,1517
06-04-2023 20:00,1455
06-04-2023 21:00,1409
06-04-2023 22:00,1348
06-04-2023 23:00,1295
07-04-2023 00:00,1211
07-04-2023 01:00,1174
07-04-2023 02:00,1221
07-04-2023 03:00,1272
07-04-2023 04:00,1277
07-04-2023 05:00,1244
07-04-2023 06:00,1273
07-04-2023 07:00,1393
07-04-2023 08:00,1574
07-04-2023 09:00,1688
07-04-2023 10:00,1698
07-04-2023 11:00,1684
07-04-2023 12:00,1608
07-04-2023 13:00,1668
07-04-2023 14:00,1669
07-04-2023 15:00,1657
07-04-2023 16:00,1643
07-04-2023 17:00,1596
07-04-2023 18:00,1580
07-04-2023 19:00,1527
07-04-2023 20:00,1464
07-04-2023 21:00,1410
07-04-2023 22:00,1348
07-04-2023 23:00,1292
08-04-2023 00:00,1201
08-04-2023 01:00,1172
08-04-2023 02:00,1214
08-04-2023 03:00,1267
08-04-2023 04:00,1264
08-04-2023 05:00,1224
08-04-2023 06:00,1182
08-04-2023 07:00,1225
08-04-2023 08:00,1305
08-04-2023 09:00,1340
08-04-2023 10:00,1355
08-04-2023 11:00,1390
08-04-2023 12:00,1375
08-04-2023 13:00,1365
08-04-2023 14:00,1333
08-04-2023 15:00,1305
08-04-2023 16:00,1316
08-04-2023 17:00,1362
08-04-2023 18:00,1438
08-04-2023 19:00,1456
08-04-2023 20:00,1426
08-04-2023 21:00,1374
08-04-2023 22:00,1313
08-04-2023 23:00,1256
09-04-2023 00:00,1174
09-04-2023 01:00,1144
09-04-2023 02:00,1187
09-04-2023 03:00,1253
09-04-2023 04:00,1253
09-04-2023 05:00,1222
09-04-2023 06:00,1170
09-04-2023 07:00,1169
09-04-2023 08:00,1229
09-04-2023 09:00,1284
09-04-2023 10:00,1297
09-04-2023 11:00,1293
09-04-2023 12:00,1250
09-04-2023 13:00,1235
09-04-2023 14:00,1212
09-04-2023 15:00,1210
09-04-2023 16:00,1217
09-04-2023 17:00,1293
09-04-2023 18:00,1392
09-04-2023 19:00,1416
09-04-2023 20:00,1394
09-04-2023 21:00,1344
09-04-2023 22:00,1273
09-04-2023 23:00,1215
10-04-2023 00:00,1147
10-04-2023 01:00,1133
10-04-2023 02:00,1192
10-04-2023 03:00,1254
10-04-2023 04:00,1270
10-04-2023 05:00,1274
10-04-2023 06:00,1321
10-04-2023 07:00,1384
10-04-2023 08:00,1508
10-04-2023 09:00,1601
10-04-2023 10:00,1613
10-04-2023 11:00,1609
10-04-2023 12:00,1524
10-04-2023 13:00,1577
10-04-2023 14:00,1569
10-04-2023 15:00,1556
10-04-2023 16:00,1541
10-04-2023 17:00,1516
10-04-2023 18:00,1545
10-04-2023 19:00,1532
10-04-2023 20:00,1481
10-04-2023 21:00,1429
10-04-2023 22:00,1365
10-04-2023 23:00,1308
11-04-2023 00:00,1216
11-04-2023 01:00,1188
11-04-2023 02:00,1240
11-04-2023 03:00,1295
11-04-2023 04:00,1309
11-04-2023 05:00,1288
11-04-2023 06:00,1299
11-04-2023 07:00,1374
11-04-2023 08:00,1526
11-04-2023 09:00,1632
11-04-2023 10:00,1633
11-04-2023 11:00,1622
11-04-2023 12:00,1535
11-04-2023 13:00,1614
11-04-2023 14:00,1611
11-04-2023 15:00,1574
11-04-2023 16:00,1569
11-04-2023 17:00,1529
11-04-2023 18:00,1545
11-04-2023 19:00,1511
11-04-2023 20:00,1457
11-04-2023 21:00,1412
11-04-2023 22:00,1345
11-04-2023 23:00,1286
12-04-2023 00:00,1204
12-04-2023 01:00,1174
12-04-2023 02:00,1220
12-04-2023 03:00,1267
12-04-2023 04:00,1274
12-04-2023 05:00,1248
12-04-2023 06:00,1260
12-04-2023 07:00,1363
12-04-2023 08:00,1525
12-04-2023 09:00,1630
12-04-2023 10:00,1665
12-04-2023 11:00,1660
12-04-2023 12:00,1578
12-04-2023 13:00,1647
12-04-2023 14:00,1634
12-04-2023 15:00,1620
12-04-2023 16:00,1604
12-04-2023 17:00,1548
12-04-2023 18:00,1565
12-04-2023 19:00,1547
12-04-2023 20:00,1489
12-04-2023 21:00,1433
12-04-2023 22:00,1379
12-04-2023 23:00,1316
13-04-2023 00:00,1228
13-04-2023 01:00,1199
13-04-2023 02:00,1254
13-04-2023 03:00,1316
13-04-2023 04:00,1334
13-04-2023 05:00,1330
13-04-2023 06:00,1346
13-04-2023 07:00,1407
13-04-2023 08:00,1536
13-04-2023 09:00,1622
13-04-2023 10:00,1620
13-04-2023 11:00,1614
13-04-2023 12:00,1523
13-04-2023 13:00,1586
13-04-2023 14:00,1577
13-04-2023 15:00,1554
13-04-2023 16:00,1552
13-04-2023 17:00,1519
13-04-2023 18:00,1537
13-04-2023 19:00,1523
13-04-2023 20:00,1472
13-04-2023 21:00,1427
13-04-2023 22:00,1352
13-04-2023 23:00,1294
14-04-2023 00:00,1208
14-04-2023 01:00,1175
14-04-2023 02:00,1226
14-04-2023 03:00,1281
14-04-2023 04:00,1292
14-04-2023 05:00,1277
14-04-2023 06:00,1284
14-04-2023 07:00,1357
14-04-2023 08:00,1503
14-04-2023 09:00,1581
14-04-2023 10:00,1587
14-04-2023 11:00,1574
14-04-2023 12:00,1511
14-04-2023 13:00,1553
14-04-2023 14:00,1543
14-04-2023 15:00,1547
14-04-2023 16:00,1554
14-04-2023 17:00,1520
14-04-2023 18:00,1534
14-04-2023 19:00,1502
14-04-2023 20:00,1439
14-04-2023 21:00,1387
14-04-2023 22:00,1339
14-04-2023 23:00,1288
15-04-2023 00:00,1199
15-04-2023 01:00,1161
15-04-2023 02:00,1208
15-04-2023 03:00,1273
15-04-2023 04:00,1267
15-04-2023 05:00,1209
15-04-2023 06:00,1179
15-04-2023 07:00,1267
15-04-2023 08:00,1370
15-04-2023 09:00,1458
15-04-2023 10:00,1470
15-04-2023 11:00,1469
15-04-2023 12:00,1419
15-04-2023 13:00,1418
15-04-2023 14:00,1420
15-04-2023 15:00,1429
15-04-2023 16:00,1438
15-04-2023 17:00,1449
15-04-2023 18:00,1451
15-04-2023 19:00,1423
15-04-2023 20:00,1381
15-04-2023 21:00,1317
15-04-2023 22:00,1250
15-04-2023 23:00,1211
16-04-2023 00:00,1128
16-04-2023 01:00,1092
16-04-2023 02:00,1142
16-04-2023 03:00,1193
16-04-2023 04:00,1188
16-04-2023 05:00,1138
16-04-2023 06:00,1092
16-04-2023 07:00,1122
16-04-2023 08:00,1184
16-04-2023 09:00,1256
16-04-2023 10:00,1255
16-04-2023 11:00,1241
16-04-2023 12:00,1253
16-04-2023 13:00,1245
16-04-2023 14:00,1225
16-04-2023 15:00,1212
16-04-2023 16:00,1256
16-04-2023 17:00,1289
16-04-2023 18:00,1364
16-04-2023 19:00,1378
16-04-2023 20:00,1340
16-04-2023 21:00,1294
16-04-2023 22:00,1228
16-04-2023 23:00,1181
17-04-2023 00:00,1106
17-04-2023 01:00,1078
17-04-2023 02:00,1132
17-04-2023 03:00,1199
17-04-2023 04:00,1221
17-04-2023 05:00,1215
17-04-2023 06:00,1255
17-04-2023 07:00,1352
17-04-2023 08:00,1503
17-04-2023 09:00,1614
17-04-2023 10:00,1637
17-04-2023 11:00,1627
17-04-2023 12:00,1531
17-04-2023 13:00,1592
17-04-2023 14:00,1583
17-04-2023 15:00,1542
17-04-2023 16:00,1535
17-04-2023 17:00,1506
17-04-2023 18:00,1530
17-04-2023 19:00,1512
17-04-2023 20:00,1468
17-04-2023 21:00,1432
17-04-2023 22:00,1367
17-04-2023 23:00,1321
18-04-2023 00:00,1227
18-04-2023 01:00,1183
18-04-2023 02:00,1245
18-04-2023 03:00,1303
18-04-2023 04:00,1326
18-04-2023 05:00,1322
18-04-2023 06:00,1328
18-04-2023 07:00,1399
18-04-2023 08:00,1530
18-04-2023 09:00,1625
18-04-2023 10:00,1627
18-04-2023 11:00,1621
18-04-2023 12:00,1515
18-04-2023 13:00,1598
18-04-2023 14:00,1602
18-04-2023 15:00,1581
18-04-2023 16:00,1574
18-04-2023 17:00,1559
18-04-2023 18:00,1577
18-04-2023 19:00,1536
18-04-2023 20:00,1473
18-04-2023 21:00,1418
18-04-2023 22:00,1351
18-04-2023 23:00,1296
19-04-2023 00:00,1199
19-04-2023 01:00,1162
19-04-2023 02:00,1211
19-04-2023 03:00,1270
19-04-2023 04:00,1276
19-04-2023 05:00,1244
19-04-2023 06:00,1252
19-04-2023 07:00,1369
19-04-2023 08:00,1561
19-04-2023 09:00,1658
19-04-2023 10:00,1691
19-04-2023 11:00,1654
19-04-2023 12:00,1565
19-04-2023 13:00,1651
19-04-2023 14:00,1621
19-04-2023 15:00,1608
19-04-2023 16:00,1609
19-04-2023 17:00,1585
19-04-2023 18:00,1582
19-04-2023 19:00,1532
19-04-2023 20:00,1472
19-04-2023 21:00,1414
19-04-2023 22:00,1346
19-04-2023 23:00,1286
20-04-2023 00:00,1197
20-04-2023 01:00,1162
20-04-2023 02:00,1215
20-04-2023 03:00,1273
20-04-2023 04:00,1284
20-04-2023 05:00,1254
20-04-2023 06:00,1264
20-04-2023 07:00,1366
20-04-2023 08:00,1519
20-04-2023 09:00,1612
20-04-2023 10:00,1652
20-04-2023 11:00,1668
20-04-2023 12:00,1590
20-04-2023 13:00,1670
20-04-2023 14:00,1665
20-04-2023 15:00,1638
20-04-2023 16:00,1621
20-04-2023 17:00,1553
20-04-2023 18:00,1550
20-04-2023 19:00,1516
20-04-2023 20:00,1449
20-04-2023 21:00,1404
20-04-2023 22:00,1336
20-04-2023 23:00,1279
21-04-2023 00:00,1196
21-04-2023 01:00,1159
21-04-2023 02:00,1209
21-04-2023 03:00,1266
21-04-2023 04:00,1270
21-04-2023 05:00,1228
21-04-2023 06:00,1226
21-04-2023 07:00,1324
21-04-2023 08:00,1503
21-04-2023 09:00,1612
21-04-2023 10:00,1630
21-04-2023 11:00,1637
21-04-2023 12:00,1548
21-04-2023 13:00,1622
21-04-2023 14:00,1642
21-04-2023 15:00,1602
21-04-2023 16:00,1564
21-04-2023 17:00,1495
21-04-2023 18:00,1499
21-04-2023 19:00,1478
21-04-2023 20:00,1418
21-04-2023 21:00,1363
21-04-2023 22:00,1313
21-04-2023 23:00,1266
22-04-2023 00:00,1186
22-04-2023 01:00,1142
22-04-2023 02:00,1186
22-04-2023 03:00,1247
22-04-2023 04:00,1251
22-04-2023 05:00,1208
22-04-2023 06:00,1158
22-04-2023 07:00,1191
22-04-2023 08:00,1293
22-04-2023 09:00,1370
22-04-2023 10:00,1390
22-04-2023 11:00,1392
22-04-2023 12:00,1356
22-04-2023 13:00,1357
22-04-2023 14:00,1320
22-04-2023 15:00,1290
22-04-2023 16:00,1303
22-04-2023 17:00,1324
22-04-2023 18:00,1378
22-04-2023 19:00,1399
22-04-2023 20:00,1370
22-04-2023 21:00,1313
22-04-2023 22:00,1255
22-04-2023 23:00,1211
23-04-2023 00:00,1119
23-04-2023 01:00,1095
23-04-2023 02:00,1144
23-04-2023 03:00,1203
23-04-2023 04:00,1209
23-04-2023 05:00,1164
23-04-2023 06:00,1110
23-04-2023 07:00,1112
23-04-2023 08:00,1180
23-04-2023 09:00,1239
23-04-2023 10:00,1272
23-04-2023 11:00,1276
23-04-2023 12:00,1273
23-04-2023 13:00,1258
23-04-2023 14:00,1230
23-04-2023 15:00,1227
23-04-2023 16:00,1248
23-04-2023 17:00,1296
23-04-2023 18:00,1373
23-04-2023 19:00,1391
23-04-2023 20:00,1359
23-04-2023 21:00,1306
23-04-2023 22:00,1231
23-04-2023 23:00,1190
24-04-2023 00:00,1099
24-04-2023 01:00,1069
24-04-2023 02:00,1125
24-04-2023 03:00,1195
24-04-2023 04:00,1211
24-04-2023 05:00,1205
24-04-2023 06:00,1247
24-04-2023 07:00,1364
24-04-2023 08:00,1525
24-04-2023 09:00,1603
24-04-2023 10:00,1593
24-04-2023 11:00,1559
24-04-2023 12:00,1479
24-04-2023 13:00,1568
24-04-2023 14:00,1586
24-04-2023 15:00,1575
24-04-2023 16:00,1578
24-04-2023 17:00,1558
24-04-2023 18:00,1599
24-04-2023 19:00,1580
24-04-2023 20:00,1526
24-04-2023 21:00,1466
24-04-2023 22:00,1390
24-04-2023 23:00,1314
25-04-2023 00:00,1224
25-04-2023 01:00,1196
25-04-2023 02:00,1244
25-04-2023 03:00,1305
25-04-2023 04:00,1320
25-04-2023 05:00,1318
25-04-2023 06:00,1362
25-04-2023 07:00,1456
25-04-2023 08:00,1615
25-04-2023 09:00,1705
25-04-2023 10:00,1700
25-04-2023 11:00,1689
25-04-2023 12:00,1602
25-04-2023 13:00,1677
25-04-2023 14:00,1670
25-04-2023 15:00,1665
25-04-2023 16:00,1668
25-04-2023 17:00,1638
25-04-2023 18:00,1642
25-04-2023 19:00,1594
25-04-2023 20:00,1528
25-04-2023 21:00,1453
25-04-2023 22:00,1381
25-04-2023 23:00,1312
26-04-2023 00:00,1210
26-04-2023 01:00,1167
26-04-2023 02:00,1210
26-04-2023 03:00,1266
26-04-2023 04:00,1277
26-04-2023 05:00,1255
26-04-2023 06:00,1300
26-04-2023 07:00,1432
26-04-2023 08:00,1622
26-04-2023 09:00,1726
26-04-2023 10:00,1723
26-04-2023 11:00,1691
26-04-2023 12:00,1600
26-04-2023 13:00,1640
26-04-2023 14:00,1635
26-04-2023 15:00,1634
26-04-2023 16:00,1622
26-04-2023 17:00,1579
26-04-2023 18:00,1577
26-04-2023 19:00,1562
26-04-2023 20:00,1511
26-04-2023 21:00,1442
26-04-2023 22:00,1381
26-04-2023 23:00,1313
27-04-2023 00:00,1216
27-04-2023 01:00,1187
27-04-2023 02:00,1231
27-04-2023 03:00,1290
27-04-2023 04:00,1304
27-04-2023 05:00,1285
27-04-2023 06:00,1304
27-04-2023 07:00,1363
27-04-2023 08:00,1518
27-04-2023 09:00,1625
27-04-2023 10:00,1633
27-04-2023 11:00,1620
27-04-2023 12:00,1525
27-04-2023 13:00,1574
27-04-2023 14:00,1565
27-04-2023 15:00,1536
27-04-2023 16:00,1525
27-04-2023 17:00,1487
27-04-2023 18:00,1504
27-04-2023 19:00,1506
27-04-2023 20:00,1449
27-04-2023 21:00,1397
27-04-2023 22:00,1339
27-04-2023 23:00,1276
28-04-2023 00:00,1182
28-04-2023 01:00,1152
28-04-2023 02:00,1201
28-04-2023 03:00,1265
28-04-2023 04:00,1276
28-04-2023 05:00,1253
28-04-2023 06:00,1244
28-04-2023 07:00,1306
28-04-2023 08:00,1448
28-04-2023 09:00,1549
28-04-2023 10:00,1552
28-04-2023 11:00,1549
28-04-2023 12:00,1472
28-04-2023 13:00,1511
28-04-2023 14:00,1503
28-04-2023 15:00,1469
28-04-2023 16:00,1457
28-04-2023 17:00,1416
28-04-2023 18:00,1419
28-04-2023 19:00,1418
28-04-2023 20:00,1371
28-04-2023 21:00,1312
28-04-2023 22:00,1260
28-04-2023 23:00,1210
29-04-2023 00:00,1121
29-04-2023 01:00,1077
29-04-2023 02:00,1121
29-04-2023 03:00,1186
29-04-2023 04:00,1183
29-04-2023 05:00,1127
29-04-2023 06:00,1070
29-04-2023 07:00,1092
29-04-2023 08:00,1182
29-04-2023 09:00,1251
29-04-2023 10:00,1269
29-04-2023 11:00,1248
29-04-2023 12:00,1252
29-04-2023 13:00,1264
29-04-2023 14:00,1251
29-04-2023 15:00,1265
29-04-2023 16:00,1274
29-04-2023 17:00,1304
29-04-2023 18:00,1342
29-04-2023 19:00,1327
29-04-2023 20:00,1284
29-04-2023 21:00,1219
29-04-2023 22:00,1164
29-04-2023 23:00,1122
30-04-2023 00:00,1055
30-04-2023 01:00,1025
30-04-2023 02:00,1064
30-04-2023 03:00,1121
30-04-2023 04:00,1124
30-04-2023 05:00,1062
30-04-2023 06:00,1027
30-04-2023 07:00,1057
30-04-2023 08:00,1113
30-04-2023 09:00,1144
30-04-2023 10:00,1161
30-04-2023 11:00,1163
30-04-2023 12:00,1153
30-04-2023 13:00,1133
30-04-2023 14:00,1126
30-04-2023 15:00,1136
30-04-2023 16:00,1133
30-04-2023 17:00,1181
30-04-2023 18:00,1265
30-04-2023 19:00,1289
30-04-2023 20:00,1253
30-04-2023 21:00,1198
30-04-2023 22:00,1136
30-04-2023 23:00,1091
01-05-2023 00:00,1015
01-05-2023 01:00,987
01-05-2023 02:00,1044
01-05-2023 03:00,1109
01-05-2023 04:00,1124
01-05-2023 05:00,1112
01-05-2023 06:00,1109
01-05-2023 07:00,1175
01-05-2023 08:00,1285
01-05-2023 09:00,1369
01-05-2023 10:00,1380
01-05-2023 11:00,1388
01-05-2023 12:00,1347
01-05-2023 13:00,1388
01-05-2023 14:00,1387
01-05-2023 15:00,1382
01-05-2023 16:00,1385
01-05-2023 17:00,1378
01-05-2023 18:00,1386
01-05-2023 19:00,1367
01-05-2023 20:00,1315
01-05-2023 21:00,1249
01-05-2023 22:00,1186
01-05-2023 23:00,1131
02-05-2023 00:00,1044
02-05-2023 01:00,1015
02-05-2023 02:00,1068
02-05-2023 03:00,1130
02-05-2023 04:00,1141
02-05-2023 05:00,1125
02-05-2023 06:00,1125
02-05-2023 07:00,1168
02-05-2023 08:00,1271
02-05-2023 09:00,1349
02-05-2023 10:00,1359
02-05-2023 11:00,1352
02-05-2023 12:00,1306
02-05-2023 13:00,1337
02-05-2023 14:00,1324
02-05-2023 15:00,1311
02-05-2023 16:00,1316
02-05-2023 17:00,1307
02-05-2023 18:00,1327
02-05-2023 19:00,1341
02-05-2023 20:00,1294
02-05-2023 21:00,1227
02-05-2023 22:00,1160
02-05-2023 23:00,1112
03-05-2023 00:00,1030
03-05-2023 01:00,998
03-05-2023 02:00,1046
03-05-2023 03:00,1113
03-05-2023 04:00,1119
03-05-2023 05:00,1068
03-05-2023 06:00,1016
03-05-2023 07:00,1024
03-05-2023 08:00,1079
03-05-2023 09:00,1133
03-05-2023 10:00,1156
03-05-2023 11:00,1176
03-05-2023 12:00,1177
03-05-2023 13:00,1166
03-05-2023 14:00,1141
03-05-2023 15:00,1139
03-05-2023 16:00,1164
03-05-2023 17:00,1189
03-05-2023 18:00,1238
03-05-2023 19:00,1257
03-05-2023 20:00,1225
03-05-2023 21:00,1174
03-05-2023 22:00,1115
03-05-2023 23:00,1065
04-05-2023 00:00,986
04-05-2023 01:00,955
04-05-2023 02:00,1002
04-05-2023 03:00,1063
04-05-2023 04:00,1077
04-05-2023 05:00,1027
04-05-2023 06:00,970
04-05-2023 07:00,998
04-05-2023 08:00,1075
04-05-2023 09:00,1124
04-05-2023 10:00,1152
04-05-2023 11:00,1166
04-05-2023 12:00,1159
04-05-2023 13:00,1144
04-05-2023 14:00,1131
04-05-2023 15:00,1126
04-05-2023 16:00,1161
04-05-2023 17:00,1185
04-05-2023 18:00,1225
04-05-2023 19:00,1254
04-05-2023 20:00,1216
04-05-2023 21:00,1164
04-05-2023 22:00,1110
04-05-2023 23:00,1066
05-05-2023 00:00,995
05-05-2023 01:00,960
05-05-2023 02:00,1006
05-05-2023 03:00,1068
05-05-2023 04:00,1077
05-05-2023 05:00,1023
05-05-2023 06:00,975
05-05-2023 07:00,1008
05-05-2023 08:00,1079
05-05-2023 09:00,1136
05-05-2023 10:00,1148
05-05-2023 11:00,1181
05-05-2023 12:00,1188
05-05-2023 13:00,1178
05-05-2023 14:00,1165
05-05-2023 15:00,1167
05-05-2023 16:00,1184
05-05-2023 17:00,1225
05-05-2023 18:00,1262
05-05-2023 19:00,1272
05-05-2023 20:00,1233
05-05-2023 21:00,1174
05-05-2023 22:00,1125
05-05-2023 23:00,1085
06-05-2023 00:00,1012
06-05-2023 01:00,970
06-05-2023 02:00,1014
06-05-2023 03:00,1071
06-05-2023 04:00,1079
06-05-2023 05:00,1028
06-05-2023 06:00,979
06-05-2023 07:00,1031
06-05-2023 08:00,1144
06-05-2023 09:00,1230
06-05-2023 10:00,1266
06-05-2023 11:00,1295
06-05-2023 12:00,1283
06-05-2023 13:00,1304
06-05-2023 14:00,1285
06-05-2023 15:00,1288
06-05-2023 16:00,1298
06-05-2023 17:00,1324
06-05-2023 18:00,1333
06-05-2023 19:00,1317
06-05-2023 20:00,1269
06-05-2023 21:00,1202
06-05-2023 22:00,1152
06-05-2023 23:00,1116
07-05-2023 00:00,1040
07-05-2023 01:00,1007
07-05-2023 02:00,1038
07-05-2023 03:00,1087
07-05-2023 04:00,1091
07-05-2023 05:00,1050
07-05-2023 06:00,1037
07-05-2023 07:00,1100
07-05-2023 08:00,1182
07-05-2023 09:00,1249
07-05-2023 10:00,1281
07-05-2023 11:00,1297
07-05-2023 12:00,1297
07-05-2023 13:00,1277
07-05-2023 14:00,1272
07-05-2023 15:00,1269
07-05-2023 16:00,1287
07-05-2023 17:00,1334
07-05-2023 18:00,1367
07-05-2023 19:00,1346
07-05-2023 20:00,1300
07-05-2023 21:00,1240
07-05-2023 22:00,1180
07-05-2023 23:00,1133
08-05-2023 00:00,1057
08-05-2023 01:00,1025
08-05-2023 02:00,1065
08-05-2023 03:00,1126
08-05-2023 04:00,1146
08-05-2023 05:00,1135
08-05-2023 06:00,1165
08-05-2023 07:00,1256
08-05-2023 08:00,1401
08-05-2023 09:00,1504
08-05-2023 10:00,1513
08-05-2023 11:00,1538
08-05-2023 12:00,1445
08-05-2023 13:00,1496
08-05-2023 14:00,1494
08-05-2023 15:00,1463
08-05-2023 16:00,1472
08-05-2023 17:00,1427
08-05-2023 18:00,1461
08-05-2023 19:00,1464
08-05-2023 20:00,1411
08-05-2023 21:00,1363
08-05-2023 22:00,1312
08-05-2023 23:00,1254
09-05-2023 00:00,1157
09-05-2023 01:00,1125
09-05-2023 02:00,1174
09-05-2023 03:00,1247
09-05-2023 04:00,1273
09-05-2023 05:00,1249
09-05-2023 06:00,1235
09-05-2023 07:00,1309
09-05-2023 08:00,1456
09-05-2023 09:00,1549
09-05-2023 10:00,1577
09-05-2023 11:00,1590
09-05-2023 12:00,1522
09-05-2023 13:00,1569
09-05-2023 14:00,1563
09-05-2023 15:00,1547
09-05-2023 16:00,1545
09-05-2023 17:00,1505
09-05-2023 18:00,1499
09-05-2023 19:00,1485
09-05-2023 20:00,1430
09-05-2023 21:00,1380
09-05-2023 22:00,1315
09-05-2023 23:00,1258
10-05-2023 00:00,1171
10-05-2023 01:00,1128
10-05-2023 02:00,1181
10-05-2023 03:00,1242
10-05-2023 04:00,1257
10-05-2023 05:00,1230
10-05-2023 06:00,1227
10-05-2023 07:00,1306
10-05-2023 08:00,1460
10-05-2023 09:00,1570
10-05-2023 10:00,1602
10-05-2023 11:00,1611
10-05-2023 12:00,1536
10-05-2023 13:00,1621
10-05-2023 14:00,1594
10-05-2023 15:00,1569
10-05-2023 16:00,1578
10-05-2023 17:00,1532
10-05-2023 18:00,1512
10-05-2023 19:00,1493
10-05-2023 20:00,1434
10-05-2023 21:00,1366
10-05-2023 22:00,1316
10-05-2023 23:00,1259
11-05-2023 00:00,1176
11-05-2023 01:00,1135
11-05-2023 02:00,1178
11-05-2023 03:00,1251
11-05-2023 04:00,1268
11-05-2023 05:00,1242
11-05-2023 06:00,1238
11-05-2023 07:00,1311
11-05-2023 08:00,1464
11-05-2023 09:00,1574
11-05-2023 10:00,1612
11-05-2023 11:00,1630
11-05-2023 12:00,1548
11-05-2023 13:00,1604
11-05-2023 14:00,1602
11-05-2023 15:00,1578
11-05-2023 16:00,1576
11-05-2023 17:00,1533
11-05-2023 18:00,1515
11-05-2023 19:00,1497
11-05-2023 20:00,1435
11-05-2023 21:00,1388
11-05-2023 22:00,1333
11-05-2023 23:00,1274
12-05-2023 00:00,1187
12-05-2023 01:00,1147
12-05-2023 02:00,1193
12-05-2023 03:00,1270
12-05-2023 04:00,1283
12-05-2023 05:00,1267
12-05-2023 06:00,1261
12-05-2023 07:00,1317
12-05-2023 08:00,1451
12-05-2023 09:00,1562
12-05-2023 10:00,1591
12-05-2023 11:00,1604
12-05-2023 12:00,1530
12-05-2023 13:00,1607
12-05-2023 14:00,1603
12-05-2023 15:00,1593
12-05-2023 16:00,1572
12-05-2023 17:00,1494
12-05-2023 18:00,1500
12-05-2023 19:00,1493
12-05-2023 20:00,1438
12-05-2023 21:00,1372
12-05-2023 22:00,1323
12-05-2023 23:00,1276
13-05-2023 00:00,1191
13-05-2023 01:00,1146
13-05-2023 02:00,1189
13-05-2023 03:00,1254
13-05-2023 04:00,1253
13-05-2023 05:00,1196
13-05-2023 06:00,1133
13-05-2023 07:00,1168
13-05-2023 08:00,1274
13-05-2023 09:00,1344
13-05-2023 10:00,1382
13-05-2023 11:00,1385
13-05-2023 12:00,1366
13-05-2023 13:00,1397
13-05-2023 14:00,1395
13-05-2023 15:00,1394
13-05-2023 16:00,1400
13-05-2023 17:00,1406
13-05-2023 18:00,1423
13-05-2023 19:00,1404
13-05-2023 20:00,1364
13-05-2023 21:00,1304
13-05-2023 22:00,1237
13-05-2023 23:00,1194
14-05-2023 00:00,1121
14-05-2023 01:00,1076
14-05-2023 02:00,1121
14-05-2023 03:00,1183
14-05-2023 04:00,1189
14-05-2023 05:00,1140
14-05-2023 06:00,1095
14-05-2023 07:00,1127
14-05-2023 08:00,1210
14-05-2023 09:00,1266
14-05-2023 10:00,1284
14-05-2023 11:00,1288
14-05-2023 12:00,1292
14-05-2023 13:00,1291
14-05-2023 14:00,1284
14-05-2023 15:00,1296
14-05-2023 16:00,1319
14-05-2023 17:00,1338
14-05-2023 18:00,1371
14-05-2023 19:00,1395
14-05-2023 20:00,1353
14-05-2023 21:00,1285
14-05-2023 22:00,1225
14-05-2023 23:00,1171
15-05-2023 00:00,1096
15-05-2023 01:00,1065
15-05-2023 02:00,1119
15-05-2023 03:00,1193
15-05-2023 04:00,1211
15-05-2023 05:00,1186
15-05-2023 06:00,1194
15-05-2023 07:00,1317
15-05-2023 08:00,1476
15-05-2023 09:00,1576
15-05-2023 10:00,1609
15-05-2023 11:00,1651
15-05-2023 12:00,1589
15-05-2023 13:00,1649
15-05-2023 14:00,1660
15-05-2023 15:00,1628
15-05-2023 16:00,1608
15-05-2023 17:00,1545
15-05-2023 18:00,1533
15-05-2023 19:00,1521
15-05-2023 20:00,1450
15-05-2023 21:00,1388
15-05-2023 22:00,1328
15-05-2023 23:00,1271
16-05-2023 00:00,1184
16-05-2023 01:00,1149
16-05-2023 02:00,1191
16-05-2023 03:00,1255
16-05-2023 04:00,1269
16-05-2023 05:00,1248
16-05-2023 06:00,1257
16-05-2023 07:00,1334
16-05-2023 08:00,1508
16-05-2023 09:00,1637
16-05-2023 10:00,1676
16-05-2023 11:00,1699
16-05-2023 12:00,1624
16-05-2023 13:00,1711
16-05-2023 14:00,1715
16-05-2023 15:00,1692
16-05-2023 16:00,1688
16-05-2023 17:00,1623
16-05-2023 18:00,1591
16-05-2023 19:00,1552
16-05-2023 20:00,1478
16-05-2023 21:00,1410
16-05-2023 22:00,1358
16-05-2023 23:00,1293
17-05-2023 00:00,1206
17-05-2023 01:00,1152
17-05-2023 02:00,1186
17-05-2023 03:00,1254
17-05-2023 04:00,1268
17-05-2023 05:00,1237
17-05-2023 06:00,1244
17-05-2023 07:00,1356
17-05-2023 08:00,1542
17-05-2023 09:00,1703
17-05-2023 10:00,1747
17-05-2023 11:00,1784
17-05-2023 12:00,1724
17-05-2023 13:00,1820
17-05-2023 14:00,1834
17-05-2023 15:00,1825
17-05-2023 16:00,1805
17-05-2023 17:00,1709
17-05-2023 18:00,1648
17-05-2023 19:00,1605
17-05-2023 20:00,1525
17-05-2023 21:00,1450
17-05-2023 22:00,1388
17-05-2023 23:00,1317
18-05-2023 00:00,1216
18-05-2023 01:00,1161
18-05-2023 02:00,1206
18-05-2023 03:00,1263
18-05-2023 04:00,1268
18-05-2023 05:00,1226
18-05-2023 06:00,1242
18-05-2023 07:00,1367
18-05-2023 08:00,1569
18-05-2023 09:00,1723
18-05-2023 10:00,1773
18-05-2023 11:00,1786
18-05-2023 12:00,1692
18-05-2023 13:00,1760
18-05-2023 14:00,1749
18-05-2023 15:00,1708
18-05-2023 16:00,1688
18-05-2023 17:00,1631
18-05-2023 18:00,1616
18-05-2023 19:00,1569
18-05-2023 20:00,1498
18-05-2023 21:00,1441
18-05-2023 22:00,1383
18-05-2023 23:00,1322
19-05-2023 00:00,1232
19-05-2023 01:00,1180
19-05-2023 02:00,1210
19-05-2023 03:00,1260
19-05-2023 04:00,1269
19-05-2023 05:00,1256
19-05-2023 06:00,1280
19-05-2023 07:00,1383
19-05-2023 08:00,1568
19-05-2023 09:00,1695
19-05-2023 10:00,1694
19-05-2023 11:00,1693
19-05-2023 12:00,1603
19-05-2023 13:00,1659
19-05-2023 14:00,1653
19-05-2023 15:00,1617
19-05-2023 16:00,1606
19-05-2023 17:00,1542
19-05-2023 18:00,1528
19-05-2023 19:00,1501
19-05-2023 20:00,1444
19-05-2023 21:00,1377
19-05-2023 22:00,1329
19-05-2023 23:00,1283
20-05-2023 00:00,1197
20-05-2023 01:00,1146
20-05-2023 02:00,1168
20-05-2023 03:00,1227
20-05-2023 04:00,1234
20-05-2023 05:00,1186
20-05-2023 06:00,1160
20-05-2023 07:00,1218
20-05-2023 08:00,1332
20-05-2023 09:00,1385
20-05-2023 10:00,1393
20-05-2023 11:00,1395
20-05-2023 12:00,1371
20-05-2023 13:00,1374
20-05-2023 14:00,1372
20-05-2023 15:00,1364
20-05-2023 16:00,1355
20-05-2023 17:00,1351
20-05-2023 18:00,1373
20-05-2023 19:00,1381
20-05-2023 20:00,1338
20-05-2023 21:00,1284
20-05-2023 22:00,1223
20-05-2023 23:00,1184
21-05-2023 00:00,1102
21-05-2023 01:00,1060
21-05-2023 02:00,1091
21-05-2023 03:00,1154
21-05-2023 04:00,1166
21-05-2023 05:00,1111
21-05-2023 06:00,1075
21-05-2023 07:00,1105
21-05-2023 08:00,1177
21-05-2023 09:00,1271
21-05-2023 10:00,1339
21-05-2023 11:00,1368
21-05-2023 12:00,1359
21-05-2023 13:00,1337
21-05-2023 14:00,1343
21-05-2023 15:00,1351
21-05-2023 16:00,1362
21-05-2023 17:00,1389
21-05-2023 18:00,1393
21-05-2023 19:00,1402
21-05-2023 20:00,1353
21-05-2023 21:00,1286
21-05-2023 22:00,1226
21-05-2023 23:00,1173
22-05-2023 00:00,1086
22-05-2023 01:00,1053
22-05-2023 02:00,1098
22-05-2023 03:00,1155
22-05-2023 04:00,1170
22-05-2023 05:00,1153
22-05-2023 06:00,1183
22-05-2023 07:00,1314
22-05-2023 08:00,1516
22-05-2023 09:00,1689
22-05-2023 10:00,1754
22-05-2023 11:00,1776
22-05-2023 12:00,1714
22-05-2023 13:00,1819
22-05-2023 14:00,1816
22-05-2023 15:00,1765
22-05-2023 16:00,1762
22-05-2023 17:00,1671
22-05-2023 18:00,1605
22-05-2023 19:00,1526
22-05-2023 20:00,1445
22-05-2023 21:00,1379
22-05-2023 22:00,1328
22-05-2023 23:00,1277
23-05-2023 00:00,1191
23-05-2023 01:00,1135
23-05-2023 02:00,1179
23-05-2023 03:00,1237
23-05-2023 04:00,1260
23-05-2023 05:00,1245
23-05-2023 06:00,1264
23-05-2023 07:00,1367
23-05-2023 08:00,1512
23-05-2023 09:00,1572
23-05-2023 10:00,1605
23-05-2023 11:00,1641
23-05-2023 12:00,1564
23-05-2023 13:00,1645
23-05-2023 14:00,1642
23-05-2023 15:00,1607
23-05-2023 16:00,1599
23-05-2023 17:00,1546
23-05-2023 18:00,1521
23-05-2023 19:00,1508
23-05-2023 20:00,1441
23-05-2023 21:00,1389
23-05-2023 22:00,1333
23-05-2023 23:00,1282
24-05-2023 00:00,1189
24-05-2023 01:00,1143
24-05-2023 02:00,1173
24-05-2023 03:00,1240
24-05-2023 04:00,1262
24-05-2023 05:00,1234
24-05-2023 06:00,1244
24-05-2023 07:00,1318
24-05-2023 08:00,1497
24-05-2023 09:00,1599
24-05-2023 10:00,1615
24-05-2023 11:00,1624
24-05-2023 12:00,1536
24-05-2023 13:00,1608
24-05-2023 14:00,1614
24-05-2023 15:00,1588
24-05-2023 16:00,1586
24-05-2023 17:00,1518
24-05-2023 18:00,1505
24-05-2023 19:00,1491
24-05-2023 20:00,1440
24-05-2023 21:00,1379
24-05-2023 22:00,1324
24-05-2023 23:00,1267
25-05-2023 00:00,1179
25-05-2023 01:00,1134
25-05-2023 02:00,1171
25-05-2023 03:00,1241
25-05-2023 04:00,1266
25-05-2023 05:00,1245
25-05-2023 06:00,1245
25-05-2023 07:00,1308
25-05-2023 08:00,1459
25-05-2023 09:00,1569
25-05-2023 10:00,1579
25-05-2023 11:00,1599
25-05-2023 12:00,1545
25-05-2023 13:00,1644
25-05-2023 14:00,1678
25-05-2023 15:00,1657
25-05-2023 16:00,1628
25-05-2023 17:00,1563
25-05-2023 18:00,1538
25-05-2023 19:00,1519
25-05-2023 20:00,1452
25-05-2023 21:00,1392
25-05-2023 22:00,1337
25-05-2023 23:00,1286
26-05-2023 00:00,1196
26-05-2023 01:00,1150
26-05-2023 02:00,1174
26-05-2023 03:00,1236
26-05-2023 04:00,1251
26-05-2023 05:00,1239
26-05-2023 06:00,1271
26-05-2023 07:00,1371
26-05-2023 08:00,1511
26-05-2023 09:00,1622
26-05-2023 10:00,1632
26-05-2023 11:00,1643
26-05-2023 12:00,1589
26-05-2023 13:00,1681
26-05-2023 14:00,1685
26-05-2023 15:00,1658
26-05-2023 16:00,1629
26-05-2023 17:00,1568
26-05-2023 18:00,1531
26-05-2023 19:00,1514
26-05-2023 20:00,1455
26-05-2023 21:00,1398
26-05-2023 22:00,1354
26-05-2023 23:00,1306
27-05-2023 00:00,1214
27-05-2023 01:00,1158
27-05-2023 02:00,1174
27-05-2023 03:00,1230
27-05-2023 04:00,1240
27-05-2023 05:00,1171
27-05-2023 06:00,1116
27-05-2023 07:00,1176
27-05-2023 08:00,1304
27-05-2023 09:00,1386
27-05-2023 10:00,1405
27-05-2023 11:00,1419
27-05-2023 12:00,1387
27-05-2023 13:00,1412
27-05-2023 14:00,1454
27-05-2023 15:00,1443
27-05-2023 16:00,1451
27-05-2023 17:00,1413
27-05-2023 18:00,1403
27-05-2023 19:00,1418
27-05-2023 20:00,1370
27-05-2023 21:00,1310
27-05-2023 22:00,1240
27-05-2023 23:00,1208
28-05-2023 00:00,1124
28-05-2023 01:00,1072
28-05-2023 02:00,1092
28-05-2023 03:00,1158
28-05-2023 04:00,1170
28-05-2023 05:00,1115
28-05-2023 06:00,1063
28-05-2023 07:00,1108
28-05-2023 08:00,1190
28-05-2023 09:00,1250
28-05-2023 10:00,1277
28-05-2023 11:00,1323
28-05-2023 12:00,1350
28-05-2023 13:00,1355
28-05-2023 14:00,1330
28-05-2023 15:00,1319
28-05-2023 16:00,1342
28-05-2023 17:00,1362
28-05-2023 18:00,1415
28-05-2023 19:00,1414
28-05-2023 20:00,1374
28-05-2023 21:00,1313
28-05-2023 22:00,1244
28-05-2023 23:00,1199
29-05-2023 00:00,1118
29-05-2023 01:00,1074
29-05-2023 02:00,1099
29-05-2023 03:00,1168
29-05-2023 04:00,1184
29-05-2023 05:00,1190
29-05-2023 06:00,1230
29-05-2023 07:00,1362
29-05-2023 08:00,1572
29-05-2023 09:00,1717
29-05-2023 10:00,1739
29-05-2023 11:00,1747
29-05-2023 12:00,1666
29-05-2023 13:00,1734
29-05-2023 14:00,1734
29-05-2023 15:00,1722
29-05-2023 16:00,1720
29-05-2023 17:00,1672
29-05-2023 18:00,1632
29-05-2023 19:00,1576
29-05-2023 20:00,1505
29-05-2023 21:00,1449
29-05-2023 22:00,1383
29-05-2023 23:00,1323
30-05-2023 00:00,1226
30-05-2023 01:00,1178
30-05-2023 02:00,1202
30-05-2023 03:00,1246
30-05-2023 04:00,1261
30-05-2023 05:00,1249
30-05-2023 06:00,1278
30-05-2023 07:00,1372
30-05-2023 08:00,1547
30-05-2023 09:00,1669
30-05-2023 10:00,1680
30-05-2023 11:00,1685
30-05-2023 12:00,1621
30-05-2023 13:00,1685
30-05-2023 14:00,1659
30-05-2023 15:00,1664
30-05-2023 16:00,1668
30-05-2023 17:00,1602
30-05-2023 18:00,1570
30-05-2023 19:00,1528
30-05-2023 20:00,1460
30-05-2023 21:00,1400
30-05-2023 22:00,1345
30-05-2023 23:00,1282
31-05-2023 00:00,1197
31-05-2023 01:00,1146
31-05-2023 02:00,1170
31-05-2023 03:00,1232
31-05-2023 04:00,1249
31-05-2023 05:00,1230
31-05-2023 06:00,1254
31-05-2023 07:00,1342
31-05-2023 08:00,1501
31-05-2023 09:00,1602
31-05-2023 10:00,1603
31-05-2023 11:00,1592
31-05-2023 12:00,1515
31-05-2023 13:00,1569
31-05-2023 14:00,1617
31-05-2023 15:00,1631
31-05-2023 16:00,1617
31-05-2023 17:00,1561
31-05-2023 18:00,1519
31-05-2023 19:00,1504
31-05-2023 20:00,1441
31-05-2023 21:00,1372
31-05-2023 22:00,1322
31-05-2023 23:00,1271
01-06-2023 00:00,1174
01-06-2023 01:00,1123
01-06-2023 02:00,1148
01-06-2023 03:00,1213
01-06-2023 04:00,1234
01-06-2023 05:00,1208
01-06-2023 06:00,1215
01-06-2023 07:00,1312
01-06-2023 08:00,1487
01-06-2023 09:00,1622
01-06-2023 10:00,1704
01-06-2023 11:00,1730
01-06-2023 12:00,1627
01-06-2023 13:00,1702
01-06-2023 14:00,1705
01-06-2023 15:00,1707
01-06-2023 16:00,1690
01-06-2023 17:00,1632
01-06-2023 18:00,1602
01-06-2023 19:00,1557
01-06-2023 20:00,1502
01-06-2023 21:00,1454
01-06-2023 22:00,1394
01-06-2023 23:00,1343
02-06-2023 00:00,1252
02-06-2023 01:00,1201
02-06-2023 02:00,1227
02-06-2023 03:00,1287
02-06-2023 04:00,1297
02-06-2023 05:00,1282
02-06-2023 06:00,1328
02-06-2023 07:00,1445
02-06-2023 08:00,1632
02-06-2023 09:00,1784
02-06-2023 10:00,1821
02-06-2023 11:00,1825
02-06-2023 12:00,1719
02-06-2023 13:00,1748
02-06-2023 14:00,1717
02-06-2023 15:00,1670
02-06-2023 16:00,1653
02-06-2023 17:00,1604
02-06-2023 18:00,1577
02-06-2023 19:00,1539
02-06-2023 20:00,1473
02-06-2023 21:00,1417
02-06-2023 22:00,1373
02-06-2023 23:00,1314
03-06-2023 00:00,1229
03-06-2023 01:00,1164
03-06-2023 02:00,1196
03-06-2023 03:00,1254
03-06-2023 04:00,1253
03-06-2023 05:00,1189
03-06-2023 06:00,1152
03-06-2023 07:00,1190
03-06-2023 08:00,1281
03-06-2023 09:00,1365
03-06-2023 10:00,1406
03-06-2023 11:00,1413
03-06-2023 12:00,1396
03-06-2023 13:00,1391
03-06-2023 14:00,1372
03-06-2023 15:00,1356
03-06-2023 16:00,1369
03-06-2023 17:00,1383
03-06-2023 18:00,1386
03-06-2023 19:00,1398
03-06-2023 20:00,1356
03-06-2023 21:00,1291
03-06-2023 22:00,1229
03-06-2023 23:00,1194
04-06-2023 00:00,1109
04-06-2023 01:00,1058
04-06-2023 02:00,1086
04-06-2023 03:00,1138
04-06-2023 04:00,1159
04-06-2023 05:00,1120
04-06-2023 06:00,1058
04-06-2023 07:00,1075
04-06-2023 08:00,1174
04-06-2023 09:00,1262
04-06-2023 10:00,1324
04-06-2023 11:00,1360
04-06-2023 12:00,1338
04-06-2023 13:00,1295
04-06-2023 14:00,1272
04-06-2023 15:00,1280
04-06-2023 16:00,1313
04-06-2023 17:00,1344
04-06-2023 18:00,1379
04-06-2023 19:00,1398
04-06-2023 20:00,1361
04-06-2023 21:00,1299
04-06-2023 22:00,1237
04-06-2023 23:00,1193
05-06-2023 00:00,1111
05-06-2023 01:00,1059
05-06-2023 02:00,1090
05-06-2023 03:00,1156
05-06-2023 04:00,1181
05-06-2023 05:00,1173
05-06-2023 06:00,1185
05-06-2023 07:00,1283
05-06-2023 08:00,1452
05-06-2023 09:00,1593
05-06-2023 10:00,1658
05-06-2023 11:00,1692
05-06-2023 12:00,1648
05-06-2023 13:00,1731
05-06-2023 14:00,1751
05-06-2023 15:00,1728
05-06-2023 16:00,1694
05-06-2023 17:00,1619
05-06-2023 18:00,1581
05-06-2023 19:00,1559
05-06-2023 20:00,1495
05-06-2023 21:00,1427
05-06-2023 22:00,1376
05-06-2023 23:00,1318
06-06-2023 00:00,1217
06-06-2023 01:00,1158
06-06-2023 02:00,1186
06-06-2023 03:00,1251
06-06-2023 04:00,1268
06-06-2023 05:00,1240
06-06-2023 06:00,1250
06-06-2023 07:00,1355
06-06-2023 08:00,1533
06-06-2023 09:00,1647
06-06-2023 10:00,1666
06-06-2023 11:00,1669
06-06-2023 12:00,1576
06-06-2023 13:00,1631
06-06-2023 14:00,1646
06-06-2023 15:00,1655
06-06-2023 16:00,1651
06-06-2023 17:00,1606
06-06-2023 18:00,1578
06-06-2023 19:00,1543
06-06-2023 20:00,1482
06-06-2023 21:00,1427
06-06-2023 22:00,1371
06-06-2023 23:00,1321
07-06-2023 00:00,1234
07-06-2023 01:00,1168
07-06-2023 02:00,1201
07-06-2023 03:00,1263
07-06-2023 04:00,1274
07-06-2023 05:00,1253
07-06-2023 06:00,1250
07-06-2023 07:00,1361
07-06-2023 08:00,1541
07-06-2023 09:00,1665
07-06-2023 10:00,1693
07-06-2023 11:00,1698
07-06-2023 12:00,1635
07-06-2023 13:00,1720
07-06-2023 14:00,1713
07-06-2023 15:00,1738
07-06-2023 16:00,1694
07-06-2023 17:00,1602
07-06-2023 18:00,1584
07-06-2023 19:00,1572
07-06-2023 20:00,1501
07-06-2023 21:00,1438
07-06-2023 22:00,1384
07-06-2023 23:00,1328
08-06-2023 00:00,1235
08-06-2023 01:00,1162
08-06-2023 02:00,1197
08-06-2023 03:00,1256
08-06-2023 04:00,1273
08-06-2023 05:00,1234
08-06-2023 06:00,1223
08-06-2023 07:00,1325
08-06-2023 08:00,1524
08-06-2023 09:00,1663
08-06-2023 10:00,1721
08-06-2023 11:00,1719
08-06-2023 12:00,1626
08-06-2023 13:00,1721
08-06-2023 14:00,1732
08-06-2023 15:00,1716
08-06-2023 16:00,1715
08-06-2023 17:00,1650
08-06-2023 18:00,1613
08-06-2023 19:00,1551
08-06-2023 20:00,1474
08-06-2023 21:00,1421
08-06-2023 22:00,1367
08-06-2023 23:00,1312
09-06-2023 00:00,1227
09-06-2023 01:00,1178
09-06-2023 02:00,1209
09-06-2023 03:00,1260
09-06-2023 04:00,1276
09-06-2023 05:00,1259
09-06-2023 06:00,1270
09-06-2023 07:00,1375
09-06-2023 08:00,1563
09-06-2023 09:00,1708
09-06-2023 10:00,1732
09-06-2023 11:00,1732
09-06-2023 12:00,1634
09-06-2023 13:00,1714
09-06-2023 14:00,1707
09-06-2023 15:00,1666
09-06-2023 16:00,1671
09-06-2023 17:00,1609
09-06-2023 18:00,1592
09-06-2023 19:00,1566
09-06-2023 20:00,1490
09-06-2023 21:00,1425
09-06-2023 22:00,1378
09-06-2023 23:00,1319
10-06-2023 00:00,1226
10-06-2023 01:00,1171
10-06-2023 02:00,1188
10-06-2023 03:00,1240
10-06-2023 04:00,1254
10-06-2023 05:00,1202
10-06-2023 06:00,1129
10-06-2023 07:00,1174
10-06-2023 08:00,1282
10-06-2023 09:00,1395
10-06-2023 10:00,1430
10-06-2023 11:00,1428
10-06-2023 12:00,1396
10-06-2023 13:00,1402
10-06-2023 14:00,1395
10-06-2023 15:00,1411
10-06-2023 16:00,1434
10-06-2023 17:00,1447
10-06-2023 18:00,1468
10-06-2023 19:00,1469
10-06-2023 20:00,1400
10-06-2023 21:00,1337
10-06-2023 22:00,1281
10-06-2023 23:00,1228
11-06-2023 00:00,1137
11-06-2023 01:00,1079
11-06-2023 02:00,1095
11-06-2023 03:00,1161
11-06-2023 04:00,1173
11-06-2023 05:00,1141
11-06-2023 06:00,1121
11-06-2023 07:00,1162
11-06-2023 08:00,1243
11-06-2023 09:00,1324
11-06-2023 10:00,1343
11-06-2023 11:00,1354
11-06-2023 12:00,1352
11-06-2023 13:00,1341
11-06-2023 14:00,1323
11-06-2023 15:00,1319
11-06-2023 16:00,1353
11-06-2023 17:00,1400
11-06-2023 18:00,1428
11-06-2023 19:00,1434
11-06-2023 20:00,1387
11-06-2023 21:00,1319
11-06-2023 22:00,1258
11-06-2023 23:00,1205
12-06-2023 00:00,1130
12-06-2023 01:00,1082
12-06-2023 02:00,1108
12-06-2023 03:00,1171
12-06-2023 04:00,1185
12-06-2023 05:00,1184
12-06-2023 06:00,1236
12-06-2023 07:00,1372
12-06-2023 08:00,1561
12-06-2023 09:00,1718
12-06-2023 10:00,1754
12-06-2023 11:00,1756
12-06-2023 12:00,1668
12-06-2023 13:00,1755
12-06-2023 14:00,1766
12-06-2023 15:00,1753
12-06-2023 16:00,1748
12-06-2023 17:00,1680
12-06-2023 18:00,1642
12-06-2023 19:00,1593
12-06-2023 20:00,1519
12-06-2023 21:00,1458
12-06-2023 22:00,1396
12-06-2023 23:00,1339
13-06-2023 00:00,1243
13-06-2023 01:00,1184
13-06-2023 02:00,1207
13-06-2023 03:00,1266
13-06-2023 04:00,1287
13-06-2023 05:00,1263
13-06-2023 06:00,1286
13-06-2023 07:00,1412
13-06-2023 08:00,1625
13-06-2023 09:00,1775
13-06-2023 10:00,1827
13-06-2023 11:00,1851
13-06-2023 12:00,1780
13-06-2023 13:00,1857
13-06-2023 14:00,1895
13-06-2023 15:00,1848
13-06-2023 16:00,1878
13-06-2023 17:00,1772
13-06-2023 18:00,1712
13-06-2023 19:00,1672
13-06-2023 20:00,1588
13-06-2023 21:00,1513
13-06-2023 22:00,1452
13-06-2023 23:00,1384
14-06-2023 00:00,1286
14-06-2023 01:00,1218
14-06-2023 02:00,1233
14-06-2023 03:00,1279
14-06-2023 04:00,1290
14-06-2023 05:00,1277
14-06-2023 06:00,1314
14-06-2023 07:00,1437
14-06-2023 08:00,1643
14-06-2023 09:00,1776
14-06-2023 10:00,1806
14-06-2023 11:00,1861
14-06-2023 12:00,1787
14-06-2023 13:00,1843
14-06-2023 14:00,1859
14-06-2023 15:00,1841
14-06-2023 16:00,1823
14-06-2023 17:00,1739
14-06-2023 18:00,1692
14-06-2023 19:00,1636
14-06-2023 20:00,1565
14-06-2023 21:00,1499
14-06-2023 22:00,1450
14-06-2023 23:00,1379
15-06-2023 00:00,1280
15-06-2023 01:00,1215
15-06-2023 02:00,1230
15-06-2023 03:00,1286
15-06-2023 04:00,1289
15-06-2023 05:00,1271
15-06-2023 06:00,1287
15-06-2023 07:00,1409
15-06-2023 08:00,1613
15-06-2023 09:00,1725
15-06-2023 10:00,1765
15-06-2023 11:00,1783
15-06-2023 12:00,1683
15-06-2023 13:00,1783
15-06-2023 14:00,1794
15-06-2023 15:00,1771
15-06-2023 16:00,1755
15-06-2023 17:00,1707
15-06-2023 18:00,1681
15-06-2023 19:00,1629
15-06-2023 20:00,1551
15-06-2023 21:00,1485
15-06-2023 22:00,1422
15-06-2023 23:00,1362
16-06-2023 00:00,1258
16-06-2023 01:00,1193
16-06-2023 02:00,1212
16-06-2023 03:00,1260
16-06-2023 04:00,1276
16-06-2023 05:00,1259
16-06-2023 06:00,1272
16-06-2023 07:00,1393
16-06-2023 08:00,1585
16-06-2023 09:00,1760
16-06-2023 10:00,1818
16-06-2023 11:00,1827
16-06-2023 12:00,1766
16-06-2023 13:00,1829
16-06-2023 14:00,1832
16-06-2023 15:00,1821
16-06-2023 16:00,1792
16-06-2023 17:00,1707
16-06-2023 18:00,1645
16-06-2023 19:00,1611
16-06-2023 20:00,1546
16-06-2023 21:00,1467
16-06-2023 22:00,1411
16-06-2023 23:00,1350
17-06-2023 00:00,1253
17-06-2023 01:00,1182
17-06-2023 02:00,1190
17-06-2023 03:00,1237
17-06-2023 04:00,1238
17-06-2023 05:00,1185
17-06-2023 06:00,1169
17-06-2023 07:00,1251
17-06-2023 08:00,1375
17-06-2023 09:00,1499
17-06-2023 10:00,1571
17-06-2023 11:00,1600
17-06-2023 12:00,1591
17-06-2023 13:00,1609
17-06-2023 14:00,1608
17-06-2023 15:00,1607
17-06-2023 16:00,1613
17-06-2023 17:00,1601
17-06-2023 18:00,1577
17-06-2023 19:00,1556
17-06-2023 20:00,1490
17-06-2023 21:00,1407
17-06-2023 22:00,1337
17-06-2023 23:00,1272
18-06-2023 00:00,1178
18-06-2023 01:00,1114
18-06-2023 02:00,1119
18-06-2023 03:00,1166
18-06-2023 04:00,1169
18-06-2023 05:00,1118
18-06-2023 06:00,1082
18-06-2023 07:00,1132
18-06-2023 08:00,1228
18-06-2023 09:00,1325
18-06-2023 10:00,1369
18-06-2023 11:00,1369
18-06-2023 12:00,1390
18-06-2023 13:00,1405
18-06-2023 14:00,1389
18-06-2023 15:00,1383
18-06-2023 16:00,1415
18-06-2023 17:00,1465
18-06-2023 18:00,1482
18-06-2023 19:00,1487
18-06-2023 20:00,1461
18-06-2023 21:00,1382
18-06-2023 22:00,1309
18-06-2023 23:00,1249
19-06-2023 00:00,1151
19-06-2023 01:00,1090
19-06-2023 02:00,1108
19-06-2023 03:00,1167
19-06-2023 04:00,1186
19-06-2023 05:00,1174
19-06-2023 06:00,1227
19-06-2023 07:00,1384
19-06-2023 08:00,1610
19-06-2023 09:00,1813
19-06-2023 10:00,1876
19-06-2023 11:00,1912
19-06-2023 12:00,1851
19-06-2023 13:00,1955
19-06-2023 14:00,1974
19-06-2023 15:00,1945
19-06-2023 16:00,1916
19-06-2023 17:00,1816
19-06-2023 18:00,1729
19-06-2023 19:00,1652
19-06-2023 20:00,1553
19-06-2023 21:00,1484
19-06-2023 22:00,1422
19-06-2023 23:00,1352
20-06-2023 00:00,1247
20-06-2023 01:00,1186
20-06-2023 02:00,1195
20-06-2023 03:00,1241
20-06-2023 04:00,1262
20-06-2023 05:00,1245
20-06-2023 06:00,1245
20-06-2023 07:00,1360
20-06-2023 08:00,1588
20-06-2023 09:00,1775
20-06-2023 10:00,1851
20-06-2023 11:00,1923
20-06-2023 12:00,1829
20-06-2023 13:00,1944
20-06-2023 14:00,1968
20-06-2023 15:00,1939
20-06-2023 16:00,1909
20-06-2023 17:00,1806
20-06-2023 18:00,1754
20-06-2023 19:00,1697
20-06-2023 20:00,1610
20-06-2023 21:00,1536
20-06-2023 22:00,1467
20-06-2023 23:00,1397
21-06-2023 00:00,1283
21-06-2023 01:00,1216
21-06-2023 02:00,1221
21-06-2023 03:00,1273
21-06-2023 04:00,1286
21-06-2023 05:00,1261
21-06-2023 06:00,1281
21-06-2023 07:00,1408
21-06-2023 08:00,1640
21-06-2023 09:00,1797
21-06-2023 10:00,1829
21-06-2023 11:00,1836
21-06-2023 12:00,1768
21-06-2023 13:00,1868
21-06-2023 14:00,1864
21-06-2023 15:00,1840
21-06-2023 16:00,1786
21-06-2023 17:00,1696
21-06-2023 18:00,1659
21-06-2023 19:00,1636
21-06-2023 20:00,1556
21-06-2023 21:00,1476
21-06-2023 22:00,1420
21-06-2023 23:00,1363
22-06-2023 00:00,1260
22-06-2023 01:00,1203
22-06-2023 02:00,1212
22-06-2023 03:00,1264
22-06-2023 04:00,1284
22-06-2023 05:00,1287
22-06-2023 06:00,1324
22-06-2023 07:00,1444
22-06-2023 08:00,1624
22-06-2023 09:00,1741
22-06-2023 10:00,1754
22-06-2023 11:00,1742
22-06-2023 12:00,1649
22-06-2023 13:00,1725
22-06-2023 14:00,1746
22-06-2023 15:00,1762
22-06-2023 16:00,1758
22-06-2023 17:00,1671
22-06-2023 18:00,1647
22-06-2023 19:00,1598
22-06-2023 20:00,1522
22-06-2023 21:00,1462
22-06-2023 22:00,1412
22-06-2023 23:00,1359
23-06-2023 00:00,1262
23-06-2023 01:00,1195
23-06-2023 02:00,1212
23-06-2023 03:00,1257
23-06-2023 04:00,1279
23-06-2023 05:00,1272
23-06-2023 06:00,1300
23-06-2023 07:00,1406
23-06-2023 08:00,1600
23-06-2023 09:00,1737
23-06-2023 10:00,1754
23-06-2023 11:00,1749
23-06-2023 12:00,1696
23-06-2023 13:00,1781
23-06-2023 14:00,1808
23-06-2023 15:00,1808
23-06-2023 16:00,1780
23-06-2023 17:00,1675
23-06-2023 18:00,1636
23-06-2023 19:00,1622
23-06-2023 20:00,1549
23-06-2023 21:00,1474
23-06-2023 22:00,1414
23-06-2023 23:00,1360
24-06-2023 00:00,1256
24-06-2023 01:00,1185
24-06-2023 02:00,1193
24-06-2023 03:00,1239
24-06-2023 04:00,1250
24-06-2023 05:00,1213
24-06-2023 06:00,1172
24-06-2023 07:00,1241
24-06-2023 08:00,1349
24-06-2023 09:00,1456
24-06-2023 10:00,1519
24-06-2023 11:00,1532
24-06-2023 12:00,1556
24-06-2023 13:00,1569
24-06-2023 14:00,1587
24-06-2023 15:00,1574
24-06-2023 16:00,1557
24-06-2023 17:00,1540
24-06-2023 18:00,1543
24-06-2023 19:00,1546
24-06-2023 20:00,1493
24-06-2023 21:00,1420
24-06-2023 22:00,1344
24-06-2023 23:00,1277
25-06-2023 00:00,1192
25-06-2023 01:00,1134
25-06-2023 02:00,1138
25-06-2023 03:00,1188
25-06-2023 04:00,1202
25-06-2023 05:00,1155
25-06-2023 06:00,1110
25-06-2023 07:00,1178
25-06-2023 08:00,1279
25-06-2023 09:00,1366
25-06-2023 10:00,1400
25-06-2023 11:00,1417
25-06-2023 12:00,1448
25-06-2023 13:00,1484
25-06-2023 14:00,1486
25-06-2023 15:00,1500
25-06-2023 16:00,1498
25-06-2023 17:00,1512
25-06-2023 18:00,1542
25-06-2023 19:00,1561
25-06-2023 20:00,1513
25-06-2023 21:00,1438
25-06-2023 22:00,1364
25-06-2023 23:00,1303
26-06-2023 00:00,1201
26-06-2023 01:00,1144
26-06-2023 02:00,1151
26-06-2023 03:00,1208
26-06-2023 04:00,1229
26-06-2023 05:00,1225
26-06-2023 06:00,1278
26-06-2023 07:00,1434
26-06-2023 08:00,1642
26-06-2023 09:00,1827
26-06-2023 10:00,1867
26-06-2023 11:00,1885
26-06-2023 12:00,1814
26-06-2023 13:00,1915
26-06-2023 14:00,1903
26-06-2023 15:00,1907
26-06-2023 16:00,1894
26-06-2023 17:00,1809
26-06-2023 18:00,1761
26-06-2023 19:00,1716
26-06-2023 20:00,1640
26-06-2023 21:00,1573
26-06-2023 22:00,1503
26-06-2023 23:00,1429
27-06-2023 00:00,1314
27-06-2023 01:00,1242
27-06-2023 02:00,1258
27-06-2023 03:00,1293
27-06-2023 04:00,1302
27-06-2023 05:00,1285
27-06-2023 06:00,1320
27-06-2023 07:00,1485
27-06-2023 08:00,1747
27-06-2023 09:00,1967
27-06-2023 10:00,2053
27-06-2023 11:00,2092
27-06-2023 12:00,2039
27-06-2023 13:00,2147
27-06-2023 14:00,2173
27-06-2023 15:00,2130
27-06-2023 16:00,2125
27-06-2023 17:00,2018
27-06-2023 18:00,1927
27-06-2023 19:00,1865
27-06-2023 20:00,1766
27-06-2023 21:00,1663
27-06-2023 22:00,1573
27-06-2023 23:00,1488
28-06-2023 00:00,1360
28-06-2023 01:00,1277
28-06-2023 02:00,1277
28-06-2023 03:00,1314
28-06-2023 04:00,1320
28-06-2023 05:00,1304
28-06-2023 06:00,1357
28-06-2023 07:00,1553
28-06-2023 08:00,1843
28-06-2023 09:00,2042
28-06-2023 10:00,2094
28-06-2023 11:00,2145
28-06-2023 12:00,2098
28-06-2023 13:00,2161
28-06-2023 14:00,2155
28-06-2023 15:00,2130
28-06-2023 16:00,1998
28-06-2023 17:00,1855
28-06-2023 18:00,1803
28-06-2023 19:00,1763
28-06-2023 20:00,1687
28-06-2023 21:00,1603
28-06-2023 22:00,1528
28-06-2023 23:00,1457
29-06-2023 00:00,1343
29-06-2023 01:00,1263
29-06-2023 02:00,1272
29-06-2023 03:00,1312
29-06-2023 04:00,1317
29-06-2023 05:00,1324
29-06-2023 06:00,1384
29-06-2023 07:00,1565
29-06-2023 08:00,1840
29-06-2023 09:00,2063
29-06-2023 10:00,2152
29-06-2023 11:00,2194
29-06-2023 12:00,2135
29-06-2023 13:00,2255
29-06-2023 14:00,2266
29-06-2023 15:00,2237
29-06-2023 16:00,2171
29-06-2023 17:00,2034
29-06-2023 18:00,1968
29-06-2023 19:00,1896
29-06-2023 20:00,1793
29-06-2023 21:00,1714
29-06-2023 22:00,1628
29-06-2023 23:00,1540
30-06-2023 00:00,1411
30-06-2023 01:00,1329
30-06-2023 02:00,1323
30-06-2023 03:00,1353
30-06-2023 04:00,1361
30-06-2023 05:00,1355
30-06-2023 06:00,1407
30-06-2023 07:00,1586
30-06-2023 08:00,1859
30-06-2023 09:00,2044
30-06-2023 10:00,2107
30-06-2023 11:00,2108
30-06-2023 12:00,2013
30-06-2023 13:00,2091
30-06-2023 14:00,2094
30-06-2023 15:00,2053
30-06-2023 16:00,2004
30-06-2023 17:00,1898
30-06-2023 18:00,1847
30-06-2023 19:00,1794
30-06-2023 20:00,1708
30-06-2023 21:00,1632
30-06-2023 22:00,1555
30-06-2023 23:00,1472
01-07-2023 00:00,1352
01-07-2023 01:00,1269
01-07-2023 02:00,1263
01-07-2023 03:00,1293
01-07-2023 04:00,1301
01-07-2023 05:00,1274
01-07-2023 06:00,1258
01-07-2023 07:00,1329
01-07-2023 08:00,1472
01-07-2023 09:00,1600
01-07-2023 10:00,1644
01-07-2023 11:00,1653
01-07-2023 12:00,1606
01-07-2023 13:00,1596
01-07-2023 14:00,1584
01-07-2023 15:00,1565
01-07-2023 16:00,1564
01-07-2023 17:00,1542
01-07-2023 18:00,1541
01-07-2023 19:00,1543
01-07-2023 20:00,1483
01-07-2023 21:00,1425
01-07-2023 22:00,1369
01-07-2023 23:00,1314
02-07-2023 00:00,1217
02-07-2023 01:00,1150
02-07-2023 02:00,1154
02-07-2023 03:00,1199
02-07-2023 04:00,1203
02-07-2023 05:00,1172
02-07-2023 06:00,1154
02-07-2023 07:00,1223
02-07-2023 08:00,1343
02-07-2023 09:00,1478
02-07-2023 10:00,1548
02-07-2023 11:00,1581
02-07-2023 12:00,1600
02-07-2023 13:00,1617
02-07-2023 14:00,1635
02-07-2023 15:00,1658
02-07-2023 16:00,1666
02-07-2023 17:00,1666
02-07-2023 18:00,1692
02-07-2023 19:00,1693
02-07-2023 20:00,1624
02-07-2023 21:00,1551
02-07-2023 22:00,1459
02-07-2023 23:00,1374
03-07-2023 00:00,1257
03-07-2023 01:00,1178
03-07-2023 02:00,1189
03-07-2023 03:00,1232
03-07-2023 04:00,1242
03-07-2023 05:00,1239
03-07-2023 06:00,1304
03-07-2023 07:00,1506
03-07-2023 08:00,1809
03-07-2023 09:00,2042
03-07-2023 10:00,2109
03-07-2023 11:00,2106
03-07-2023 12:00,2088
03-07-2023 13:00,2155
03-07-2023 14:00,2141
03-07-2023 15:00,2084
03-07-2023 16:00,2037
03-07-2023 17:00,1964
03-07-2023 18:00,1928
03-07-2023 19:00,1864
03-07-2023 20:00,1761
03-07-2023 21:00,1691
03-07-2023 22:00,1595
03-07-2023 23:00,1507
04-07-2023 00:00,1372
04-07-2023 01:00,1285
04-07-2023 02:00,1270
04-07-2023 03:00,1302
04-07-2023 04:00,1315
04-07-2023 05:00,1305
04-07-2023 06:00,1350
04-07-2023 07:00,1521
04-07-2023 08:00,1795
04-07-2023 09:00,2002
04-07-2023 10:00,2083
04-07-2023 11:00,2138
04-07-2023 12:00,2110
04-07-2023 13:00,2237
04-07-2023 14:00,2266
04-07-2023 15:00,2267
04-07-2023 16:00,2231
04-07-2023 17:00,2107
04-07-2023 18:00,2019
04-07-2023 19:00,1941
04-07-2023 20:00,1828
04-07-2023 21:00,1734
04-07-2023 22:00,1636
04-07-2023 23:00,1537
05-07-2023 00:00,1409
05-07-2023 01:00,1321
05-07-2023 02:00,1314
05-07-2023 03:00,1342
05-07-2023 04:00,1355
05-07-2023 05:00,1347
05-07-2023 06:00,1407
05-07-2023 07:00,1572
05-07-2023 08:00,1816
05-07-2023 09:00,2007
05-07-2023 10:00,2064
05-07-2023 11:00,2078
05-07-2023 12:00,1947
05-07-2023 13:00,1997
05-07-2023 14:00,1988
05-07-2023 15:00,1953
05-07-2023 16:00,1936
05-07-2023 17:00,1839
05-07-2023 18:00,1792
05-07-2023 19:00,1748
05-07-2023 20:00,1667
05-07-2023 21:00,1598
05-07-2023 22:00,1540
05-07-2023 23:00,1472
06-07-2023 00:00,1360
06-07-2023 01:00,1288
06-07-2023 02:00,1294
06-07-2023 03:00,1331
06-07-2023 04:00,1339
06-07-2023 05:00,1333
06-07-2023 06:00,1381
06-07-2023 07:00,1550
06-07-2023 08:00,1827
06-07-2023 09:00,2047
06-07-2023 10:00,2128
06-07-2023 11:00,2176
06-07-2023 12:00,2129
06-07-2023 13:00,2230
06-07-2023 14:00,2254
06-07-2023 15:00,2251
06-07-2023 16:00,2221
06-07-2023 17:00,2079
06-07-2023 18:00,2012
06-07-2023 19:00,1940
06-07-2023 20:00,1834
06-07-2023 21:00,1747
06-07-2023 22:00,1647
06-07-2023 23:00,1548
07-07-2023 00:00,1413
07-07-2023 01:00,1318
07-07-2023 02:00,1310
07-07-2023 03:00,1332
07-07-2023 04:00,1338
07-07-2023 05:00,1335
07-07-2023 06:00,1375
07-07-2023 07:00,1541
07-07-2023 08:00,1832
07-07-2023 09:00,2066
07-07-2023 10:00,2155
07-07-2023 11:00,2215
07-07-2023 12:00,2176
07-07-2023 13:00,2294
07-07-2023 14:00,2312
07-07-2023 15:00,2242
07-07-2023 16:00,2191
07-07-2023 17:00,2078
07-07-2023 18:00,1999
07-07-2023 19:00,1916
07-07-2023 20:00,1813
07-07-2023 21:00,1729
07-07-2023 22:00,1666
07-07-2023 23:00,1584
08-07-2023 00:00,1460
08-07-2023 01:00,1371
08-07-2023 02:00,1360
08-07-2023 03:00,1384
08-07-2023 04:00,1373
08-07-2023 05:00,1342
08-07-2023 06:00,1342
08-07-2023 07:00,1458
08-07-2023 08:00,1628
08-07-2023 09:00,1768
08-07-2023 10:00,1835
08-07-2023 11:00,1842
08-07-2023 12:00,1854
08-07-2023 13:00,1859
08-07-2023 14:00,1870
08-07-2023 15:00,1853
08-07-2023 16:00,1853
08-07-2023 17:00,1830
08-07-2023 18:00,1822
08-07-2023 19:00,1793
08-07-2023 20:00,1722
08-07-2023 21:00,1638
08-07-2023 22:00,1548
08-07-2023 23:00,1464
09-07-2023 00:00,1351
09-07-2023 01:00,1277
09-07-2023 02:00,1260
09-07-2023 03:00,1281
09-07-2023 04:00,1275
09-07-2023 05:00,1249
09-07-2023 06:00,1236
09-07-2023 07:00,1315
09-07-2023 08:00,1433
09-07-2023 09:00,1527
09-07-2023 10:00,1621
09-07-2023 11:00,1668
09-07-2023 12:00,1707
09-07-2023 13:00,1714
09-07-2023 14:00,1723
09-07-2023 15:00,1663
09-07-2023 16:00,1669
09-07-2023 17:00,1704
09-07-2023 18:00,1717
09-07-2023 19:00,1713
09-07-2023 20:00,1663
09-07-2023 21:00,1587
09-07-2023 22:00,1505
09-07-2023 23:00,1428
10-07-2023 00:00,1318
10-07-2023 01:00,1237
10-07-2023 02:00,1241
10-07-2023 03:00,1279
10-07-2023 04:00,1295
10-07-2023 05:00,1303
10-07-2023 06:00,1392
10-07-2023 07:00,1618
10-07-2023 08:00,1958
10-07-2023 09:00,2198
10-07-2023 10:00,2260
10-07-2023 11:00,2249
10-07-2023 12:00,2214
10-07-2023 13:00,2337
10-07-2023 14:00,2270
10-07-2023 15:00,2093
10-07-2023 16:00,2047
10-07-2023 17:00,1985
10-07-2023 18:00,1933
10-07-2023 19:00,1874
10-07-2023 20:00,1775
10-07-2023 21:00,1697
10-07-2023 22:00,1609
10-07-2023 23:00,1522
11-07-2023 00:00,1396
11-07-2023 01:00,1317
11-07-2023 02:00,1315
11-07-2023 03:00,1353
11-07-2023 04:00,1359
11-07-2023 05:00,1360
11-07-2023 06:00,1428
11-07-2023 07:00,1631
11-07-2023 08:00,1948
11-07-2023 09:00,2197
11-07-2023 10:00,2283
11-07-2023 11:00,2322
11-07-2023 12:00,2273
11-07-2023 13:00,2384
11-07-2023 14:00,2392
11-07-2023 15:00,2378
11-07-2023 16:00,2363
11-07-2023 17:00,2229
11-07-2023 18:00,2128
11-07-2023 19:00,2051
11-07-2023 20:00,1940
11-07-2023 21:00,1829
11-07-2023 22:00,1728
11-07-2023 23:00,1624
12-07-2023 00:00,1476
12-07-2023 01:00,1378
12-07-2023 02:00,1365
12-07-2023 03:00,1390
12-07-2023 04:00,1391
12-07-2023 05:00,1382
12-07-2023 06:00,1460
12-07-2023 07:00,1672
12-07-2023 08:00,2016
12-07-2023 09:00,2253
12-07-2023 10:00,2287
12-07-2023 11:00,2318
12-07-2023 12:00,2279
12-07-2023 13:00,2427
12-07-2023 14:00,2380
12-07-2023 15:00,2304
12-07-2023 16:00,2209
12-07-2023 17:00,2097
12-07-2023 18:00,2037
12-07-2023 19:00,1982
12-07-2023 20:00,1885
12-07-2023 21:00,1786
12-07-2023 22:00,1693
12-07-2023 23:00,1593
13-07-2023 00:00,1465
13-07-2023 01:00,1374
13-07-2023 02:00,1368
13-07-2023 03:00,1392
13-07-2023 04:00,1389
13-07-2023 05:00,1388
13-07-2023 06:00,1457
13-07-2023 07:00,1652
13-07-2023 08:00,1940
13-07-2023 09:00,2125
13-07-2023 10:00,2168
13-07-2023 11:00,2144
13-07-2023 12:00,2076
13-07-2023 13:00,2162
13-07-2023 14:00,2156
13-07-2023 15:00,2127
13-07-2023 16:00,2108
13-07-2023 17:00,2002
13-07-2023 18:00,1923
13-07-2023 19:00,1858
13-07-2023 20:00,1772
13-07-2023 21:00,1690
13-07-2023 22:00,1612
13-07-2023 23:00,1535
14-07-2023 00:00,1423
14-07-2023 01:00,1334
14-07-2023 02:00,1328
14-07-2023 03:00,1361
14-07-2023 04:00,1365
14-07-2023 05:00,1365
14-07-2023 06:00,1415
14-07-2023 07:00,1583
14-07-2023 08:00,1871
14-07-2023 09:00,2105
14-07-2023 10:00,2178
14-07-2023 11:00,2217
14-07-2023 12:00,2163
14-07-2023 13:00,2228
14-07-2023 14:00,2196
14-07-2023 15:00,2152
14-07-2023 16:00,2106
14-07-2023 17:00,1998
14-07-2023 18:00,1945
14-07-2023 19:00,1902
14-07-2023 20:00,1819
14-07-2023 21:00,1737
14-07-2023 22:00,1657
14-07-2023 23:00,1576
15-07-2023 00:00,1453
15-07-2023 01:00,1353
15-07-2023 02:00,1340
15-07-2023 03:00,1363
15-07-2023 04:00,1360
15-07-2023 05:00,1334
15-07-2023 06:00,1326
15-07-2023 07:00,1404
15-07-2023 08:00,1567
15-07-2023 09:00,1701
15-07-2023 10:00,1772
15-07-2023 11:00,1820
15-07-2023 12:00,1860
15-07-2023 13:00,1895
15-07-2023 14:00,1906
15-07-2023 15:00,1923
15-07-2023 16:00,1941
15-07-2023 17:00,1900
15-07-2023 18:00,1858
15-07-2023 19:00,1817
15-07-2023 20:00,1741
15-07-2023 21:00,1669
15-07-2023 22:00,1594
15-07-2023 23:00,1508
16-07-2023 00:00,1388
16-07-2023 01:00,1300
16-07-2023 02:00,1278
16-07-2023 03:00,1294
16-07-2023 04:00,1294
16-07-2023 05:00,1265
16-07-2023 06:00,1276
16-07-2023 07:00,1383
16-07-2023 08:00,1533
16-07-2023 09:00,1708
16-07-2023 10:00,1809
16-07-2023 11:00,1860
16-07-2023 12:00,1886
16-07-2023 13:00,1880
16-07-2023 14:00,1862
16-07-2023 15:00,1859
16-07-2023 16:00,1877
16-07-2023 17:00,1896
16-07-2023 18:00,1875
16-07-2023 19:00,1836
16-07-2023 20:00,1764
16-07-2023 21:00,1677
16-07-2023 22:00,1591
16-07-2023 23:00,1507
17-07-2023 00:00,1374
17-07-2023 01:00,1285
17-07-2023 02:00,1266
17-07-2023 03:00,1275
17-07-2023 04:00,1274
17-07-2023 05:00,1263
17-07-2023 06:00,1298
17-07-2023 07:00,1440
17-07-2023 08:00,1648
17-07-2023 09:00,1850
17-07-2023 10:00,1960
17-07-2023 11:00,2033
17-07-2023 12:00,2056
17-07-2023 13:00,2097
17-07-2023 14:00,2107
17-07-2023 15:00,2112
17-07-2023 16:00,2133
17-07-2023 17:00,2111
17-07-2023 18:00,2083
17-07-2023 19:00,2027
17-07-2023 20:00,1951
17-07-2023 21:00,1848
17-07-2023 22:00,1728
17-07-2023 23:00,1618
18-07-2023 00:00,1471
18-07-2023 01:00,1370
18-07-2023 02:00,1340
18-07-2023 03:00,1354
18-07-2023 04:00,1353
18-07-2023 05:00,1374
18-07-2023 06:00,1468
18-07-2023 07:00,1715
18-07-2023 08:00,2075
18-07-2023 09:00,2346
18-07-2023 10:00,2449
18-07-2023 11:00,2490
18-07-2023 12:00,2459
18-07-2023 13:00,2567
18-07-2023 14:00,2578
18-07-2023 15:00,2560
18-07-2023 16:00,2557
18-07-2023 17:00,2457
18-07-2023 18:00,2363
18-07-2023 19:00,2253
18-07-2023 20:00,2118
18-07-2023 21:00,1991
18-07-2023 22:00,1869
18-07-2023 23:00,1739
19-07-2023 00:00,1570
19-07-2023 01:00,1457
19-07-2023 02:00,1424
19-07-2023 03:00,1434
19-07-2023 04:00,1433
19-07-2023 05:00,1433
19-07-2023 06:00,1518
19-07-2023 07:00,1722
19-07-2023 08:00,2022
19-07-2023 09:00,2218
19-07-2023 10:00,2270
19-07-2023 11:00,2386
19-07-2023 12:00,2280
19-07-2023 13:00,2355
19-07-2023 14:00,2437
19-07-2023 15:00,2385
19-07-2023 16:00,2306
19-07-2023 17:00,2168
19-07-2023 18:00,2100
19-07-2023 19:00,2017
19-07-2023 20:00,1912
19-07-2023 21:00,1789
19-07-2023 22:00,1671
19-07-2023 23:00,1574
20-07-2023 00:00,1429
20-07-2023 01:00,1346
20-07-2023 02:00,1338
20-07-2023 03:00,1349
20-07-2023 04:00,1348
20-07-2023 05:00,1356
20-07-2023 06:00,1426
20-07-2023 07:00,1613
20-07-2023 08:00,1895
20-07-2023 09:00,2098
20-07-2023 10:00,2168
20-07-2023 11:00,2236
20-07-2023 12:00,2194
20-07-2023 13:00,2288
20-07-2023 14:00,2298
20-07-2023 15:00,2289
20-07-2023 16:00,2271
20-07-2023 17:00,2174
20-07-2023 18:00,2072
20-07-2023 19:00,1970
20-07-2023 20:00,1850
20-07-2023 21:00,1747
20-07-2023 22:00,1657
20-07-2023 23:00,1562
21-07-2023 00:00,1430
21-07-2023 01:00,1339
21-07-2023 02:00,1322
21-07-2023 03:00,1338
21-07-2023 04:00,1343
21-07-2023 05:00,1351
21-07-2023 06:00,1402
21-07-2023 07:00,1590
21-07-2023 08:00,1876
21-07-2023 09:00,2113
21-07-2023 10:00,2217
21-07-2023 11:00,2280
21-07-2023 12:00,2241
21-07-2023 13:00,2343
21-07-2023 14:00,2360
21-07-2023 15:00,2334
21-07-2023 16:00,2327
21-07-2023 17:00,2209
21-07-2023 18:00,2110
21-07-2023 19:00,2034
21-07-2023 20:00,1924
21-07-2023 21:00,1815
21-07-2023 22:00,1725
21-07-2023 23:00,1631
22-07-2023 00:00,1473
22-07-2023 01:00,1367
22-07-2023 02:00,1343
22-07-2023 03:00,1353
22-07-2023 04:00,1333
22-07-2023 05:00,1311
22-07-2023 06:00,1331
22-07-2023 07:00,1454
22-07-2023 08:00,1655
22-07-2023 09:00,1844
22-07-2023 10:00,1944
22-07-2023 11:00,2011
22-07-2023 12:00,2018
22-07-2023 13:00,2053
22-07-2023 14:00,2045
22-07-2023 15:00,2025
22-07-2023 16:00,2010
22-07-2023 17:00,1961
22-07-2023 18:00,1902
22-07-2023 19:00,1859
22-07-2023 20:00,1776
22-07-2023 21:00,1693
22-07-2023 22:00,1617
22-07-2023 23:00,1531
23-07-2023 00:00,1400
23-07-2023 01:00,1300
23-07-2023 02:00,1286
23-07-2023 03:00,1289
23-07-2023 04:00,1283
23-07-2023 05:00,1265
23-07-2023 06:00,1273
23-07-2023 07:00,1371
23-07-2023 08:00,1538
23-07-2023 09:00,1708
23-07-2023 10:00,1791
23-07-2023 11:00,1856
23-07-2023 12:00,1898
23-07-2023 13:00,1915
23-07-2023 14:00,1915
23-07-2023 15:00,1906
23-07-2023 16:00,1906
23-07-2023 17:00,1909
23-07-2023 18:00,1877
23-07-2023 19:00,1849
23-07-2023 20:00,1785
23-07-2023 21:00,1694
23-07-2023 22:00,1599
23-07-2023 23:00,1507
24-07-2023 00:00,1371
24-07-2023 01:00,1279
24-07-2023 02:00,1271
24-07-2023 03:00,1287
24-07-2023 04:00,1290
24-07-2023 05:00,1317
24-07-2023 06:00,1417
24-07-2023 07:00,1662
24-07-2023 08:00,2019
24-07-2023 09:00,2281
24-07-2023 10:00,2378
24-07-2023 11:00,2432
24-07-2023 12:00,2365
24-07-2023 13:00,2450
24-07-2023 14:00,2456
24-07-2023 15:00,2437
24-07-2023 16:00,2415
24-07-2023 17:00,2299
24-07-2023 18:00,2199
24-07-2023 19:00,2104
24-07-2023 20:00,1983
24-07-2023 21:00,1889
24-07-2023 22:00,1775
24-07-2023 23:00,1664
25-07-2023 00:00,1508
25-07-2023 01:00,1403
25-07-2023 02:00,1385
25-07-2023 03:00,1398
25-07-2023 04:00,1395
25-07-2023 05:00,1412
25-07-2023 06:00,1485
25-07-2023 07:00,1712
25-07-2023 08:00,2057
25-07-2023 09:00,2299
25-07-2023 10:00,2396
25-07-2023 11:00,2457
25-07-2023 12:00,2422
25-07-2023 13:00,2527
25-07-2023 14:00,2535
25-07-2023 15:00,2521
25-07-2023 16:00,2507
25-07-2023 17:00,2402
25-07-2023 18:00,2289
25-07-2023 19:00,2175
25-07-2023 20:00,2063
25-07-2023 21:00,1952
25-07-2023 22:00,1831
25-07-2023 23:00,1718
26-07-2023 00:00,1549
26-07-2023 01:00,1441
26-07-2023 02:00,1416
26-07-2023 03:00,1417
26-07-2023 04:00,1414
26-07-2023 05:00,1424
26-07-2023 06:00,1514
26-07-2023 07:00,1749
26-07-2023 08:00,2123
26-07-2023 09:00,2407
26-07-2023 10:00,2510
26-07-2023 11:00,2575
26-07-2023 12:00,2533
26-07-2023 13:00,2629
26-07-2023 14:00,2627
26-07-2023 15:00,2583
26-07-2023 16:00,2500
26-07-2023 17:00,2357
26-07-2023 18:00,2284
26-07-2023 19:00,2208
26-07-2023 20:00,2101
26-07-2023 21:00,1993
26-07-2023 22:00,1864
26-07-2023 23:00,1733
27-07-2023 00:00,1572
27-07-2023 01:00,1457
27-07-2023 02:00,1434
27-07-2023 03:00,1439
27-07-2023 04:00,1432
27-07-2023 05:00,1448
27-07-2023 06:00,1552
27-07-2023 07:00,1797
27-07-2023 08:00,2174
27-07-2023 09:00,2459
27-07-2023 10:00,2570
27-07-2023 11:00,2642
27-07-2023 12:00,2605
27-07-2023 13:00,2705
27-07-2023 14:00,2709
27-07-2023 15:00,2606
27-07-2023 16:00,2514
27-07-2023 17:00,2384
27-07-2023 18:00,2301
27-07-2023 19:00,2218
27-07-2023 20:00,2099
27-07-2023 21:00,1990
27-07-2023 22:00,1873
27-07-2023 23:00,1750
28-07-2023 00:00,1596
28-07-2023 01:00,1482
28-07-2023 02:00,1455
28-07-2023 03:00,1461
28-07-2023 04:00,1446
28-07-2023 05:00,1463
28-07-2023 06:00,1568
28-07-2023 07:00,1803
28-07-2023 08:00,2168
28-07-2023 09:00,2442
28-07-2023 10:00,2557
28-07-2023 11:00,2630
28-07-2023 12:00,2603
28-07-2023 13:00,2689
28-07-2023 14:00,2697
28-07-2023 15:00,2679
28-07-2023 16:00,2602
28-07-2023 17:00,2408
28-07-2023 18:00,2288
28-07-2023 19:00,2204
28-07-2023 20:00,2090
28-07-2023 21:00,1980
28-07-2023 22:00,1867
28-07-2023 23:00,1758
29-07-2023 00:00,1605
29-07-2023 01:00,1494
29-07-2023 02:00,1459
29-07-2023 03:00,1445
29-07-2023 04:00,1417
29-07-2023 05:00,1407
29-07-2023 06:00,1438
29-07-2023 07:00,1562
29-07-2023 08:00,1775
29-07-2023 09:00,1965
29-07-2023 10:00,2057
29-07-2023 11:00,2109
29-07-2023 12:00,2113
29-07-2023 13:00,2134
29-07-2023 14:00,2121
29-07-2023 15:00,2094
29-07-2023 16:00,2084
29-07-2023 17:00,2031
29-07-2023 18:00,1976
29-07-2023 19:00,1934
29-07-2023 20:00,1846
29-07-2023 21:00,1760
29-07-2023 22:00,1680
29-07-2023 23:00,1581
30-07-2023 00:00,1437
30-07-2023 01:00,1333
30-07-2023 02:00,1295
30-07-2023 03:00,1305
30-07-2023 04:00,1287
30-07-2023 05:00,1275
30-07-2023 06:00,1299
30-07-2023 07:00,1410
30-07-2023 08:00,1597
30-07-2023 09:00,1777
30-07-2023 10:00,1865
30-07-2023 11:00,1927
30-07-2023 12:00,1982
30-07-2023 13:00,2009
30-07-2023 14:00,2006
30-07-2023 15:00,1992
30-07-2023 16:00,1978
30-07-2023 17:00,1968
30-07-2023 18:00,1959
30-07-2023 19:00,1936
30-07-2023 20:00,1858
30-07-2023 21:00,1765
30-07-2023 22:00,1666
30-07-2023 23:00,1566
31-07-2023 00:00,1419
31-07-2023 01:00,1326
31-07-2023 02:00,1303
31-07-2023 03:00,1312
31-07-2023 04:00,1311
31-07-2023 05:00,1336
31-07-2023 06:00,1443
31-07-2023 07:00,1696
31-07-2023 08:00,2046
31-07-2023 09:00,2308
31-07-2023 10:00,2409
31-07-2023 11:00,2468
31-07-2023 12:00,2397
31-07-2023 13:00,2467
31-07-2023 14:00,2504
31-07-2023 15:00,2439
31-07-2023 16:00,2399
31-07-2023 17:00,2265
31-07-2023 18:00,2195
31-07-2023 19:00,2123
31-07-2023 20:00,2002
31-07-2023 21:00,1909
31-07-2023 22:00,1800
31-07-2023 23:00,1691
01-08-2023 00:00,1544
01-08-2023 01:00,1441
01-08-2023 02:00,1421
01-08-2023 03:00,1424
01-08-2023 04:00,1416
01-08-2023 05:00,1439
01-08-2023 06:00,1529
01-08-2023 07:00,1769
01-08-2023 08:00,2128
01-08-2023 09:00,2398
01-08-2023 10:00,2499
01-08-2023 11:00,2559
01-08-2023 12:00,2528
01-08-2023 13:00,2610
01-08-2023 14:00,2608
01-08-2023 15:00,2581
01-08-2023 16:00,2527
01-08-2023 17:00,2363
01-08-2023 18:00,2259
01-08-2023 19:00,2166
01-08-2023 20:00,2046
01-08-2023 21:00,1935
01-08-2023 22:00,1816
01-08-2023 23:00,1700
02-08-2023 00:00,1537
02-08-2023 01:00,1433
02-08-2023 02:00,1407
02-08-2023 03:00,1407
02-08-2023 04:00,1399
02-08-2023 05:00,1406
02-08-2023 06:00,1502
02-08-2023 07:00,1733
02-08-2023 08:00,2111
02-08-2023 09:00,2395
02-08-2023 10:00,2492
02-08-2023 11:00,2559
02-08-2023 12:00,2509
02-08-2023 13:00,2592
02-08-2023 14:00,2605
02-08-2023 15:00,2577
02-08-2023 16:00,2540
02-08-2023 17:00,2414
02-08-2023 18:00,2306
02-08-2023 19:00,2220
02-08-2023 20:00,2098
02-08-2023 21:00,1985
02-08-2023 22:00,1872
02-08-2023 23:00,1752
03-08-2023 00:00,1587
03-08-2023 01:00,1477
03-08-2023 02:00,1446
03-08-2023 03:00,1444
03-08-2023 04:00,1434
03-08-2023 05:00,1449
03-08-2023 06:00,1542
03-08-2023 07:00,1771
03-08-2023 08:00,2130
03-08-2023 09:00,2404
03-08-2023 10:00,2491
03-08-2023 11:00,2547
03-08-2023 12:00,2505
03-08-2023 13:00,2585
03-08-2023 14:00,2585
03-08-2023 15:00,2538
03-08-2023 16:00,2498
03-08-2023 17:00,2393
03-08-2023 18:00,2304
03-08-2023 19:00,2215
03-08-2023 20:00,2093
03-08-2023 21:00,1989
03-08-2023 22:00,1868
03-08-2023 23:00,1754
04-08-2023 00:00,1592
04-08-2023 01:00,1487
04-08-2023 02:00,1465
04-08-2023 03:00,1465
04-08-2023 04:00,1454
04-08-2023 05:00,1476
04-08-2023 06:00,1577
04-08-2023 07:00,1833
04-08-2023 08:00,2193
04-08-2023 09:00,2456
04-08-2023 10:00,2551
04-08-2023 11:00,2613
04-08-2023 12:00,2560
04-08-2023 13:00,2633
04-08-2023 14:00,2629
04-08-2023 15:00,2594
04-08-2023 16:00,2555
04-08-2023 17:00,2394
04-08-2023 18:00,2285
04-08-2023 19:00,2204
04-08-2023 20:00,2087
04-08-2023 21:00,1980
04-08-2023 22:00,1870
04-08-2023 23:00,1762
05-08-2023 00:00,1607
05-08-2023 01:00,1495
05-08-2023 02:00,1460
05-08-2023 03:00,1451
05-08-2023 04:00,1430
05-08-2023 05:00,1417
05-08-2023 06:00,1461
05-08-2023 07:00,1620
05-08-2023 08:00,1865
05-08-2023 09:00,2084
05-08-2023 10:00,2178
05-08-2023 11:00,2249
05-08-2023 12:00,2254
05-08-2023 13:00,2281
05-08-2023 14:00,2250
05-08-2023 15:00,2218
05-08-2023 16:00,2207
05-08-2023 17:00,2156
05-08-2023 18:00,2083
05-08-2023 19:00,2026
05-08-2023 20:00,1937
05-08-2023 21:00,1862
05-08-2023 22:00,1785
05-08-2023 23:00,1681
06-08-2023 00:00,1531
06-08-2023 01:00,1427
06-08-2023 02:00,1392
06-08-2023 03:00,1388
06-08-2023 04:00,1367
06-08-2023 05:00,1365
06-08-2023 06:00,1397
06-08-2023 07:00,1509
06-08-2023 08:00,1686
06-08-2023 09:00,1904
06-08-2023 10:00,1993
06-08-2023 11:00,2050
06-08-2023 12:00,2082
06-08-2023 13:00,2084
06-08-2023 14:00,2095
06-08-2023 15:00,2072
06-08-2023 16:00,2071
06-08-2023 17:00,2064
06-08-2023 18:00,2050
06-08-2023 19:00,2026
06-08-2023 20:00,1940
06-08-2023 21:00,1839
06-08-2023 22:00,1737
06-08-2023 23:00,1634
07-08-2023 00:00,1482
07-08-2023 01:00,1385
07-08-2023 02:00,1367
07-08-2023 03:00,1376
07-08-2023 04:00,1371
07-08-2023 05:00,1407
07-08-2023 06:00,1497
07-08-2023 07:00,1730
07-08-2023 08:00,2048
07-08-2023 09:00,2238
07-08-2023 10:00,2306
07-08-2023 11:00,2356
07-08-2023 12:00,2276
07-08-2023 13:00,2354
07-08-2023 14:00,2340
07-08-2023 15:00,2325
07-08-2023 16:00,2327
07-08-2023 17:00,2219
07-08-2023 18:00,2157
07-08-2023 19:00,2085
07-08-2023 20:00,1966
07-08-2023 21:00,1878
07-08-2023 22:00,1776
07-08-2023 23:00,1676
08-08-2023 00:00,1541
08-08-2023 01:00,1436
08-08-2023 02:00,1425
08-08-2023 03:00,1434
08-08-2023 04:00,1434
08-08-2023 05:00,1450
08-08-2023 06:00,1541
08-08-2023 07:00,1749
08-08-2023 08:00,2097
08-08-2023 09:00,2335
08-08-2023 10:00,2450
08-08-2023 11:00,2487
08-08-2023 12:00,2425
08-08-2023 13:00,2529
08-08-2023 14:00,2522
08-08-2023 15:00,2499
08-08-2023 16:00,2478
08-08-2023 17:00,2345
08-08-2023 18:00,2240
08-08-2023 19:00,2153
08-08-2023 20:00,2027
08-08-2023 21:00,1916
08-08-2023 22:00,1812
08-08-2023 23:00,1713
09-08-2023 00:00,1576
09-08-2023 01:00,1467
09-08-2023 02:00,1441
09-08-2023 03:00,1449
09-08-2023 04:00,1447
09-08-2023 05:00,1457
09-08-2023 06:00,1550
09-08-2023 07:00,1785
09-08-2023 08:00,2133
09-08-2023 09:00,2350
09-08-2023 10:00,2397
09-08-2023 11:00,2468
09-08-2023 12:00,2449
09-08-2023 13:00,2523
09-08-2023 14:00,2492
09-08-2023 15:00,2437
09-08-2023 16:00,2391
09-08-2023 17:00,2274
09-08-2023 18:00,2209
09-08-2023 19:00,2132
09-08-2023 20:00,2023
09-08-2023 21:00,1917
09-08-2023 22:00,1813
09-08-2023 23:00,1711
10-08-2023 00:00,1553
10-08-2023 01:00,1451
10-08-2023 02:00,1427
10-08-2023 03:00,1427
10-08-2023 04:00,1423
10-08-2023 05:00,1439
10-08-2023 06:00,1512
10-08-2023 07:00,1734
10-08-2023 08:00,2085
10-08-2023 09:00,2331
10-08-2023 10:00,2400
10-08-2023 11:00,2447
10-08-2023 12:00,2399
10-08-2023 13:00,2455
10-08-2023 14:00,2463
10-08-2023 15:00,2424
10-08-2023 16:00,2381
10-08-2023 17:00,2247
10-08-2023 18:00,2147
10-08-2023 19:00,2070
10-08-2023 20:00,1955
10-08-2023 21:00,1855
10-08-2023 22:00,1757
10-08-2023 23:00,1657
11-08-2023 00:00,1513
11-08-2023 01:00,1403
11-08-2023 02:00,1373
11-08-2023 03:00,1367
11-08-2023 04:00,1347
11-08-2023 05:00,1340
11-08-2023 06:00,1370
11-08-2023 07:00,1493
11-08-2023 08:00,1713
11-08-2023 09:00,1895
11-08-2023 10:00,1952
11-08-2023 11:00,2020
11-08-2023 12:00,2049
11-08-2023 13:00,2073
11-08-2023 14:00,2085
11-08-2023 15:00,2084
11-08-2023 16:00,2073
11-08-2023 17:00,2033
11-08-2023 18:00,1998
11-08-2023 19:00,1955
11-08-2023 20:00,1865
11-08-2023 21:00,1775
11-08-2023 22:00,1663
11-08-2023 23:00,1562
12-08-2023 00:00,1415
12-08-2023 01:00,1317
12-08-2023 02:00,1293
12-08-2023 03:00,1289
12-08-2023 04:00,1270
12-08-2023 05:00,1263
12-08-2023 06:00,1283
12-08-2023 07:00,1411
12-08-2023 08:00,1606
12-08-2023 09:00,1791
12-08-2023 10:00,1886
12-08-2023 11:00,1951
12-08-2023 12:00,1995
12-08-2023 13:00,2026
12-08-2023 14:00,2033
12-08-2023 15:00,2028
12-08-2023 16:00,2032
12-08-2023 17:00,2000
12-08-2023 18:00,1962
12-08-2023 19:00,1912
12-08-2023 20:00,1807
12-08-2023 21:00,1701
12-08-2023 22:00,1605
12-08-2023 23:00,1505
13-08-2023 00:00,1369
13-08-2023 01:00,1269
13-08-2023 02:00,1248
13-08-2023 03:00,1259
13-08-2023 04:00,1239
13-08-2023 05:00,1241
13-08-2023 06:00,1259
13-08-2023 07:00,1375
13-08-2023 08:00,1551
13-08-2023 09:00,1736
13-08-2023 10:00,1840
13-08-2023 11:00,1924
13-08-2023 12:00,1966
13-08-2023 13:00,1978
13-08-2023 14:00,1978
13-08-2023 15:00,1972
13-08-2023 16:00,1975
13-08-2023 17:00,1951
13-08-2023 18:00,1924
13-08-2023 19:00,1907
13-08-2023 20:00,1827
13-08-2023 21:00,1716
13-08-2023 22:00,1608
13-08-2023 23:00,1495
14-08-2023 00:00,1350
14-08-2023 01:00,1251
14-08-2023 02:00,1234
14-08-2023 03:00,1233
14-08-2023 04:00,1229
14-08-2023 05:00,1234
14-08-2023 06:00,1289
14-08-2023 07:00,1405
14-08-2023 08:00,1539
14-08-2023 09:00,1632
14-08-2023 10:00,1743
14-08-2023 11:00,1794
14-08-2023 12:00,1798
14-08-2023 13:00,1806
14-08-2023 14:00,1791
14-08-2023 15:00,1775
14-08-2023 16:00,1769
14-08-2023 17:00,1779
14-08-2023 18:00,1774
14-08-2023 19:00,1754
14-08-2023 20:00,1672
14-08-2023 21:00,1599
14-08-2023 22:00,1514
14-08-2023 23:00,1439
15-08-2023 00:00,1308
15-08-2023 01:00,1218
15-08-2023 02:00,1204
15-08-2023 03:00,1221
15-08-2023 04:00,1212
15-08-2023 05:00,1203
15-08-2023 06:00,1200
15-08-2023 07:00,1267
15-08-2023 08:00,1371
15-08-2023 09:00,1423
15-08-2023 10:00,1433
15-08-2023 11:00,1449
15-08-2023 12:00,1453
15-08-2023 13:00,1413
15-08-2023 14:00,1385
15-08-2023 15:00,1378
15-08-2023 16:00,1394
15-08-2023 17:00,1414
15-08-2023 18:00,1443
15-08-2023 19:00,1437
15-08-2023 20:00,1398
15-08-2023 21:00,1347
15-08-2023 22:00,1302
15-08-2023 23:00,1256
16-08-2023 00:00,1175
16-08-2023 01:00,1114
16-08-2023 02:00,1123
16-08-2023 03:00,1142
16-08-2023 04:00,1149
16-08-2023 05:00,1166
16-08-2023 06:00,1216
16-08-2023 07:00,1394
16-08-2023 08:00,1658
16-08-2023 09:00,1841
16-08-2023 10:00,1910
16-08-2023 11:00,1971
16-08-2023 12:00,1987
16-08-2023 13:00,2045
16-08-2023 14:00,2056
16-08-2023 15:00,2061
16-08-2023 16:00,2061
16-08-2023 17:00,2004
16-08-2023 18:00,1948
16-08-2023 19:00,1903
16-08-2023 20:00,1809
16-08-2023 21:00,1716
16-08-2023 22:00,1624
16-08-2023 23:00,1531
17-08-2023 00:00,1403
17-08-2023 01:00,1308
17-08-2023 02:00,1285
17-08-2023 03:00,1291
17-08-2023 04:00,1292
17-08-2023 05:00,1300
17-08-2023 06:00,1359
17-08-2023 07:00,1559
17-08-2023 08:00,1843
17-08-2023 09:00,2058
17-08-2023 10:00,2140
17-08-2023 11:00,2141
17-08-2023 12:00,2043
17-08-2023 13:00,2060
17-08-2023 14:00,2039
17-08-2023 15:00,2016
17-08-2023 16:00,2008
17-08-2023 17:00,1935
17-08-2023 18:00,1912
17-08-2023 19:00,1859
17-08-2023 20:00,1753
17-08-2023 21:00,1668
17-08-2023 22:00,1586
17-08-2023 23:00,1490
18-08-2023 00:00,1369
18-08-2023 01:00,1281
18-08-2023 02:00,1273
18-08-2023 03:00,1295
18-08-2023 04:00,1292
18-08-2023 05:00,1311
18-08-2023 06:00,1365
18-08-2023 07:00,1539
18-08-2023 08:00,1816
18-08-2023 09:00,2016
18-08-2023 10:00,2093
18-08-2023 11:00,2155
18-08-2023 12:00,2129
18-08-2023 13:00,2191
18-08-2023 14:00,2213
18-08-2023 15:00,2215
18-08-2023 16:00,2203
18-08-2023 17:00,2100
18-08-2023 18:00,2053
18-08-2023 19:00,1980
18-08-2023 20:00,1867
18-08-2023 21:00,1772
18-08-2023 22:00,1685
18-08-2023 23:00,1593
19-08-2023 00:00,1460
19-08-2023 01:00,1350
19-08-2023 02:00,1337
19-08-2023 03:00,1346
19-08-2023 04:00,1328
19-08-2023 05:00,1320
19-08-2023 06:00,1337
19-08-2023 07:00,1473
19-08-2023 08:00,1689
19-08-2023 09:00,1897
19-08-2023 10:00,2013
19-08-2023 11:00,2078
19-08-2023 12:00,2089
19-08-2023 13:00,2120
19-08-2023 14:00,2127
19-08-2023 15:00,2116
19-08-2023 16:00,2115
19-08-2023 17:00,2072
19-08-2023 18:00,2022
19-08-2023 19:00,1972
19-08-2023 20:00,1876
19-08-2023 21:00,1793
19-08-2023 22:00,1707
19-08-2023 23:00,1607
20-08-2023 00:00,1469
20-08-2023 01:00,1360
20-08-2023 02:00,1337
20-08-2023 03:00,1335
20-08-2023 04:00,1322
20-08-2023 05:00,1304
20-08-2023 06:00,1330
20-08-2023 07:00,1451
20-08-2023 08:00,1644
20-08-2023 09:00,1839
20-08-2023 10:00,1954
20-08-2023 11:00,2036
20-08-2023 12:00,2099
20-08-2023 13:00,2119
20-08-2023 14:00,2109
20-08-2023 15:00,2125
20-08-2023 16:00,2147
20-08-2023 17:00,2121
20-08-2023 18:00,2088
20-08-2023 19:00,2049
20-08-2023 20:00,1954
20-08-2023 21:00,1865
20-08-2023 22:00,1742
20-08-2023 23:00,1628
21-08-2023 00:00,1478
21-08-2023 01:00,1372
21-08-2023 02:00,1349
21-08-2023 03:00,1367
21-08-2023 04:00,1369
21-08-2023 05:00,1393
21-08-2023 06:00,1502
21-08-2023 07:00,1774
21-08-2023 08:00,2168
21-08-2023 09:00,2462
21-08-2023 10:00,2571
21-08-2023 11:00,2638
21-08-2023 12:00,2595
21-08-2023 13:00,2675
21-08-2023 14:00,2669
21-08-2023 15:00,2601
21-08-2023 16:00,2549
21-08-2023 17:00,2397
21-08-2023 18:00,2332
21-08-2023 19:00,2235
21-08-2023 20:00,2094
21-08-2023 21:00,1983
21-08-2023 22:00,1862
21-08-2023 23:00,1746
22-08-2023 00:00,1585
22-08-2023 01:00,1480
22-08-2023 02:00,1450
22-08-2023 03:00,1453
22-08-2023 04:00,1452
22-08-2023 05:00,1471
22-08-2023 06:00,1565
22-08-2023 07:00,1806
22-08-2023 08:00,2193
22-08-2023 09:00,2475
22-08-2023 10:00,2553
22-08-2023 11:00,2572
22-08-2023 12:00,2516
22-08-2023 13:00,2610
22-08-2023 14:00,2540
22-08-2023 15:00,2453
22-08-2023 16:00,2397
22-08-2023 17:00,2293
22-08-2023 18:00,2228
22-08-2023 19:00,2153
22-08-2023 20:00,2042
22-08-2023 21:00,1941
22-08-2023 22:00,1835
22-08-2023 23:00,1719
23-08-2023 00:00,1575
23-08-2023 01:00,1480
23-08-2023 02:00,1458
23-08-2023 03:00,1463
23-08-2023 04:00,1457
23-08-2023 05:00,1462
23-08-2023 06:00,1540
23-08-2023 07:00,1759
23-08-2023 08:00,2109
23-08-2023 09:00,2388
23-08-2023 10:00,2450
23-08-2023 11:00,2490
23-08-2023 12:00,2447
23-08-2023 13:00,2483
23-08-2023 14:00,2445
23-08-2023 15:00,2420
23-08-2023 16:00,2411
23-08-2023 17:00,2268
23-08-2023 18:00,2188
23-08-2023 19:00,2088
23-08-2023 20:00,1976
23-08-2023 21:00,1887
23-08-2023 22:00,1786
23-08-2023 23:00,1682
24-08-2023 00:00,1543
24-08-2023 01:00,1445
24-08-2023 02:00,1430
24-08-2023 03:00,1434
24-08-2023 04:00,1432
24-08-2023 05:00,1443
24-08-2023 06:00,1528
24-08-2023 07:00,1733
24-08-2023 08:00,2043
24-08-2023 09:00,2303
24-08-2023 10:00,2380
24-08-2023 11:00,2414
24-08-2023 12:00,2356
24-08-2023 13:00,2433
24-08-2023 14:00,2337
24-08-2023 15:00,2233
24-08-2023 16:00,2193
24-08-2023 17:00,2081
24-08-2023 18:00,2024
24-08-2023 19:00,1945
24-08-2023 20:00,1838
24-08-2023 21:00,1758
24-08-2023 22:00,1664
24-08-2023 23:00,1584
25-08-2023 00:00,1449
25-08-2023 01:00,1362
25-08-2023 02:00,1358
25-08-2023 03:00,1375
25-08-2023 04:00,1369
25-08-2023 05:00,1394
25-08-2023 06:00,1457
25-08-2023 07:00,1668
25-08-2023 08:00,2005
25-08-2023 09:00,2271
25-08-2023 10:00,2365
25-08-2023 11:00,2422
25-08-2023 12:00,2383
25-08-2023 13:00,2449
25-08-2023 14:00,2439
25-08-2023 15:00,2371
25-08-2023 16:00,2337
25-08-2023 17:00,2185
25-08-2023 18:00,2115
25-08-2023 19:00,2031
25-08-2023 20:00,1910
25-08-2023 21:00,1815
25-08-2023 22:00,1726
25-08-2023 23:00,1628
26-08-2023 00:00,1491
26-08-2023 01:00,1391
26-08-2023 02:00,1369
26-08-2023 03:00,1375
26-08-2023 04:00,1360
26-08-2023 05:00,1347
26-08-2023 06:00,1354
26-08-2023 07:00,1464
26-08-2023 08:00,1670
26-08-2023 09:00,1867
26-08-2023 10:00,1964
26-08-2023 11:00,2011
26-08-2023 12:00,2025
26-08-2023 13:00,2042
26-08-2023 14:00,2050
26-08-2023 15:00,2059
26-08-2023 16:00,2055
26-08-2023 17:00,1990
26-08-2023 18:00,1916
26-08-2023 19:00,1839
26-08-2023 20:00,1742
26-08-2023 21:00,1662
26-08-2023 22:00,1587
26-08-2023 23:00,1510
27-08-2023 00:00,1380
27-08-2023 01:00,1276
27-08-2023 02:00,1254
27-08-2023 03:00,1266
27-08-2023 04:00,1255
27-08-2023 05:00,1244
27-08-2023 06:00,1249
27-08-2023 07:00,1344
27-08-2023 08:00,1506
27-08-2023 09:00,1686
27-08-2023 10:00,1796
27-08-2023 11:00,1869
27-08-2023 12:00,1909
27-08-2023 13:00,1914
27-08-2023 14:00,1905
27-08-2023 15:00,1903
27-08-2023 16:00,1906
27-08-2023 17:00,1901
27-08-2023 18:00,1913
27-08-2023 19:00,1891
27-08-2023 20:00,1813
27-08-2023 21:00,1720
27-08-2023 22:00,1616
27-08-2023 23:00,1520
28-08-2023 00:00,1386
28-08-2023 01:00,1299
28-08-2023 02:00,1292
28-08-2023 03:00,1300
28-08-2023 04:00,1307
28-08-2023 05:00,1333
28-08-2023 06:00,1420
28-08-2023 07:00,1680
28-08-2023 08:00,2031
28-08-2023 09:00,2276
28-08-2023 10:00,2371
28-08-2023 11:00,2430
28-08-2023 12:00,2392
28-08-2023 13:00,2485
28-08-2023 14:00,2502
28-08-2023 15:00,2504
28-08-2023 16:00,2471
28-08-2023 17:00,2338
28-08-2023 18:00,2234
28-08-2023 19:00,2114
28-08-2023 20:00,1986
28-08-2023 21:00,1895
28-08-2023 22:00,1776
28-08-2023 23:00,1665
29-08-2023 00:00,1516
29-08-2023 01:00,1416
29-08-2023 02:00,1388
29-08-2023 03:00,1398
29-08-2023 04:00,1389
29-08-2023 05:00,1402
29-08-2023 06:00,1483
29-08-2023 07:00,1707
29-08-2023 08:00,2054
29-08-2023 09:00,2306
29-08-2023 10:00,2401
29-08-2023 11:00,2453
29-08-2023 12:00,2404
29-08-2023 13:00,2495
29-08-2023 14:00,2505
29-08-2023 15:00,2489
29-08-2023 16:00,2480
29-08-2023 17:00,2346
29-08-2023 18:00,2245
29-08-2023 19:00,2140
29-08-2023 20:00,2011
29-08-2023 21:00,1902
29-08-2023 22:00,1800
29-08-2023 23:00,1688
30-08-2023 00:00,1541
30-08-2023 01:00,1434
30-08-2023 02:00,1408
30-08-2023 03:00,1408
30-08-2023 04:00,1397
30-08-2023 05:00,1420
30-08-2023 06:00,1487
30-08-2023 07:00,1685
30-08-2023 08:00,2027
30-08-2023 09:00,2235
30-08-2023 10:00,2305
30-08-2023 11:00,2345
30-08-2023 12:00,2273
30-08-2023 13:00,2360
30-08-2023 14:00,2349
30-08-2023 15:00,2320
30-08-2023 16:00,2298
30-08-2023 17:00,2197
30-08-2023 18:00,2165
30-08-2023 19:00,2092
30-08-2023 20:00,1977
30-08-2023 21:00,1873
30-08-2023 22:00,1761
30-08-2023 23:00,1655
31-08-2023 00:00,1518
31-08-2023 01:00,1418
31-08-2023 02:00,1404
31-08-2023 03:00,1411
31-08-2023 04:00,1417
31-08-2023 05:00,1438
31-08-2023 06:00,1499
31-08-2023 07:00,1709
31-08-2023 08:00,1976
31-08-2023 09:00,2164
31-08-2023 10:00,2266
31-08-2023 11:00,2307
31-08-2023 12:00,2243
31-08-2023 13:00,2362
31-08-2023 14:00,2378
31-08-2023 15:00,2382
31-08-2023 16:00,2326
31-08-2023 17:00,2196
31-08-2023 18:00,2148
31-08-2023 19:00,2057
31-08-2023 20:00,1937
31-08-2023 21:00,1828
31-08-2023 22:00,1721
31-08-2023 23:00,1615
01-09-2023 00:00,1479
01-09-2023 01:00,1383
01-09-2023 02:00,1367
01-09-2023 03:00,1379
01-09-2023 04:00,1376
01-09-2023 05:00,1402
01-09-2023 06:00,1473
01-09-2023 07:00,1683
01-09-2023 08:00,1987
01-09-2023 09:00,2237
01-09-2023 10:00,2345
01-09-2023 11:00,2407
01-09-2023 12:00,2377
01-09-2023 13:00,2450
01-09-2023 14:00,2465
01-09-2023 15:00,2424
01-09-2023 16:00,2405
01-09-2023 17:00,2231
01-09-2023 18:00,2139
01-09-2023 19:00,2041
01-09-2023 20:00,1925
01-09-2023 21:00,1832
01-09-2023 22:00,1738
01-09-2023 23:00,1639
02-09-2023 00:00,1491
02-09-2023 01:00,1390
02-09-2023 02:00,1375
02-09-2023 03:00,1372
02-09-2023 04:00,1350
02-09-2023 05:00,1343
02-09-2023 06:00,1330
02-09-2023 07:00,1435
02-09-2023 08:00,1645
02-09-2023 09:00,1821
02-09-2023 10:00,1923
02-09-2023 11:00,1963
02-09-2023 12:00,1938
02-09-2023 13:00,1929
02-09-2023 14:00,1906
02-09-2023 15:00,1873
02-09-2023 16:00,1850
02-09-2023 17:00,1829
02-09-2023 18:00,1848
02-09-2023 19:00,1809
02-09-2023 20:00,1729
02-09-2023 21:00,1660
02-09-2023 22:00,1584
02-09-2023 23:00,1502
03-09-2023 00:00,1376
03-09-2023 01:00,1287
03-09-2023 02:00,1273
03-09-2023 03:00,1280
03-09-2023 04:00,1272
03-09-2023 05:00,1264
03-09-2023 06:00,1269
03-09-2023 07:00,1365
03-09-2023 08:00,1547
03-09-2023 09:00,1749
03-09-2023 10:00,1859
03-09-2023 11:00,1936
03-09-2023 12:00,1972
03-09-2023 13:00,2014
03-09-2023 14:00,2006
03-09-2023 15:00,2006
03-09-2023 16:00,2027
03-09-2023 17:00,2036
03-09-2023 18:00,2028
03-09-2023 19:00,1977
03-09-2023 20:00,1879
03-09-2023 21:00,1773
03-09-2023 22:00,1667
03-09-2023 23:00,1563
04-09-2023 00:00,1428
04-09-2023 01:00,1332
04-09-2023 02:00,1319
04-09-2023 03:00,1330
04-09-2023 04:00,1336
04-09-2023 05:00,1367
04-09-2023 06:00,1471
04-09-2023 07:00,1710
04-09-2023 08:00,2027
04-09-2023 09:00,2268
04-09-2023 10:00,2391
04-09-2023 11:00,2460
04-09-2023 12:00,2444
04-09-2023 13:00,2525
04-09-2023 14:00,2477
04-09-2023 15:00,2450
04-09-2023 16:00,2422
04-09-2023 17:00,2307
04-09-2023 18:00,2257
04-09-2023 19:00,2145
04-09-2023 20:00,2018
04-09-2023 21:00,1920
04-09-2023 22:00,1819
04-09-2023 23:00,1705
05-09-2023 00:00,1550
05-09-2023 01:00,1455
05-09-2023 02:00,1450
05-09-2023 03:00,1453
05-09-2023 04:00,1451
05-09-2023 05:00,1469
05-09-2023 06:00,1553
05-09-2023 07:00,1781
05-09-2023 08:00,2139
05-09-2023 09:00,2396
05-09-2023 10:00,2445
05-09-2023 11:00,2481
05-09-2023 12:00,2428
05-09-2023 13:00,2523
05-09-2023 14:00,2526
05-09-2023 15:00,2503
05-09-2023 16:00,2473
05-09-2023 17:00,2339
05-09-2023 18:00,2248
05-09-2023 19:00,2144
05-09-2023 20:00,2016
05-09-2023 21:00,1904
05-09-2023 22:00,1809
05-09-2023 23:00,1694
06-09-2023 00:00,1545
06-09-2023 01:00,1447
06-09-2023 02:00,1421
06-09-2023 03:00,1435
06-09-2023 04:00,1429
06-09-2023 05:00,1449
06-09-2023 06:00,1527
06-09-2023 07:00,1725
06-09-2023 08:00,2031
06-09-2023 09:00,2219
06-09-2023 10:00,2278
06-09-2023 11:00,2280
06-09-2023 12:00,2158
06-09-2023 13:00,2240
06-09-2023 14:00,2176
06-09-2023 15:00,2132
06-09-2023 16:00,2096
06-09-2023 17:00,2006
06-09-2023 18:00,1979
06-09-2023 19:00,1893
06-09-2023 20:00,1786
06-09-2023 21:00,1695
06-09-2023 22:00,1613
06-09-2023 23:00,1525
07-09-2023 00:00,1403
07-09-2023 01:00,1325
07-09-2023 02:00,1314
07-09-2023 03:00,1335
07-09-2023 04:00,1336
07-09-2023 05:00,1356
07-09-2023 06:00,1413
07-09-2023 07:00,1595
07-09-2023 08:00,1884
07-09-2023 09:00,2061
07-09-2023 10:00,2156
07-09-2023 11:00,2176
07-09-2023 12:00,2090
07-09-2023 13:00,2121
07-09-2023 14:00,2122
07-09-2023 15:00,2119
07-09-2023 16:00,2099
07-09-2023 17:00,1999
07-09-2023 18:00,1942
07-09-2023 19:00,1842
07-09-2023 20:00,1738
07-09-2023 21:00,1655
07-09-2023 22:00,1585
07-09-2023 23:00,1502
08-09-2023 00:00,1380
08-09-2023 01:00,1306
08-09-2023 02:00,1299
08-09-2023 03:00,1325
08-09-2023 04:00,1329
08-09-2023 05:00,1348
08-09-2023 06:00,1404
08-09-2023 07:00,1574
08-09-2023 08:00,1820
08-09-2023 09:00,1974
08-09-2023 10:00,2032
08-09-2023 11:00,2057
08-09-2023 12:00,2020
08-09-2023 13:00,2089
08-09-2023 14:00,2085
08-09-2023 15:00,2050
08-09-2023 16:00,2009
08-09-2023 17:00,1919
08-09-2023 18:00,1873
08-09-2023 19:00,1796
08-09-2023 20:00,1692
08-09-2023 21:00,1611
08-09-2023 22:00,1545
08-09-2023 23:00,1467
09-09-2023 00:00,1359
09-09-2023 01:00,1281
09-09-2023 02:00,1268
09-09-2023 03:00,1286
09-09-2023 04:00,1281
09-09-2023 05:00,1268
09-09-2023 06:00,1258
09-09-2023 07:00,1333
09-09-2023 08:00,1470
09-09-2023 09:00,1638
09-09-2023 10:00,1710
09-09-2023 11:00,1773
09-09-2023 12:00,1763
09-09-2023 13:00,1801
09-09-2023 14:00,1808
09-09-2023 15:00,1813
09-09-2023 16:00,1807
09-09-2023 17:00,1734
09-09-2023 18:00,1734
09-09-2023 19:00,1682
09-09-2023 20:00,1604
09-09-2023 21:00,1532
09-09-2023 22:00,1474
09-09-2023 23:00,1397
10-09-2023 00:00,1292
10-09-2023 01:00,1208
10-09-2023 02:00,1203
10-09-2023 03:00,1226
10-09-2023 04:00,1220
10-09-2023 05:00,1213
10-09-2023 06:00,1198
10-09-2023 07:00,1270
10-09-2023 08:00,1441
10-09-2023 09:00,1618
10-09-2023 10:00,1729
10-09-2023 11:00,1819
10-09-2023 12:00,1823
10-09-2023 13:00,1793
10-09-2023 14:00,1802
10-09-2023 15:00,1809
10-09-2023 16:00,1757
10-09-2023 17:00,1757
10-09-2023 18:00,1748
10-09-2023 19:00,1698
10-09-2023 20:00,1633
10-09-2023 21:00,1554
10-09-2023 22:00,1457
10-09-2023 23:00,1389
11-09-2023 00:00,1279
11-09-2023 01:00,1192
11-09-2023 02:00,1196
11-09-2023 03:00,1226
11-09-2023 04:00,1241
11-09-2023 05:00,1274
11-09-2023 06:00,1343
11-09-2023 07:00,1543
11-09-2023 08:00,1881
11-09-2023 09:00,2106
11-09-2023 10:00,2108
11-09-2023 11:00,2024
11-09-2023 12:00,1986
11-09-2023 13:00,2054
11-09-2023 14:00,2035
11-09-2023 15:00,1980
11-09-2023 16:00,1991
11-09-2023 17:00,1920
11-09-2023 18:00,1897
11-09-2023 19:00,1813
11-09-2023 20:00,1715
11-09-2023 21:00,1634
11-09-2023 22:00,1552
11-09-2023 23:00,1480
12-09-2023 00:00,1354
12-09-2023 01:00,1280
12-09-2023 02:00,1274
12-09-2023 03:00,1302
12-09-2023 04:00,1317
12-09-2023 05:00,1335
12-09-2023 06:00,1386
12-09-2023 07:00,1560
12-09-2023 08:00,1870
12-09-2023 09:00,2065
12-09-2023 10:00,2122
12-09-2023 11:00,2184
12-09-2023 12:00,2138
12-09-2023 13:00,2222
12-09-2023 14:00,2181
12-09-2023 15:00,2150
12-09-2023 16:00,2096
12-09-2023 17:00,2000
12-09-2023 18:00,1957
12-09-2023 19:00,1864
12-09-2023 20:00,1758
12-09-2023 21:00,1669
12-09-2023 22:00,1586
12-09-2023 23:00,1506
13-09-2023 00:00,1381
13-09-2023 01:00,1299
13-09-2023 02:00,1292
13-09-2023 03:00,1317
13-09-2023 04:00,1326
13-09-2023 05:00,1338
13-09-2023 06:00,1389
13-09-2023 07:00,1561
13-09-2023 08:00,1867
13-09-2023 09:00,2116
13-09-2023 10:00,2216
13-09-2023 11:00,2255
13-09-2023 12:00,2188
13-09-2023 13:00,2288
13-09-2023 14:00,2288
13-09-2023 15:00,2280
13-09-2023 16:00,2260
13-09-2023 17:00,2134
13-09-2023 18:00,2064
13-09-2023 19:00,1959
13-09-2023 20:00,1853
13-09-2023 21:00,1762
13-09-2023 22:00,1661
13-09-2023 23:00,1567
14-09-2023 00:00,1439
14-09-2023 01:00,1344
14-09-2023 02:00,1335
14-09-2023 03:00,1349
14-09-2023 04:00,1348
14-09-2023 05:00,1364
14-09-2023 06:00,1427
14-09-2023 07:00,1613
14-09-2023 08:00,1929
14-09-2023 09:00,2168
14-09-2023 10:00,2256
14-09-2023 11:00,2274
14-09-2023 12:00,2217
14-09-2023 13:00,2307
14-09-2023 14:00,2302
14-09-2023 15:00,2293
14-09-2023 16:00,2278
14-09-2023 17:00,2173
14-09-2023 18:00,2122
14-09-2023 19:00,2019
14-09-2023 20:00,1917
14-09-2023 21:00,1828
14-09-2023 22:00,1745
14-09-2023 23:00,1650
15-09-2023 00:00,1509
15-09-2023 01:00,1415
15-09-2023 02:00,1398
15-09-2023 03:00,1412
15-09-2023 04:00,1421
15-09-2023 05:00,1430
15-09-2023 06:00,1494
15-09-2023 07:00,1682
15-09-2023 08:00,2008
15-09-2023 09:00,2243
15-09-2023 10:00,2323
15-09-2023 11:00,2387
15-09-2023 12:00,2342
15-09-2023 13:00,2428
15-09-2023 14:00,2468
15-09-2023 15:00,2393
15-09-2023 16:00,2338
15-09-2023 17:00,2211
15-09-2023 18:00,2161
15-09-2023 19:00,2055
15-09-2023 20:00,1940
15-09-2023 21:00,1843
15-09-2023 22:00,1754
15-09-2023 23:00,1652
16-09-2023 00:00,1517
16-09-2023 01:00,1410
16-09-2023 02:00,1387
16-09-2023 03:00,1387
16-09-2023 04:00,1378
16-09-2023 05:00,1357
16-09-2023 06:00,1371
16-09-2023 07:00,1493
16-09-2023 08:00,1703
16-09-2023 09:00,1884
16-09-2023 10:00,1967
16-09-2023 11:00,2032
16-09-2023 12:00,2052
16-09-2023 13:00,2080
16-09-2023 14:00,2074
16-09-2023 15:00,2049
16-09-2023 16:00,2020
16-09-2023 17:00,1960
16-09-2023 18:00,1923
16-09-2023 19:00,1853
16-09-2023 20:00,1757
16-09-2023 21:00,1669
16-09-2023 22:00,1595
16-09-2023 23:00,1516
17-09-2023 00:00,1386
17-09-2023 01:00,1298
17-09-2023 02:00,1278
17-09-2023 03:00,1288
17-09-2023 04:00,1284
17-09-2023 05:00,1274
17-09-2023 06:00,1260
17-09-2023 07:00,1364
17-09-2023 08:00,1523
17-09-2023 09:00,1677
17-09-2023 10:00,1769
17-09-2023 11:00,1821
17-09-2023 12:00,1849
17-09-2023 13:00,1864
17-09-2023 14:00,1868
17-09-2023 15:00,1848
17-09-2023 16:00,1840
17-09-2023 17:00,1835
17-09-2023 18:00,1868
17-09-2023 19:00,1823
17-09-2023 20:00,1750
17-09-2023 21:00,1658
17-09-2023 22:00,1575
17-09-2023 23:00,1489
18-09-2023 00:00,1369
18-09-2023 01:00,1285
18-09-2023 02:00,1271
18-09-2023 03:00,1288
18-09-2023 04:00,1283
18-09-2023 05:00,1297
18-09-2023 06:00,1315
18-09-2023 07:00,1441
18-09-2023 08:00,1665
18-09-2023 09:00,1856
18-09-2023 10:00,1910
18-09-2023 11:00,1952
18-09-2023 12:00,1987
18-09-2023 13:00,2027
18-09-2023 14:00,2018
18-09-2023 15:00,2029
18-09-2023 16:00,2008
18-09-2023 17:00,1965
18-09-2023 18:00,1964
18-09-2023 19:00,1907
18-09-2023 20:00,1815
18-09-2023 21:00,1720
18-09-2023 22:00,1629
18-09-2023 23:00,1540
19-09-2023 00:00,1412
19-09-2023 01:00,1322
19-09-2023 02:00,1310
19-09-2023 03:00,1333
19-09-2023 04:00,1337
19-09-2023 05:00,1371
19-09-2023 06:00,1445
19-09-2023 07:00,1668
19-09-2023 08:00,1998
19-09-2023 09:00,2256
19-09-2023 10:00,2333
19-09-2023 11:00,2382
19-09-2023 12:00,2340
19-09-2023 13:00,2451
19-09-2023 14:00,2437
19-09-2023 15:00,2329
19-09-2023 16:00,2345
19-09-2023 17:00,2220
19-09-2023 18:00,2152
19-09-2023 19:00,2037
19-09-2023 20:00,1919
19-09-2023 21:00,1821
19-09-2023 22:00,1735
19-09-2023 23:00,1634
20-09-2023 00:00,1490
20-09-2023 01:00,1396
20-09-2023 02:00,1376
20-09-2023 03:00,1385
20-09-2023 04:00,1390
20-09-2023 05:00,1408
20-09-2023 06:00,1466
20-09-2023 07:00,1642
20-09-2023 08:00,1949
20-09-2023 09:00,2174
20-09-2023 10:00,2240
20-09-2023 11:00,2289
20-09-2023 12:00,2210
20-09-2023 13:00,2293
20-09-2023 14:00,2249
20-09-2023 15:00,2182
20-09-2023 16:00,2183
20-09-2023 17:00,2098
20-09-2023 18:00,2057
20-09-2023 19:00,1966
20-09-2023 20:00,1865
20-09-2023 21:00,1764
20-09-2023 22:00,1681
20-09-2023 23:00,1595
21-09-2023 00:00,1456
21-09-2023 01:00,1374
21-09-2023 02:00,1370
21-09-2023 03:00,1388
21-09-2023 04:00,1394
21-09-2023 05:00,1413
21-09-2023 06:00,1483
21-09-2023 07:00,1689
21-09-2023 08:00,1974
21-09-2023 09:00,2174
21-09-2023 10:00,2242
21-09-2023 11:00,2263
21-09-2023 12:00,2199
21-09-2023 13:00,2296
21-09-2023 14:00,2284
21-09-2023 15:00,2285
21-09-2023 16:00,2275
21-09-2023 17:00,2171
21-09-2023 18:00,2107
21-09-2023 19:00,1968
21-09-2023 20:00,1850
21-09-2023 21:00,1771
21-09-2023 22:00,1673
21-09-2023 23:00,1566
22-09-2023 00:00,1427
22-09-2023 01:00,1344
22-09-2023 02:00,1335
22-09-2023 03:00,1353
22-09-2023 04:00,1368
22-09-2023 05:00,1376
22-09-2023 06:00,1436
22-09-2023 07:00,1600
22-09-2023 08:00,1854
22-09-2023 09:00,2019
22-09-2023 10:00,2077
22-09-2023 11:00,2077
22-09-2023 12:00,2013
22-09-2023 13:00,2100
22-09-2023 14:00,2091
22-09-2023 15:00,2063
22-09-2023 16:00,2031
22-09-2023 17:00,1926
22-09-2023 18:00,1868
22-09-2023 19:00,1777
22-09-2023 20:00,1678
22-09-2023 21:00,1593
22-09-2023 22:00,1526
22-09-2023 23:00,1458
23-09-2023 00:00,1339
23-09-2023 01:00,1251
23-09-2023 02:00,1250
23-09-2023 03:00,1284
23-09-2023 04:00,1276
23-09-2023 05:00,1262
23-09-2023 06:00,1242
23-09-2023 07:00,1272
23-09-2023 08:00,1367
23-09-2023 09:00,1489
23-09-2023 10:00,1502
23-09-2023 11:00,1542
23-09-2023 12:00,1550
23-09-2023 13:00,1570
23-09-2023 14:00,1496
23-09-2023 15:00,1478
23-09-2023 16:00,1486
23-09-2023 17:00,1475
23-09-2023 18:00,1511
23-09-2023 19:00,1464
23-09-2023 20:00,1406
23-09-2023 21:00,1342
23-09-2023 22:00,1267
23-09-2023 23:00,1225
24-09-2023 00:00,1139
24-09-2023 01:00,1082
24-09-2023 02:00,1087
24-09-2023 03:00,1121
24-09-2023 04:00,1131
24-09-2023 05:00,1137
24-09-2023 06:00,1109
24-09-2023 07:00,1142
24-09-2023 08:00,1233
24-09-2023 09:00,1342
24-09-2023 10:00,1399
24-09-2023 11:00,1422
24-09-2023 12:00,1443
24-09-2023 13:00,1448
24-09-2023 14:00,1463
24-09-2023 15:00,1476
24-09-2023 16:00,1492
24-09-2023 17:00,1517
24-09-2023 18:00,1551
24-09-2023 19:00,1510
24-09-2023 20:00,1452
24-09-2023 21:00,1373
24-09-2023 22:00,1288
24-09-2023 23:00,1230
25-09-2023 00:00,1144
25-09-2023 01:00,1091
25-09-2023 02:00,1096
25-09-2023 03:00,1140
25-09-2023 04:00,1162
25-09-2023 05:00,1192
25-09-2023 06:00,1238
25-09-2023 07:00,1387
25-09-2023 08:00,1619
25-09-2023 09:00,1825
25-09-2023 10:00,1906
25-09-2023 11:00,1963
25-09-2023 12:00,1924
25-09-2023 13:00,2011
25-09-2023 14:00,2041
25-09-2023 15:00,2018
25-09-2023 16:00,1993
25-09-2023 17:00,1903
25-09-2023 18:00,1854
25-09-2023 19:00,1752
25-09-2023 20:00,1645
25-09-2023 21:00,1556
25-09-2023 22:00,1474
25-09-2023 23:00,1395
26-09-2023 00:00,1289
26-09-2023 01:00,1212
26-09-2023 02:00,1216
26-09-2023 03:00,1243
26-09-2023 04:00,1265
26-09-2023 05:00,1281
26-09-2023 06:00,1299
26-09-2023 07:00,1450
26-09-2023 08:00,1688
26-09-2023 09:00,1864
26-09-2023 10:00,1941
26-09-2023 11:00,1990
26-09-2023 12:00,1952
26-09-2023 13:00,2059
26-09-2023 14:00,2082
26-09-2023 15:00,2071
26-09-2023 16:00,2055
26-09-2023 17:00,1953
26-09-2023 18:00,1910
26-09-2023 19:00,1811
26-09-2023 20:00,1712
26-09-2023 21:00,1631
26-09-2023 22:00,1544
26-09-2023 23:00,1460
27-09-2023 00:00,1336
27-09-2023 01:00,1255
27-09-2023 02:00,1253
27-09-2023 03:00,1279
27-09-2023 04:00,1287
27-09-2023 05:00,1303
27-09-2023 06:00,1349
27-09-2023 07:00,1515
27-09-2023 08:00,1784
27-09-2023 09:00,2009
27-09-2023 10:00,2086
27-09-2023 11:00,2124
27-09-2023 12:00,2075
27-09-2023 13:00,2180
27-09-2023 14:00,2196
27-09-2023 15:00,2197
27-09-2023 16:00,2159
27-09-2023 17:00,2046
27-09-2023 18:00,1992
27-09-2023 19:00,1892
27-09-2023 20:00,1792
27-09-2023 21:00,1700
27-09-2023 22:00,1602
27-09-2023 23:00,1514
28-09-2023 00:00,1383
28-09-2023 01:00,1302
28-09-2023 02:00,1300
28-09-2023 03:00,1327
28-09-2023 04:00,1325
28-09-2023 05:00,1341
28-09-2023 06:00,1397
28-09-2023 07:00,1589
28-09-2023 08:00,1856
28-09-2023 09:00,2065
28-09-2023 10:00,2157
28-09-2023 11:00,2178
28-09-2023 12:00,2132
28-09-2023 13:00,2223
28-09-2023 14:00,2204
28-09-2023 15:00,2153
28-09-2023 16:00,2118
28-09-2023 17:00,2014
28-09-2023 18:00,1956
28-09-2023 19:00,1845
28-09-2023 20:00,1730
28-09-2023 21:00,1638
28-09-2023 22:00,1542
28-09-2023 23:00,1455
29-09-2023 00:00,1327
29-09-2023 01:00,1245
29-09-2023 02:00,1238
29-09-2023 03:00,1264
29-09-2023 04:00,1276
29-09-2023 05:00,1283
29-09-2023 06:00,1307
29-09-2023 07:00,1444
29-09-2023 08:00,1690
29-09-2023 09:00,1887
29-09-2023 10:00,1963
29-09-2023 11:00,2001
29-09-2023 12:00,1953
29-09-2023 13:00,2041
29-09-2023 14:00,2051
29-09-2023 15:00,2039
29-09-2023 16:00,2025
29-09-2023 17:00,1905
29-09-2023 18:00,1837
29-09-2023 19:00,1732
29-09-2023 20:00,1621
29-09-2023 21:00,1521
29-09-2023 22:00,1436
29-09-2023 23:00,1368
30-09-2023 00:00,1250
30-09-2023 01:00,1171
30-09-2023 02:00,1165
30-09-2023 03:00,1194
30-09-2023 04:00,1195
30-09-2023 05:00,1192
30-09-2023 06:00,1166
30-09-2023 07:00,1233
30-09-2023 08:00,1384
30-09-2023 09:00,1539
30-09-2023 10:00,1639
30-09-2023 11:00,1688
30-09-2023 12:00,1706
30-09-2023 13:00,1751
30-09-2023 14:00,1716
30-09-2023 15:00,1680
30-09-2023 16:00,1658
30-09-2023 17:00,1656
30-09-2023 18:00,1665
30-09-2023 19:00,1619
30-09-2023 20:00,1555
30-09-2023 21:00,1481
30-09-2023 22:00,1409
30-09-2023 23:00,1340
01-10-2023 00:00,1239
01-10-2023 01:00,1169
01-10-2023 02:00,1151
01-10-2023 03:00,1185
01-10-2023 04:00,1180
01-10-2023 05:00,1168
01-10-2023 06:00,1156
01-10-2023 07:00,1218
01-10-2023 08:00,1297
01-10-2023 09:00,1368
01-10-2023 10:00,1404
01-10-2023 11:00,1434
01-10-2023 12:00,1444
01-10-2023 13:00,1441
01-10-2023 14:00,1419
01-10-2023 15:00,1419
01-10-2023 16:00,1439
01-10-2023 17:00,1484
01-10-2023 18:00,1504
01-10-2023 19:00,1443
01-10-2023 20:00,1377
01-10-2023 21:00,1302
01-10-2023 22:00,1234
01-10-2023 23:00,1186
02-10-2023 00:00,1096
02-10-2023 01:00,1030
02-10-2023 02:00,1044
02-10-2023 03:00,1087
02-10-2023 04:00,1125
02-10-2023 05:00,1155
02-10-2023 06:00,1178
02-10-2023 07:00,1290
02-10-2023 08:00,1507
02-10-2023 09:00,1682
02-10-2023 10:00,1724
02-10-2023 11:00,1762
02-10-2023 12:00,1687
02-10-2023 13:00,1763
02-10-2023 14:00,1758
02-10-2023 15:00,1721
02-10-2023 16:00,1713
02-10-2023 17:00,1654
02-10-2023 18:00,1621
02-10-2023 19:00,1535
02-10-2023 20:00,1453
02-10-2023 21:00,1382
02-10-2023 22:00,1321
02-10-2023 23:00,1265
03-10-2023 00:00,1161
03-10-2023 01:00,1105
03-10-2023 02:00,1120
03-10-2023 03:00,1177
03-10-2023 04:00,1207
03-10-2023 05:00,1223
03-10-2023 06:00,1230
03-10-2023 07:00,1289
03-10-2023 08:00,1490
03-10-2023 09:00,1646
03-10-2023 10:00,1681
03-10-2023 11:00,1704
03-10-2023 12:00,1619
03-10-2023 13:00,1715
03-10-2023 14:00,1744
03-10-2023 15:00,1729
03-10-2023 16:00,1718
03-10-2023 17:00,1675
03-10-2023 18:00,1642
03-10-2023 19:00,1563
03-10-2023 20:00,1481
03-10-2023 21:00,1417
03-10-2023 22:00,1358
03-10-2023 23:00,1302
04-10-2023 00:00,1210
04-10-2023 01:00,1154
04-10-2023 02:00,1167
04-10-2023 03:00,1211
04-10-2023 04:00,1241
04-10-2023 05:00,1246
04-10-2023 06:00,1260
04-10-2023 07:00,1359
04-10-2023 08:00,1576
04-10-2023 09:00,1748
04-10-2023 10:00,1778
04-10-2023 11:00,1771
04-10-2023 12:00,1704
04-10-2023 13:00,1792
04-10-2023 14:00,1815
04-10-2023 15:00,1782
04-10-2023 16:00,1770
04-10-2023 17:00,1699
04-10-2023 18:00,1675
04-10-2023 19:00,1590
04-10-2023 20:00,1506
04-10-2023 21:00,1441
04-10-2023 22:00,1370
04-10-2023 23:00,1309
05-10-2023 00:00,1214
05-10-2023 01:00,1153
05-10-2023 02:00,1167
05-10-2023 03:00,1217
05-10-2023 04:00,1237
05-10-2023 05:00,1254
05-10-2023 06:00,1267
05-10-2023 07:00,1381
05-10-2023 08:00,1560
05-10-2023 09:00,1692
05-10-2023 10:00,1702
05-10-2023 11:00,1674
05-10-2023 12:00,1580
05-10-2023 13:00,1671
05-10-2023 14:00,1647
05-10-2023 15:00,1645
05-10-2023 16:00,1634
05-10-2023 17:00,1600
05-10-2023 18:00,1586
05-10-2023 19:00,1511
05-10-2023 20:00,1442
05-10-2023 21:00,1376
05-10-2023 22:00,1314
05-10-2023 23:00,1270
06-10-2023 00:00,1181
06-10-2023 01:00,1125
06-10-2023 02:00,1150
06-10-2023 03:00,1207
06-10-2023 04:00,1229
06-10-2023 05:00,1235
06-10-2023 06:00,1249
06-10-2023 07:00,1314
06-10-2023 08:00,1476
06-10-2023 09:00,1601
06-10-2023 10:00,1650
06-10-2023 11:00,1653
06-10-2023 12:00,1582
06-10-2023 13:00,1646
06-10-2023 14:00,1631
06-10-2023 15:00,1604
06-10-2023 16:00,1602
06-10-2023 17:00,1565
06-10-2023 18:00,1543
06-10-2023 19:00,1478
06-10-2023 20:00,1407
06-10-2023 21:00,1340
06-10-2023 22:00,1284
06-10-2023 23:00,1227
07-10-2023 00:00,1142
07-10-2023 01:00,1087
07-10-2023 02:00,1115
07-10-2023 03:00,1167
07-10-2023 04:00,1184
07-10-2023 05:00,1171
07-10-2023 06:00,1134
07-10-2023 07:00,1162
07-10-2023 08:00,1246
07-10-2023 09:00,1313
07-10-2023 10:00,1348
07-10-2023 11:00,1354
07-10-2023 12:00,1337
07-10-2023 13:00,1329
07-10-2023 14:00,1300
07-10-2023 15:00,1313
07-10-2023 16:00,1310
07-10-2023 17:00,1354
07-10-2023 18:00,1380
07-10-2023 19:00,1350
07-10-2023 20:00,1302
07-10-2023 21:00,1252
07-10-2023 22:00,1191
07-10-2023 23:00,1144
08-10-2023 00:00,1064
08-10-2023 01:00,1015
08-10-2023 02:00,1041
08-10-2023 03:00,1096
08-10-2023 04:00,1120
08-10-2023 05:00,1106
08-10-2023 06:00,1058
08-10-2023 07:00,1086
08-10-2023 08:00,1166
08-10-2023 09:00,1197
08-10-2023 10:00,1230
08-10-2023 11:00,1244
08-10-2023 12:00,1249
08-10-2023 13:00,1237
08-10-2023 14:00,1249
08-10-2023 15:00,1254
08-10-2023 16:00,1279
08-10-2023 17:00,1331
08-10-2023 18:00,1352
08-10-2023 19:00,1333
08-10-2023 20:00,1290
08-10-2023 21:00,1227
08-10-2023 22:00,1165
08-10-2023 23:00,1123
09-10-2023 00:00,1063
09-10-2023 01:00,1023
09-10-2023 02:00,1050
09-10-2023 03:00,1111
09-10-2023 04:00,1137
09-10-2023 05:00,1125
09-10-2023 06:00,1104
09-10-2023 07:00,1171
09-10-2023 08:00,1273
09-10-2023 09:00,1341
09-10-2023 10:00,1382
09-10-2023 11:00,1385
09-10-2023 12:00,1375
09-10-2023 13:00,1394
09-10-2023 14:00,1382
09-10-2023 15:00,1389
09-10-2023 16:00,1404
09-10-2023 17:00,1447
09-10-2023 18:00,1462
09-10-2023 19:00,1419
09-10-2023 20:00,1374
09-10-2023 21:00,1306
09-10-2023 22:00,1254
09-10-2023 23:00,1213
10-10-2023 00:00,1123
10-10-2023 01:00,1069
10-10-2023 02:00,1103
10-10-2023 03:00,1170
10-10-2023 04:00,1193
10-10-2023 05:00,1189
10-10-2023 06:00,1208
10-10-2023 07:00,1328
10-10-2023 08:00,1498
10-10-2023 09:00,1635
10-10-2023 10:00,1687
10-10-2023 11:00,1654
10-10-2023 12:00,1547
10-10-2023 13:00,1628
10-10-2023 14:00,1634
10-10-2023 15:00,1606
10-10-2023 16:00,1602
10-10-2023 17:00,1577
10-10-2023 18:00,1560
10-10-2023 19:00,1487
10-10-2023 20:00,1416
10-10-2023 21:00,1354
10-10-2023 22:00,1292
10-10-2023 23:00,1240
11-10-2023 00:00,1147
11-10-2023 01:00,1101
11-10-2023 02:00,1127
11-10-2023 03:00,1184
11-10-2023 04:00,1216
11-10-2023 05:00,1219
11-10-2023 06:00,1227
11-10-2023 07:00,1309
11-10-2023 08:00,1477
11-10-2023 09:00,1582
11-10-2023 10:00,1622
11-10-2023 11:00,1629
11-10-2023 12:00,1550
11-10-2023 13:00,1619
11-10-2023 14:00,1621
11-10-2023 15:00,1603
11-10-2023 16:00,1601
11-10-2023 17:00,1571
11-10-2023 18:00,1556
11-10-2023 19:00,1490
11-10-2023 20:00,1418
11-10-2023 21:00,1365
11-10-2023 22:00,1313
11-10-2023 23:00,1265
12-10-2023 00:00,1173
12-10-2023 01:00,1115
12-10-2023 02:00,1143
12-10-2023 03:00,1212
12-10-2023 04:00,1244
12-10-2023 05:00,1249
12-10-2023 06:00,1250
12-10-2023 07:00,1303
12-10-2023 08:00,1457
12-10-2023 09:00,1591
12-10-2023 10:00,1635
12-10-2023 11:00,1649
12-10-2023 12:00,1564
12-10-2023 13:00,1645
12-10-2023 14:00,1640
12-10-2023 15:00,1614
12-10-2023 16:00,1613
12-10-2023 17:00,1593
12-10-2023 18:00,1569
12-10-2023 19:00,1489
12-10-2023 20:00,1423
12-10-2023 21:00,1372
12-10-2023 22:00,1310
12-10-2023 23:00,1258
13-10-2023 00:00,1163
13-10-2023 01:00,1109
13-10-2023 02:00,1138
13-10-2023 03:00,1208
13-10-2023 04:00,1245
13-10-2023 05:00,1245
13-10-2023 06:00,1245
13-10-2023 07:00,1299
13-10-2023 08:00,1452
13-10-2023 09:00,1579
13-10-2023 10:00,1615
13-10-2023 11:00,1627
13-10-2023 12:00,1551
13-10-2023 13:00,1625
13-10-2023 14:00,1625
13-10-2023 15:00,1608
13-10-2023 16:00,1592
13-10-2023 17:00,1558
13-10-2023 18:00,1532
13-10-2023 19:00,1469
13-10-2023 20:00,1404
13-10-2023 21:00,1350
13-10-2023 22:00,1299
13-10-2023 23:00,1251
14-10-2023 00:00,1157
14-10-2023 01:00,1107
14-10-2023 02:00,1127
14-10-2023 03:00,1186
14-10-2023 04:00,1205
14-10-2023 05:00,1184
14-10-2023 06:00,1151
14-10-2023 07:00,1184
14-10-2023 08:00,1270
14-10-2023 09:00,1326
14-10-2023 10:00,1354
14-10-2023 11:00,1359
14-10-2023 12:00,1336
14-10-2023 13:00,1348
14-10-2023 14:00,1340
14-10-2023 15:00,1361
14-10-2023 16:00,1381
14-10-2023 17:00,1411
14-10-2023 18:00,1408
14-10-2023 19:00,1363
14-10-2023 20:00,1312
14-10-2023 21:00,1257
14-10-2023 22:00,1193
14-10-2023 23:00,1172
15-10-2023 00:00,1082
15-10-2023 01:00,1032
15-10-2023 02:00,1061
15-10-2023 03:00,1126
15-10-2023 04:00,1142
15-10-2023 05:00,1117
15-10-2023 06:00,1069
15-10-2023 07:00,1099
15-10-2023 08:00,1168
15-10-2023 09:00,1248
15-10-2023 10:00,1282
15-10-2023 11:00,1288
15-10-2023 12:00,1279
15-10-2023 13:00,1277
15-10-2023 14:00,1251
15-10-2023 15:00,1235
15-10-2023 16:00,1257
15-10-2023 17:00,1331
15-10-2023 18:00,1371
15-10-2023 19:00,1337
15-10-2023 20:00,1301
15-10-2023 21:00,1246
15-10-2023 22:00,1178
15-10-2023 23:00,1141
16-10-2023 00:00,1060
16-10-2023 01:00,1010
16-10-2023 02:00,1043
16-10-2023 03:00,1114
16-10-2023 04:00,1147
16-10-2023 05:00,1158
16-10-2023 06:00,1174
16-10-2023 07:00,1275
16-10-2023 08:00,1447
16-10-2023 09:00,1576
16-10-2023 10:00,1611
16-10-2023 11:00,1623
16-10-2023 12:00,1543
16-10-2023 13:00,1629
16-10-2023 14:00,1627
16-10-2023 15:00,1612
16-10-2023 16:00,1608
16-10-2023 17:00,1580
16-10-2023 18:00,1560
16-10-2023 19:00,1491
16-10-2023 20:00,1419
16-10-2023 21:00,1356
16-10-2023 22:00,1301
16-10-2023 23:00,1250
17-10-2023 00:00,1165
17-10-2023 01:00,1113
17-10-2023 02:00,1140
17-10-2023 03:00,1207
17-10-2023 04:00,1231
17-10-2023 05:00,1236
17-10-2023 06:00,1248
17-10-2023 07:00,1322
17-10-2023 08:00,1489
17-10-2023 09:00,1615
17-10-2023 10:00,1648
17-10-2023 11:00,1647
17-10-2023 12:00,1572
17-10-2023 13:00,1649
17-10-2023 14:00,1654
17-10-2023 15:00,1636
17-10-2023 16:00,1626
17-10-2023 17:00,1612
17-10-2023 18:00,1580
17-10-2023 19:00,1501
17-10-2023 20:00,1427
17-10-2023 21:00,1369
17-10-2023 22:00,1305
17-10-2023 23:00,1253
18-10-2023 00:00,1158
18-10-2023 01:00,1105
18-10-2023 02:00,1135
18-10-2023 03:00,1209
18-10-2023 04:00,1244
18-10-2023 05:00,1241
18-10-2023 06:00,1243
18-10-2023 07:00,1307
18-10-2023 08:00,1463
18-10-2023 09:00,1588
18-10-2023 10:00,1627
18-10-2023 11:00,1658
18-10-2023 12:00,1580
18-10-2023 13:00,1659
18-10-2023 14:00,1645
18-10-2023 15:00,1631
18-10-2023 16:00,1632
18-10-2023 17:00,1603
18-10-2023 18:00,1579
18-10-2023 19:00,1505
18-10-2023 20:00,1438
18-10-2023 21:00,1371
18-10-2023 22:00,1299
18-10-2023 23:00,1249
19-10-2023 00:00,1170
19-10-2023 01:00,1122
19-10-2023 02:00,1152
19-10-2023 03:00,1220
19-10-2023 04:00,1247
19-10-2023 05:00,1244
19-10-2023 06:00,1237
19-10-2023 07:00,1311
19-10-2023 08:00,1472
19-10-2023 09:00,1596
19-10-2023 10:00,1650
19-10-2023 11:00,1680
19-10-2023 12:00,1609
19-10-2023 13:00,1670
19-10-2023 14:00,1657
19-10-2023 15:00,1629
19-10-2023 16:00,1627
19-10-2023 17:00,1602
19-10-2023 18:00,1569
19-10-2023 19:00,1492
19-10-2023 20:00,1420
19-10-2023 21:00,1368
19-10-2023 22:00,1314
19-10-2023 23:00,1256
20-10-2023 00:00,1172
20-10-2023 01:00,1113
20-10-2023 02:00,1146
20-10-2023 03:00,1207
20-10-2023 04:00,1227
20-10-2023 05:00,1224
20-10-2023 06:00,1234
20-10-2023 07:00,1325
20-10-2023 08:00,1488
20-10-2023 09:00,1638
20-10-2023 10:00,1666
20-10-2023 11:00,1664
20-10-2023 12:00,1594
20-10-2023 13:00,1689
20-10-2023 14:00,1696
20-10-2023 15:00,1672
20-10-2023 16:00,1646
20-10-2023 17:00,1593
20-10-2023 18:00,1534
20-10-2023 19:00,1471
20-10-2023 20:00,1407
20-10-2023 21:00,1353
20-10-2023 22:00,1292
20-10-2023 23:00,1257
21-10-2023 00:00,1163
21-10-2023 01:00,1104
21-10-2023 02:00,1128
21-10-2023 03:00,1195
21-10-2023 04:00,1211
21-10-2023 05:00,1193
21-10-2023 06:00,1145
21-10-2023 07:00,1175
21-10-2023 08:00,1278
21-10-2023 09:00,1343
21-10-2023 10:00,1357
21-10-2023 11:00,1344
21-10-2023 12:00,1318
21-10-2023 13:00,1304
21-10-2023 14:00,1296
21-10-2023 15:00,1284
21-10-2023 16:00,1302
21-10-2023 17:00,1359
21-10-2023 18:00,1385
21-10-2023 19:00,1359
21-10-2023 20:00,1320
21-10-2023 21:00,1255
21-10-2023 22:00,1191
21-10-2023 23:00,1156
22-10-2023 00:00,1074
22-10-2023 01:00,1029
22-10-2023 02:00,1054
22-10-2023 03:00,1128
22-10-2023 04:00,1151
22-10-2023 05:00,1128
22-10-2023 06:00,1078
22-10-2023 07:00,1086
22-10-2023 08:00,1136
22-10-2023 09:00,1171
22-10-2023 10:00,1196
22-10-2023 11:00,1214
22-10-2023 12:00,1202
22-10-2023 13:00,1196
22-10-2023 14:00,1182
22-10-2023 15:00,1195
22-10-2023 16:00,1237
22-10-2023 17:00,1320
22-10-2023 18:00,1354
22-10-2023 19:00,1328
22-10-2023 20:00,1304
22-10-2023 21:00,1241
22-10-2023 22:00,1180
22-10-2023 23:00,1144
23-10-2023 00:00,1066
23-10-2023 01:00,1019
23-10-2023 02:00,1067
23-10-2023 03:00,1140
23-10-2023 04:00,1168
23-10-2023 05:00,1181
23-10-2023 06:00,1202
23-10-2023 07:00,1288
23-10-2023 08:00,1425
23-10-2023 09:00,1532
23-10-2023 10:00,1562
23-10-2023 11:00,1562
23-10-2023 12:00,1481
23-10-2023 13:00,1559
23-10-2023 14:00,1552
23-10-2023 15:00,1541
23-10-2023 16:00,1562
23-10-2023 17:00,1562
23-10-2023 18:00,1539
23-10-2023 19:00,1470
23-10-2023 20:00,1404
23-10-2023 21:00,1350
23-10-2023 22:00,1302
23-10-2023 23:00,1244
24-10-2023 00:00,1157
24-10-2023 01:00,1110
24-10-2023 02:00,1142
24-10-2023 03:00,1214
24-10-2023 04:00,1246
24-10-2023 05:00,1247
24-10-2023 06:00,1261
24-10-2023 07:00,1322
24-10-2023 08:00,1460
24-10-2023 09:00,1563
24-10-2023 10:00,1589
24-10-2023 11:00,1606
24-10-2023 12:00,1511
24-10-2023 13:00,1589
24-10-2023 14:00,1589
24-10-2023 15:00,1576
24-10-2023 16:00,1587
24-10-2023 17:00,1585
24-10-2023 18:00,1555
24-10-2023 19:00,1482
24-10-2023 20:00,1416
24-10-2023 21:00,1343
24-10-2023 22:00,1297
24-10-2023 23:00,1242
25-10-2023 00:00,1154
25-10-2023 01:00,1110
25-10-2023 02:00,1146
25-10-2023 03:00,1214
25-10-2023 04:00,1243
25-10-2023 05:00,1239
25-10-2023 06:00,1244
25-10-2023 07:00,1321
25-10-2023 08:00,1492
25-10-2023 09:00,1594
25-10-2023 10:00,1605
25-10-2023 11:00,1607
25-10-2023 12:00,1531
25-10-2023 13:00,1603
25-10-2023 14:00,1600
25-10-2023 15:00,1583
25-10-2023 16:00,1592
25-10-2023 17:00,1585
25-10-2023 18:00,1551
25-10-2023 19:00,1486
25-10-2023 20:00,1423
25-10-2023 21:00,1372
25-10-2023 22:00,1313
25-10-2023 23:00,1260
26-10-2023 00:00,1172
26-10-2023 01:00,1118
26-10-2023 02:00,1155
26-10-2023 03:00,1222
26-10-2023 04:00,1250
26-10-2023 05:00,1255
26-10-2023 06:00,1260
26-10-2023 07:00,1323
26-10-2023 08:00,1469
26-10-2023 09:00,1571
26-10-2023 10:00,1589
26-10-2023 11:00,1603
26-10-2023 12:00,1529
26-10-2023 13:00,1601
26-10-2023 14:00,1606
26-10-2023 15:00,1606
26-10-2023 16:00,1598
26-10-2023 17:00,1595
26-10-2023 18:00,1560
26-10-2023 19:00,1487
26-10-2023 20:00,1427
26-10-2023 21:00,1380
26-10-2023 22:00,1317
26-10-2023 23:00,1272
27-10-2023 00:00,1178
27-10-2023 01:00,1127
27-10-2023 02:00,1166
27-10-2023 03:00,1236
27-10-2023 04:00,1268
27-10-2023 05:00,1270
27-10-2023 06:00,1275
27-10-2023 07:00,1352
27-10-2023 08:00,1491
27-10-2023 09:00,1587
27-10-2023 10:00,1601
27-10-2023 11:00,1612
27-10-2023 12:00,1536
27-10-2023 13:00,1616
27-10-2023 14:00,1635
27-10-2023 15:00,1624
27-10-2023 16:00,1607
27-10-2023 17:00,1585
27-10-2023 18:00,1542
27-10-2023 19:00,1482
27-10-2023 20:00,1421
27-10-2023 21:00,1360
27-10-2023 22:00,1312
27-10-2023 23:00,1263
28-10-2023 00:00,1168
28-10-2023 01:00,1113
28-10-2023 02:00,1155
28-10-2023 03:00,1212
28-10-2023 04:00,1231
28-10-2023 05:00,1203
28-10-2023 06:00,1164
28-10-2023 07:00,1192
28-10-2023 08:00,1279
28-10-2023 09:00,1334
28-10-2023 10:00,1361
28-10-2023 11:00,1335
28-10-2023 12:00,1287
28-10-2023 13:00,1292
28-10-2023 14:00,1272
28-10-2023 15:00,1273
28-10-2023 16:00,1299
28-10-2023 17:00,1374
28-10-2023 18:00,1389
28-10-2023 19:00,1362
28-10-2023 20:00,1310
28-10-2023 21:00,1254
28-10-2023 22:00,1194
28-10-2023 23:00,1154
29-10-2023 00:00,1071
29-10-2023 01:00,1033
29-10-2023 02:00,1065
29-10-2023 03:00,1141
29-10-2023 04:00,1145
29-10-2023 05:00,1131
29-10-2023 06:00,1071
29-10-2023 07:00,1073
29-10-2023 08:00,1121
29-10-2023 09:00,1175
29-10-2023 10:00,1199
29-10-2023 11:00,1206
29-10-2023 12:00,1202
29-10-2023 13:00,1190
29-10-2023 14:00,1183
29-10-2023 15:00,1194
29-10-2023 16:00,1241
29-10-2023 17:00,1341
29-10-2023 18:00,1370
29-10-2023 19:00,1350
29-10-2023 20:00,1310
29-10-2023 21:00,1258
29-10-2023 22:00,1183
29-10-2023 23:00,1136
30-10-2023 00:00,1061
30-10-2023 01:00,1019
30-10-2023 02:00,1066
30-10-2023 03:00,1145
30-10-2023 04:00,1171
30-10-2023 05:00,1191
30-10-2023 06:00,1217
30-10-2023 07:00,1295
30-10-2023 08:00,1435
30-10-2023 09:00,1533
30-10-2023 10:00,1550
30-10-2023 11:00,1554
30-10-2023 12:00,1463
30-10-2023 13:00,1540
30-10-2023 14:00,1541
30-10-2023 15:00,1536
30-10-2023 16:00,1557
30-10-2023 17:00,1571
30-10-2023 18:00,1543
30-10-2023 19:00,1483
30-10-2023 20:00,1417
30-10-2023 21:00,1354
30-10-2023 22:00,1298
30-10-2023 23:00,1235
31-10-2023 00:00,1142
31-10-2023 01:00,1103
31-10-2023 02:00,1147
31-10-2023 03:00,1218
31-10-2023 04:00,1241
31-10-2023 05:00,1235
31-10-2023 06:00,1248
31-10-2023 07:00,1309
31-10-2023 08:00,1436
31-10-2023 09:00,1519
31-10-2023 10:00,1533
31-10-2023 11:00,1551
31-10-2023 12:00,1480
31-10-2023 13:00,1545
31-10-2023 14:00,1544
31-10-2023 15:00,1537
31-10-2023 16:00,1548
31-10-2023 17:00,1562
31-10-2023 18:00,1538
31-10-2023 19:00,1476
31-10-2023 20:00,1417
31-10-2023 21:00,1365
31-10-2023 22:00,1302
31-10-2023 23:00,1244
01-11-2023 00:00,1158
01-11-2023 01:00,1122
01-11-2023 02:00,1159
01-11-2023 03:00,1232
01-11-2023 04:00,1257
01-11-2023 05:00,1252
01-11-2023 06:00,1277
01-11-2023 07:00,1338
01-11-2023 08:00,1466
01-11-2023 09:00,1563
01-11-2023 10:00,1587
01-11-2023 11:00,1594
01-11-2023 12:00,1510
01-11-2023 13:00,1584
01-11-2023 14:00,1575
01-11-2023 15:00,1561
01-11-2023 16:00,1573
01-11-2023 17:00,1575
01-11-2023 18:00,1552
01-11-2023 19:00,1494
01-11-2023 20:00,1435
01-11-2023 21:00,1374
01-11-2023 22:00,1325
01-11-2023 23:00,1272
02-11-2023 00:00,1180
02-11-2023 01:00,1134
02-11-2023 02:00,1176
02-11-2023 03:00,1247
02-11-2023 04:00,1271
02-11-2023 05:00,1269
02-11-2023 06:00,1280
02-11-2023 07:00,1346
02-11-2023 08:00,1491
02-11-2023 09:00,1599
02-11-2023 10:00,1624
02-11-2023 11:00,1637
02-11-2023 12:00,1552
02-11-2023 13:00,1619
02-11-2023 14:00,1617
02-11-2023 15:00,1588
02-11-2023 16:00,1585
02-11-2023 17:00,1584
02-11-2023 18:00,1545
02-11-2023 19:00,1477
02-11-2023 20:00,1416
02-11-2023 21:00,1354
02-11-2023 22:00,1314
02-11-2023 23:00,1264
03-11-2023 00:00,1179
03-11-2023 01:00,1140
03-11-2023 02:00,1169
03-11-2023 03:00,1238
03-11-2023 04:00,1244
03-11-2023 05:00,1215
03-11-2023 06:00,1176
03-11-2023 07:00,1208
03-11-2023 08:00,1302
03-11-2023 09:00,1372
03-11-2023 10:00,1394
03-11-2023 11:00,1414
03-11-2023 12:00,1385
03-11-2023 13:00,1400
03-11-2023 14:00,1383
03-11-2023 15:00,1363
03-11-2023 16:00,1368
03-11-2023 17:00,1428
03-11-2023 18:00,1437
03-11-2023 19:00,1396
03-11-2023 20:00,1351
03-11-2023 21:00,1302
03-11-2023 22:00,1249
03-11-2023 23:00,1199
04-11-2023 00:00,1117
04-11-2023 01:00,1075
04-11-2023 02:00,1118
04-11-2023 03:00,1185
04-11-2023 04:00,1190
04-11-2023 05:00,1155
04-11-2023 06:00,1119
04-11-2023 07:00,1156
04-11-2023 08:00,1253
04-11-2023 09:00,1330
04-11-2023 10:00,1349
04-11-2023 11:00,1361
04-11-2023 12:00,1333
04-11-2023 13:00,1354
04-11-2023 14:00,1330
04-11-2023 15:00,1299
04-11-2023 16:00,1321
04-11-2023 17:00,1395
04-11-2023 18:00,1396
04-11-2023 19:00,1365
04-11-2023 20:00,1310
04-11-2023 21:00,1248
04-11-2023 22:00,1187
04-11-2023 23:00,1146
05-11-2023 00:00,1072
05-11-2023 01:00,1024
05-11-2023 02:00,1051
05-11-2023 03:00,1122
05-11-2023 04:00,1133
05-11-2023 05:00,1105
05-11-2023 06:00,1067
05-11-2023 07:00,1104
05-11-2023 08:00,1162
05-11-2023 09:00,1227
05-11-2023 10:00,1254
05-11-2023 11:00,1279
05-11-2023 12:00,1302
05-11-2023 13:00,1297
05-11-2023 14:00,1289
05-11-2023 15:00,1274
05-11-2023 16:00,1301
05-11-2023 17:00,1381
05-11-2023 18:00,1394
05-11-2023 19:00,1358
05-11-2023 20:00,1306
05-11-2023 21:00,1246
05-11-2023 22:00,1193
05-11-2023 23:00,1148
06-11-2023 00:00,1076
06-11-2023 01:00,1040
06-11-2023 02:00,1079
06-11-2023 03:00,1139
06-11-2023 04:00,1156
06-11-2023 05:00,1158
06-11-2023 06:00,1193
06-11-2023 07:00,1299
06-11-2023 08:00,1483
06-11-2023 09:00,1612
06-11-2023 10:00,1638
06-11-2023 11:00,1658
06-11-2023 12:00,1604
06-11-2023 13:00,1691
06-11-2023 14:00,1693
06-11-2023 15:00,1673
06-11-2023 16:00,1672
06-11-2023 17:00,1652
06-11-2023 18:00,1601
06-11-2023 19:00,1527
06-11-2023 20:00,1455
06-11-2023 21:00,1401
06-11-2023 22:00,1338
06-11-2023 23:00,1289
07-11-2023 00:00,1205
07-11-2023 01:00,1143
07-11-2023 02:00,1168
07-11-2023 03:00,1229
07-11-2023 04:00,1234
07-11-2023 05:00,1227
07-11-2023 06:00,1247
07-11-2023 07:00,1327
07-11-2023 08:00,1498
07-11-2023 09:00,1617
07-11-2023 10:00,1608
07-11-2023 11:00,1611
07-11-2023 12:00,1530
07-11-2023 13:00,1599
07-11-2023 14:00,1596
07-11-2023 15:00,1583
07-11-2023 16:00,1592
07-11-2023 17:00,1603
07-11-2023 18:00,1570
07-11-2023 19:00,1497
07-11-2023 20:00,1428
07-11-2023 21:00,1365
07-11-2023 22:00,1303
07-11-2023 23:00,1244
08-11-2023 00:00,1160
08-11-2023 01:00,1117
08-11-2023 02:00,1144
08-11-2023 03:00,1210
08-11-2023 04:00,1241
08-11-2023 05:00,1245
08-11-2023 06:00,1275
08-11-2023 07:00,1316
08-11-2023 08:00,1445
08-11-2023 09:00,1542
08-11-2023 10:00,1553
08-11-2023 11:00,1557
08-11-2023 12:00,1478
08-11-2023 13:00,1554
08-11-2023 14:00,1559
08-11-2023 15:00,1552
08-11-2023 16:00,1575
08-11-2023 17:00,1582
08-11-2023 18:00,1544
08-11-2023 19:00,1483
08-11-2023 20:00,1417
08-11-2023 21:00,1368
08-11-2023 22:00,1317
08-11-2023 23:00,1266
09-11-2023 00:00,1174
09-11-2023 01:00,1129
09-11-2023 02:00,1167
09-11-2023 03:00,1240
09-11-2023 04:00,1264
09-11-2023 05:00,1260
09-11-2023 06:00,1276
09-11-2023 07:00,1345
09-11-2023 08:00,1500
09-11-2023 09:00,1619
09-11-2023 10:00,1622
09-11-2023 11:00,1626
09-11-2023 12:00,1538
09-11-2023 13:00,1631
09-11-2023 14:00,1636
09-11-2023 15:00,1605
09-11-2023 16:00,1613
09-11-2023 17:00,1616
09-11-2023 18:00,1576
09-11-2023 19:00,1506
09-11-2023 20:00,1432
09-11-2023 21:00,1380
09-11-2023 22:00,1316
09-11-2023 23:00,1266
10-11-2023 00:00,1173
10-11-2023 01:00,1134
10-11-2023 02:00,1169
10-11-2023 03:00,1228
10-11-2023 04:00,1242
10-11-2023 05:00,1240
10-11-2023 06:00,1264
10-11-2023 07:00,1384
10-11-2023 08:00,1579
10-11-2023 09:00,1697
10-11-2023 10:00,1695
10-11-2023 11:00,1676
10-11-2023 12:00,1590
10-11-2023 13:00,1667
10-11-2023 14:00,1673
10-11-2023 15:00,1651
10-11-2023 16:00,1647
10-11-2023 17:00,1608
10-11-2023 18:00,1556
10-11-2023 19:00,1496
10-11-2023 20:00,1434
10-11-2023 21:00,1377
10-11-2023 22:00,1308
10-11-2023 23:00,1264
11-11-2023 00:00,1173
11-11-2023 01:00,1116
11-11-2023 02:00,1151
11-11-2023 03:00,1223
11-11-2023 04:00,1232
11-11-2023 05:00,1198
11-11-2023 06:00,1164
11-11-2023 07:00,1219
11-11-2023 08:00,1342
11-11-2023 09:00,1382
11-11-2023 10:00,1400
11-11-2023 11:00,1355
11-11-2023 12:00,1305
11-11-2023 13:00,1326
11-11-2023 14:00,1330
11-11-2023 15:00,1329
11-11-2023 16:00,1370
11-11-2023 17:00,1440
11-11-2023 18:00,1441
11-11-2023 19:00,1414
11-11-2023 20:00,1376
11-11-2023 21:00,1310
11-11-2023 22:00,1242
11-11-2023 23:00,1202
12-11-2023 00:00,1110
12-11-2023 01:00,1075
12-11-2023 02:00,1108
12-11-2023 03:00,1177
12-11-2023 04:00,1195
12-11-2023 05:00,1161
12-11-2023 06:00,1121
12-11-2023 07:00,1164
12-11-2023 08:00,1256
12-11-2023 09:00,1314
12-11-2023 10:00,1323
12-11-2023 11:00,1313
12-11-2023 12:00,1316
12-11-2023 13:00,1323
12-11-2023 14:00,1322
12-11-2023 15:00,1328
12-11-2023 16:00,1359
12-11-2023 17:00,1443
12-11-2023 18:00,1467
12-11-2023 19:00,1445
12-11-2023 20:00,1401
12-11-2023 21:00,1348
12-11-2023 22:00,1274
12-11-2023 23:00,1217
13-11-2023 00:00,1128
13-11-2023 01:00,1087
13-11-2023 02:00,1136
13-11-2023 03:00,1214
13-11-2023 04:00,1236
13-11-2023 05:00,1253
13-11-2023 06:00,1325
13-11-2023 07:00,1466
13-11-2023 08:00,1667
13-11-2023 09:00,1792
13-11-2023 10:00,1810
13-11-2023 11:00,1788
13-11-2023 12:00,1692
13-11-2023 13:00,1729
13-11-2023 14:00,1727
13-11-2023 15:00,1724
13-11-2023 16:00,1767
13-11-2023 17:00,1803
13-11-2023 18:00,1787
13-11-2023 19:00,1726
13-11-2023 20:00,1669
13-11-2023 21:00,1609
13-11-2023 22:00,1510
13-11-2023 23:00,1423
14-11-2023 00:00,1309
14-11-2023 01:00,1260
14-11-2023 02:00,1301
14-11-2023 03:00,1366
14-11-2023 04:00,1387
14-11-2023 05:00,1408
14-11-2023 06:00,1492
14-11-2023 07:00,1587
14-11-2023 08:00,1719
14-11-2023 09:00,1805
14-11-2023 10:00,1768
14-11-2023 11:00,1740
14-11-2023 12:00,1635
14-11-2023 13:00,1682
14-11-2023 14:00,1660
14-11-2023 15:00,1648
14-11-2023 16:00,1697
14-11-2023 17:00,1740
14-11-2023 18:00,1728
14-11-2023 19:00,1678
14-11-2023 20:00,1627
14-11-2023 21:00,1570
14-11-2023 22:00,1492
14-11-2023 23:00,1410
15-11-2023 00:00,1297
15-11-2023 01:00,1250
15-11-2023 02:00,1290
15-11-2023 03:00,1358
15-11-2023 04:00,1379
15-11-2023 05:00,1401
15-11-2023 06:00,1475
15-11-2023 07:00,1595
15-11-2023 08:00,1772
15-11-2023 09:00,1858
15-11-2023 10:00,1819
15-11-2023 11:00,1734
15-11-2023 12:00,1625
15-11-2023 13:00,1685
15-11-2023 14:00,1671
15-11-2023 15:00,1652
15-11-2023 16:00,1693
15-11-2023 17:00,1725
15-11-2023 18:00,1708
15-11-2023 19:00,1666
15-11-2023 20:00,1612
15-11-2023 21:00,1555
15-11-2023 22:00,1476
15-11-2023 23:00,1392
16-11-2023 00:00,1282
16-11-2023 01:00,1232
16-11-2023 02:00,1281
16-11-2023 03:00,1345
16-11-2023 04:00,1369
16-11-2023 05:00,1382
16-11-2023 06:00,1454
16-11-2023 07:00,1549
16-11-2023 08:00,1670
16-11-2023 09:00,1746
16-11-2023 10:00,1753
16-11-2023 11:00,1704
16-11-2023 12:00,1600
16-11-2023 13:00,1667
16-11-2023 14:00,1629
16-11-2023 15:00,1654
16-11-2023 16:00,1700
16-11-2023 17:00,1717
16-11-2023 18:00,1690
16-11-2023 19:00,1629
16-11-2023 20:00,1567
16-11-2023 21:00,1505
16-11-2023 22:00,1428
16-11-2023 23:00,1353
17-11-2023 00:00,1255
17-11-2023 01:00,1212
17-11-2023 02:00,1259
17-11-2023 03:00,1318
17-11-2023 04:00,1337
17-11-2023 05:00,1329
17-11-2023 06:00,1371
17-11-2023 07:00,1506
17-11-2023 08:00,1705
17-11-2023 09:00,1796
17-11-2023 10:00,1773
17-11-2023 11:00,1755
17-11-2023 12:00,1624
17-11-2023 13:00,1654
17-11-2023 14:00,1649
17-11-2023 15:00,1652
17-11-2023 16:00,1691
17-11-2023 17:00,1701
17-11-2023 18:00,1677
17-11-2023 19:00,1636
17-11-2023 20:00,1580
17-11-2023 21:00,1517
17-11-2023 22:00,1454
17-11-2023 23:00,1383
18-11-2023 00:00,1288
18-11-2023 01:00,1242
18-11-2023 02:00,1277
18-11-2023 03:00,1328
18-11-2023 04:00,1325
18-11-2023 05:00,1312
18-11-2023 06:00,1319
18-11-2023 07:00,1410
18-11-2023 08:00,1562
18-11-2023 09:00,1640
18-11-2023 10:00,1623
18-11-2023 11:00,1627
18-11-2023 12:00,1597
18-11-2023 13:00,1576
18-11-2023 14:00,1552
18-11-2023 15:00,1547
18-11-2023 16:00,1616
18-11-2023 17:00,1709
18-11-2023 18:00,1719
18-11-2023 19:00,1684
18-11-2023 20:00,1630
18-11-2023 21:00,1545
18-11-2023 22:00,1441
18-11-2023 23:00,1351
19-11-2023 00:00,1241
19-11-2023 01:00,1195
19-11-2023 02:00,1229
19-11-2023 03:00,1273
19-11-2023 04:00,1273
19-11-2023 05:00,1253
19-11-2023 06:00,1245
19-11-2023 07:00,1283
19-11-2023 08:00,1356
19-11-2023 09:00,1367
19-11-2023 10:00,1350
19-11-2023 11:00,1343
19-11-2023 12:00,1325
19-11-2023 13:00,1302
19-11-2023 14:00,1295
19-11-2023 15:00,1307
19-11-2023 16:00,1382
19-11-2023 17:00,1507
19-11-2023 18:00,1537
19-11-2023 19:00,1517
19-11-2023 20:00,1497
19-11-2023 21:00,1436
19-11-2023 22:00,1352
19-11-2023 23:00,1285
20-11-2023 00:00,1192
20-11-2023 01:00,1155
20-11-2023 02:00,1203
20-11-2023 03:00,1264
20-11-2023 04:00,1279
20-11-2023 05:00,1290
20-11-2023 06:00,1372
20-11-2023 07:00,1503
20-11-2023 08:00,1678
20-11-2023 09:00,1763
20-11-2023 10:00,1737
20-11-2023 11:00,1718
20-11-2023 12:00,1629
20-11-2023 13:00,1692
20-11-2023 14:00,1686
20-11-2023 15:00,1681
20-11-2023 16:00,1721
20-11-2023 17:00,1761
20-11-2023 18:00,1738
20-11-2023 19:00,1689
20-11-2023 20:00,1630
20-11-2023 21:00,1563
20-11-2023 22:00,1481
20-11-2023 23:00,1407
21-11-2023 00:00,1293
21-11-2023 01:00,1260
21-11-2023 02:00,1300
21-11-2023 03:00,1369
21-11-2023 04:00,1387
21-11-2023 05:00,1419
21-11-2023 06:00,1510
21-11-2023 07:00,1599
21-11-2023 08:00,1731
21-11-2023 09:00,1783
21-11-2023 10:00,1736
21-11-2023 11:00,1705
21-11-2023 12:00,1598
21-11-2023 13:00,1644
21-11-2023 14:00,1633
21-11-2023 15:00,1627
21-11-2023 16:00,1683
21-11-2023 17:00,1728
21-11-2023 18:00,1720
21-11-2023 19:00,1676
21-11-2023 20:00,1631
21-11-2023 21:00,1567
21-11-2023 22:00,1480
21-11-2023 23:00,1405
22-11-2023 00:00,1290
22-11-2023 01:00,1254
22-11-2023 02:00,1303
22-11-2023 03:00,1362
22-11-2023 04:00,1377
22-11-2023 05:00,1392
22-11-2023 06:00,1467
22-11-2023 07:00,1577
22-11-2023 08:00,1705
22-11-2023 09:00,1752
22-11-2023 10:00,1705
22-11-2023 11:00,1666
22-11-2023 12:00,1559
22-11-2023 13:00,1616
22-11-2023 14:00,1608
22-11-2023 15:00,1604
22-11-2023 16:00,1651
22-11-2023 17:00,1691
22-11-2023 18:00,1672
22-11-2023 19:00,1629
22-11-2023 20:00,1588
22-11-2023 21:00,1525
22-11-2023 22:00,1455
22-11-2023 23:00,1391
23-11-2023 00:00,1304
23-11-2023 01:00,1254
23-11-2023 02:00,1294
23-11-2023 03:00,1353
23-11-2023 04:00,1361
23-11-2023 05:00,1340
23-11-2023 06:00,1337
23-11-2023 07:00,1411
23-11-2023 08:00,1515
23-11-2023 09:00,1567
23-11-2023 10:00,1557
23-11-2023 11:00,1537
23-11-2023 12:00,1491
23-11-2023 13:00,1476
23-11-2023 14:00,1452
23-11-2023 15:00,1449
23-11-2023 16:00,1485
23-11-2023 17:00,1568
23-11-2023 18:00,1577
23-11-2023 19:00,1547
23-11-2023 20:00,1517
23-11-2023 21:00,1456
23-11-2023 22:00,1381
23-11-2023 23:00,1321
24-11-2023 00:00,1231
24-11-2023 01:00,1201
24-11-2023 02:00,1251
24-11-2023 03:00,1303
24-11-2023 04:00,1307
24-11-2023 05:00,1301
24-11-2023 06:00,1344
24-11-2023 07:00,1440
24-11-2023 08:00,1590
24-11-2023 09:00,1670
24-11-2023 10:00,1661
24-11-2023 11:00,1648
24-11-2023 12:00,1556
24-11-2023 13:00,1619
24-11-2023 14:00,1615
24-11-2023 15:00,1623
24-11-2023 16:00,1675
24-11-2023 17:00,1709
24-11-2023 18:00,1693
24-11-2023 19:00,1655
24-11-2023 20:00,1609
24-11-2023 21:00,1553
24-11-2023 22:00,1496
24-11-2023 23:00,1433
25-11-2023 00:00,1322
25-11-2023 01:00,1266
25-11-2023 02:00,1310
25-11-2023 03:00,1364
25-11-2023 04:00,1367
25-11-2023 05:00,1355
25-11-2023 06:00,1364
25-11-2023 07:00,1428
25-11-2023 08:00,1539
25-11-2023 09:00,1577
25-11-2023 10:00,1569
25-11-2023 11:00,1552
25-11-2023 12:00,1499
25-11-2023 13:00,1485
25-11-2023 14:00,1481
25-11-2023 15:00,1490
25-11-2023 16:00,1554
25-11-2023 17:00,1647
25-11-2023 18:00,1647
25-11-2023 19:00,1628
25-11-2023 20:00,1592
25-11-2023 21:00,1515
25-11-2023 22:00,1443
25-11-2023 23:00,1384
26-11-2023 00:00,1298
26-11-2023 01:00,1258
26-11-2023 02:00,1296
26-11-2023 03:00,1344
26-11-2023 04:00,1341
26-11-2023 05:00,1320
26-11-2023 06:00,1318
26-11-2023 07:00,1353
26-11-2023 08:00,1454
26-11-2023 09:00,1513
26-11-2023 10:00,1470
26-11-2023 11:00,1408
26-11-2023 12:00,1371
26-11-2023 13:00,1340
26-11-2023 14:00,1324
26-11-2023 15:00,1347
26-11-2023 16:00,1434
26-11-2023 17:00,1570
26-11-2023 18:00,1614
26-11-2023 19:00,1599
26-11-2023 20:00,1576
26-11-2023 21:00,1510
26-11-2023 22:00,1415
26-11-2023 23:00,1335
27-11-2023 00:00,1252
27-11-2023 01:00,1221
27-11-2023 02:00,1270
27-11-2023 03:00,1324
27-11-2023 04:00,1343
27-11-2023 05:00,1378
27-11-2023 06:00,1492
27-11-2023 07:00,1641
27-11-2023 08:00,1805
27-11-2023 09:00,1883
27-11-2023 10:00,1866
27-11-2023 11:00,1875
27-11-2023 12:00,1814
27-11-2023 13:00,1872
27-11-2023 14:00,1868
27-11-2023 15:00,1860
27-11-2023 16:00,1888
27-11-2023 17:00,1871
27-11-2023 18:00,1836
27-11-2023 19:00,1765
27-11-2023 20:00,1692
27-11-2023 21:00,1621
27-11-2023 22:00,1520
27-11-2023 23:00,1425
28-11-2023 00:00,1309
28-11-2023 01:00,1265
28-11-2023 02:00,1310
28-11-2023 03:00,1357
28-11-2023 04:00,1360
28-11-2023 05:00,1365
28-11-2023 06:00,1452
28-11-2023 07:00,1583
28-11-2023 08:00,1743
28-11-2023 09:00,1819
28-11-2023 10:00,1795
28-11-2023 11:00,1751
28-11-2023 12:00,1664
28-11-2023 13:00,1748
28-11-2023 14:00,1774
28-11-2023 15:00,1765
28-11-2023 16:00,1816
28-11-2023 17:00,1840
28-11-2023 18:00,1820
28-11-2023 19:00,1770
28-11-2023 20:00,1710
28-11-2023 21:00,1649
28-11-2023 22:00,1561
28-11-2023 23:00,1469
29-11-2023 00:00,1362
29-11-2023 01:00,1326
29-11-2023 02:00,1370
29-11-2023 03:00,1427
29-11-2023 04:00,1433
29-11-2023 05:00,1453
29-11-2023 06:00,1554
29-11-2023 07:00,1680
29-11-2023 08:00,1816
29-11-2023 09:00,1866
29-11-2023 10:00,1831
29-11-2023 11:00,1806
29-11-2023 12:00,1728
29-11-2023 13:00,1793
29-11-2023 14:00,1780
29-11-2023 15:00,1786
29-11-2023 16:00,1837
29-11-2023 17:00,1860
29-11-2023 18:00,1834
29-11-2023 19:00,1784
29-11-2023 20:00,1725
29-11-2023 21:00,1650
29-11-2023 22:00,1547
29-11-2023 23:00,1453
30-11-2023 00:00,1335
30-11-2023 01:00,1293
30-11-2023 02:00,1326
30-11-2023 03:00,1373
30-11-2023 04:00,1392
30-11-2023 05:00,1411
30-11-2023 06:00,1496
30-11-2023 07:00,1648
30-11-2023 08:00,1821
30-11-2023 09:00,1871
30-11-2023 10:00,1803
30-11-2023 11:00,1769
30-11-2023 12:00,1681
30-11-2023 13:00,1744
30-11-2023 14:00,1743
30-11-2023 15:00,1751
30-11-2023 16:00,1812
30-11-2023 17:00,1853
30-11-2023 18:00,1845
30-11-2023 19:00,1808
30-11-2023 20:00,1755
30-11-2023 21:00,1701
30-11-2023 22:00,1603
30-11-2023 23:00,1514
01-12-2023 00:00,1403
01-12-2023 01:00,1359
01-12-2023 02:00,1407
01-12-2023 03:00,1448
01-12-2023 04:00,1466
01-12-2023 05:00,1489
01-12-2023 06:00,1597
01-12-2023 07:00,1720
01-12-2023 08:00,1898
01-12-2023 09:00,1983
01-12-2023 10:00,1933
01-12-2023 11:00,1892
01-12-2023 12:00,1806
01-12-2023 13:00,1862
01-12-2023 14:00,1842
01-12-2023 15:00,1837
01-12-2023 16:00,1900
01-12-2023 17:00,1931
01-12-2023 18:00,1908
01-12-2023 19:00,1857
01-12-2023 20:00,1797
01-12-2023 21:00,1731
01-12-2023 22:00,1650
01-12-2023 23:00,1558
02-12-2023 00:00,1444
02-12-2023 01:00,1392
02-12-2023 02:00,1428
02-12-2023 03:00,1465
02-12-2023 04:00,1459
02-12-2023 05:00,1439
02-12-2023 06:00,1473
02-12-2023 07:00,1546
02-12-2023 08:00,1651
02-12-2023 09:00,1692
02-12-2023 10:00,1661
02-12-2023 11:00,1624
02-12-2023 12:00,1571
02-12-2023 13:00,1546
02-12-2023 14:00,1517
02-12-2023 15:00,1521
02-12-2023 16:00,1590
02-12-2023 17:00,1685
02-12-2023 18:00,1703
02-12-2023 19:00,1683
02-12-2023 20:00,1654
02-12-2023 21:00,1598
02-12-2023 22:00,1521
02-12-2023 23:00,1447
03-12-2023 00:00,1343
03-12-2023 01:00,1320
03-12-2023 02:00,1348
03-12-2023 03:00,1381
03-12-2023 04:00,1370
03-12-2023 05:00,1339
03-12-2023 06:00,1346
03-12-2023 07:00,1413
03-12-2023 08:00,1521
03-12-2023 09:00,1582
03-12-2023 10:00,1544
03-12-2023 11:00,1502
03-12-2023 12:00,1498
03-12-2023 13:00,1470
03-12-2023 14:00,1437
03-12-2023 15:00,1455
03-12-2023 16:00,1531
03-12-2023 17:00,1677
03-12-2023 18:00,1709
03-12-2023 19:00,1701
03-12-2023 20:00,1680
03-12-2023 21:00,1611
03-12-2023 22:00,1506
03-12-2023 23:00,1430
04-12-2023 00:00,1340
04-12-2023 01:00,1311
04-12-2023 02:00,1358
04-12-2023 03:00,1401
04-12-2023 04:00,1414
04-12-2023 05:00,1459
04-12-2023 06:00,1609
04-12-2023 07:00,1771
04-12-2023 08:00,1934
04-12-2023 09:00,1998
04-12-2023 10:00,1945
04-12-2023 11:00,1893
04-12-2023 12:00,1781
04-12-2023 13:00,1819
04-12-2023 14:00,1793
04-12-2023 15:00,1791
04-12-2023 16:00,1865
04-12-2023 17:00,1934
04-12-2023 18:00,1925
04-12-2023 19:00,1883
04-12-2023 20:00,1829
04-12-2023 21:00,1761
04-12-2023 22:00,1669
04-12-2023 23:00,1571
05-12-2023 00:00,1457
05-12-2023 01:00,1421
05-12-2023 02:00,1448
05-12-2023 03:00,1478
05-12-2023 04:00,1477
05-12-2023 05:00,1502
05-12-2023 06:00,1622
05-12-2023 07:00,1789
05-12-2023 08:00,1987
05-12-2023 09:00,2107
05-12-2023 10:00,2102
05-12-2023 11:00,2085
05-12-2023 12:00,2003
05-12-2023 13:00,2071
05-12-2023 14:00,2052
05-12-2023 15:00,2026
05-12-2023 16:00,2045
05-12-2023 17:00,2029
05-12-2023 18:00,1980
05-12-2023 19:00,1913
05-12-2023 20:00,1838
05-12-2023 21:00,1758
05-12-2023 22:00,1648
05-12-2023 23:00,1537
06-12-2023 00:00,1420
06-12-2023 01:00,1371
06-12-2023 02:00,1402
06-12-2023 03:00,1453
06-12-2023 04:00,1461
06-12-2023 05:00,1480
06-12-2023 06:00,1581
06-12-2023 07:00,1722
06-12-2023 08:00,1883
06-12-2023 09:00,1950
06-12-2023 10:00,1910
06-12-2023 11:00,1871
06-12-2023 12:00,1777
06-12-2023 13:00,1817
06-12-2023 14:00,1778
06-12-2023 15:00,1780
06-12-2023 16:00,1831
06-12-2023 17:00,1865
06-12-2023 18:00,1839
06-12-2023 19:00,1791
06-12-2023 20:00,1732
06-12-2023 21:00,1660
06-12-2023 22:00,1583
06-12-2023 23:00,1499
07-12-2023 00:00,1387
07-12-2023 01:00,1335
07-12-2023 02:00,1378
07-12-2023 03:00,1420
07-12-2023 04:00,1438
07-12-2023 05:00,1445
07-12-2023 06:00,1534
07-12-2023 07:00,1660
07-12-2023 08:00,1836
07-12-2023 09:00,1937
07-12-2023 10:00,1916
07-12-2023 11:00,1878
07-12-2023 12:00,1791
07-12-2023 13:00,1842
07-12-2023 14:00,1791
07-12-2023 15:00,1788
07-12-2023 16:00,1852
07-12-2023 17:00,1890
07-12-2023 18:00,1871
07-12-2023 19:00,1827
07-12-2023 20:00,1771
07-12-2023 21:00,1715
07-12-2023 22:00,1626
07-12-2023 23:00,1543
08-12-2023 00:00,1436
08-12-2023 01:00,1397
08-12-2023 02:00,1443
08-12-2023 03:00,1488
08-12-2023 04:00,1497
08-12-2023 05:00,1525
08-12-2023 06:00,1646
08-12-2023 07:00,1779
08-12-2023 08:00,1911
08-12-2023 09:00,1952
08-12-2023 10:00,1894
08-12-2023 11:00,1833
08-12-2023 12:00,1717
08-12-2023 13:00,1749
08-12-2023 14:00,1723
08-12-2023 15:00,1721
08-12-2023 16:00,1779
08-12-2023 17:00,1825
08-12-2023 18:00,1806
08-12-2023 19:00,1773
08-12-2023 20:00,1721
08-12-2023 21:00,1663
08-12-2023 22:00,1596
08-12-2023 23:00,1527
09-12-2023 00:00,1420
09-12-2023 01:00,1373
09-12-2023 02:00,1396
09-12-2023 03:00,1432
09-12-2023 04:00,1420
09-12-2023 05:00,1397
09-12-2023 06:00,1417
09-12-2023 07:00,1489
09-12-2023 08:00,1589
09-12-2023 09:00,1612
09-12-2023 10:00,1569
09-12-2023 11:00,1538
09-12-2023 12:00,1493
09-12-2023 13:00,1483
09-12-2023 14:00,1445
09-12-2023 15:00,1422
09-12-2023 16:00,1475
09-12-2023 17:00,1565
09-12-2023 18:00,1576
09-12-2023 19:00,1571
09-12-2023 20:00,1524
09-12-2023 21:00,1461
09-12-2023 22:00,1388
09-12-2023 23:00,1330
10-12-2023 00:00,1244
10-12-2023 01:00,1209
10-12-2023 02:00,1259
10-12-2023 03:00,1309
10-12-2023 04:00,1299
10-12-2023 05:00,1275
10-12-2023 06:00,1267
10-12-2023 07:00,1317
10-12-2023 08:00,1405
10-12-2023 09:00,1434
10-12-2023 10:00,1404
10-12-2023 11:00,1369
10-12-2023 12:00,1347
10-12-2023 13:00,1325
10-12-2023 14:00,1297
10-12-2023 15:00,1303
10-12-2023 16:00,1373
10-12-2023 17:00,1495
10-12-2023 18:00,1527
10-12-2023 19:00,1512
10-12-2023 20:00,1481
10-12-2023 21:00,1423
10-12-2023 22:00,1347
10-12-2023 23:00,1290
11-12-2023 00:00,1210
11-12-2023 01:00,1187
11-12-2023 02:00,1237
11-12-2023 03:00,1286
11-12-2023 04:00,1298
11-12-2023 05:00,1304
11-12-2023 06:00,1381
11-12-2023 07:00,1524
11-12-2023 08:00,1698
11-12-2023 09:00,1778
11-12-2023 10:00,1764
11-12-2023 11:00,1745
11-12-2023 12:00,1665
11-12-2023 13:00,1725
11-12-2023 14:00,1714
11-12-2023 15:00,1708
11-12-2023 16:00,1763
11-12-2023 17:00,1770
11-12-2023 18:00,1738
11-12-2023 19:00,1681
11-12-2023 20:00,1618
11-12-2023 21:00,1560
11-12-2023 22:00,1478
11-12-2023 23:00,1407
12-12-2023 00:00,1308
12-12-2023 01:00,1265
12-12-2023 02:00,1308
12-12-2023 03:00,1361
12-12-2023 04:00,1362
12-12-2023 05:00,1350
12-12-2023 06:00,1408
12-12-2023 07:00,1539
12-12-2023 08:00,1710
12-12-2023 09:00,1828
12-12-2023 10:00,1822
12-12-2023 11:00,1819
12-12-2023 12:00,1719
12-12-2023 13:00,1783
12-12-2023 14:00,1771
12-12-2023 15:00,1761
12-12-2023 16:00,1791
12-12-2023 17:00,1792
12-12-2023 18:00,1754
12-12-2023 19:00,1691
12-12-2023 20:00,1634
12-12-2023 21:00,1581
12-12-2023 22:00,1502
12-12-2023 23:00,1422
13-12-2023 00:00,1321
13-12-2023 01:00,1283
13-12-2023 02:00,1327
13-12-2023 03:00,1373
13-12-2023 04:00,1387
13-12-2023 05:00,1403
13-12-2023 06:00,1485
13-12-2023 07:00,1597
13-12-2023 08:00,1745
13-12-2023 09:00,1816
13-12-2023 10:00,1795
13-12-2023 11:00,1764
13-12-2023 12:00,1660
13-12-2023 13:00,1703
13-12-2023 14:00,1682
13-12-2023 15:00,1693
13-12-2023 16:00,1757
13-12-2023 17:00,1809
13-12-2023 18:00,1801
13-12-2023 19:00,1760
13-12-2023 20:00,1708
13-12-2023 21:00,1651
13-12-2023 22:00,1579
13-12-2023 23:00,1493
14-12-2023 00:00,1386
14-12-2023 01:00,1348
14-12-2023 02:00,1382
14-12-2023 03:00,1431
14-12-2023 04:00,1451
14-12-2023 05:00,1481
14-12-2023 06:00,1588
14-12-2023 07:00,1713
14-12-2023 08:00,1862
14-12-2023 09:00,1927
14-12-2023 10:00,1887
14-12-2023 11:00,1836
14-12-2023 12:00,1745
14-12-2023 13:00,1785
14-12-2023 14:00,1782
14-12-2023 15:00,1774
14-12-2023 16:00,1807
14-12-2023 17:00,1826
14-12-2023 18:00,1788
14-12-2023 19:00,1731
14-12-2023 20:00,1674
14-12-2023 21:00,1621
14-12-2023 22:00,1536
14-12-2023 23:00,1455
15-12-2023 00:00,1343
15-12-2023 01:00,1309
15-12-2023 02:00,1347
15-12-2023 03:00,1387
15-12-2023 04:00,1397
15-12-2023 05:00,1395
15-12-2023 06:00,1458
15-12-2023 07:00,1601
15-12-2023 08:00,1781
15-12-2023 09:00,1873
15-12-2023 10:00,1855
15-12-2023 11:00,1834
15-12-2023 12:00,1718
15-12-2023 13:00,1750
15-12-2023 14:00,1699
15-12-2023 15:00,1672
15-12-2023 16:00,1689
15-12-2023 17:00,1695
15-12-2023 18:00,1658
15-12-2023 19:00,1610
15-12-2023 20:00,1551
15-12-2023 21:00,1498
15-12-2023 22:00,1433
15-12-2023 23:00,1374
16-12-2023 00:00,1278
16-12-2023 01:00,1245
16-12-2023 02:00,1274
16-12-2023 03:00,1321
16-12-2023 04:00,1307
16-12-2023 05:00,1250
16-12-2023 06:00,1237
16-12-2023 07:00,1299
16-12-2023 08:00,1401
16-12-2023 09:00,1449
16-12-2023 10:00,1482
16-12-2023 11:00,1492
16-12-2023 12:00,1467
16-12-2023 13:00,1477
16-12-2023 14:00,1481
16-12-2023 15:00,1484
16-12-2023 16:00,1512
16-12-2023 17:00,1543
16-12-2023 18:00,1535
16-12-2023 19:00,1515
16-12-2023 20:00,1473
16-12-2023 21:00,1426
16-12-2023 22:00,1380
16-12-2023 23:00,1327
17-12-2023 00:00,1250
17-12-2023 01:00,1209
17-12-2023 02:00,1261
17-12-2023 03:00,1318
17-12-2023 04:00,1337
17-12-2023 05:00,1317
17-12-2023 06:00,1317
17-12-2023 07:00,1391
17-12-2023 08:00,1482
17-12-2023 09:00,1525
17-12-2023 10:00,1566
17-12-2023 11:00,1518
17-12-2023 12:00,1508
17-12-2023 13:00,1495
17-12-2023 14:00,1481
17-12-2023 15:00,1519
17-12-2023 16:00,1618
17-12-2023 17:00,1775
17-12-2023 18:00,1827
17-12-2023 19:00,1832
17-12-2023 20:00,1804
17-12-2023 21:00,1747
17-12-2023 22:00,1661
17-12-2023 23:00,1575
18-12-2023 00:00,1477
18-12-2023 01:00,1439
18-12-2023 02:00,1462
18-12-2023 03:00,1482
18-12-2023 04:00,1484
18-12-2023 05:00,1522
18-12-2023 06:00,1689
18-12-2023 07:00,1902
18-12-2023 08:00,2109
18-12-2023 09:00,2188
18-12-2023 10:00,2121
18-12-2023 11:00,2074
18-12-2023 12:00,1956
18-12-2023 13:00,2009
18-12-2023 14:00,1998
18-12-2023 15:00,1990
18-12-2023 16:00,2059
18-12-2023 17:00,2106
18-12-2023 18:00,2070
18-12-2023 19:00,2011
18-12-2023 20:00,1942
18-12-2023 21:00,1874
18-12-2023 22:00,1768
18-12-2023 23:00,1660
19-12-2023 00:00,1526
19-12-2023 01:00,1478
19-12-2023 02:00,1502
19-12-2023 03:00,1531
19-12-2023 04:00,1537
19-12-2023 05:00,1561
19-12-2023 06:00,1696
19-12-2023 07:00,1871
19-12-2023 08:00,2024
19-12-2023 09:00,2108
19-12-2023 10:00,2066
19-12-2023 11:00,2031
19-12-2023 12:00,1952
19-12-2023 13:00,2019
19-12-2023 14:00,2034
19-12-2023 15:00,2043
19-12-2023 16:00,2092
19-12-2023 17:00,2099
19-12-2023 18:00,2065
19-12-2023 19:00,2003
19-12-2023 20:00,1929
19-12-2023 21:00,1845
19-12-2023 22:00,1731
19-12-2023 23:00,1626
20-12-2023 00:00,1498
20-12-2023 01:00,1458
20-12-2023 02:00,1488
20-12-2023 03:00,1523
20-12-2023 04:00,1534
20-12-2023 05:00,1560
20-12-2023 06:00,1698
20-12-2023 07:00,1860
20-12-2023 08:00,2036
20-12-2023 09:00,2080
20-12-2023 10:00,2024
20-12-2023 11:00,1982
20-12-2023 12:00,1891
20-12-2023 13:00,1950
20-12-2023 14:00,1943
20-12-2023 15:00,1954
20-12-2023 16:00,2010
20-12-2023 17:00,2031
20-12-2023 18:00,2006
20-12-2023 19:00,1957
20-12-2023 20:00,1901
20-12-2023 21:00,1831
20-12-2023 22:00,1735
20-12-2023 23:00,1635
21-12-2023 00:00,1513
21-12-2023 01:00,1470
21-12-2023 02:00,1504
21-12-2023 03:00,1533
21-12-2023 04:00,1544
21-12-2023 05:00,1574
21-12-2023 06:00,1720
21-12-2023 07:00,1911
21-12-2023 08:00,2088
21-12-2023 09:00,2162
21-12-2023 10:00,2125
21-12-2023 11:00,2093
21-12-2023 12:00,2000
21-12-2023 13:00,2062
21-12-2023 14:00,2053
21-12-2023 15:00,2071
21-12-2023 16:00,2163
21-12-2023 17:00,2232
21-12-2023 18:00,2229
21-12-2023 19:00,2181
21-12-2023 20:00,2121
21-12-2023 21:00,2060
21-12-2023 22:00,1933
21-12-2023 23:00,1828
22-12-2023 00:00,1719
22-12-2023 01:00,1656
22-12-2023 02:00,1662
22-12-2023 03:00,1658
22-12-2023 04:00,1640
22-12-2023 05:00,1671
22-12-2023 06:00,1851
22-12-2023 07:00,2068
22-12-2023 08:00,2249
22-12-2023 09:00,2309
22-12-2023 10:00,2240
22-12-2023 11:00,2194
22-12-2023 12:00,2117
22-12-2023 13:00,2162
22-12-2023 14:00,2136
22-12-2023 15:00,2157
22-12-2023 16:00,2235
22-12-2023 17:00,2277
22-12-2023 18:00,2255
22-12-2023 19:00,2207
22-12-2023 20:00,2152
22-12-2023 21:00,2082
22-12-2023 22:00,1979
22-12-2023 23:00,1885
23-12-2023 00:00,1748
23-12-2023 01:00,1683
23-12-2023 02:00,1671
23-12-2023 03:00,1661
23-12-2023 04:00,1630
23-12-2023 05:00,1608
23-12-2023 06:00,1697
23-12-2023 07:00,1843
23-12-2023 08:00,1983
23-12-2023 09:00,2021
23-12-2023 10:00,1948
23-12-2023 11:00,1880
23-12-2023 12:00,1805
23-12-2023 13:00,1775
23-12-2023 14:00,1733
23-12-2023 15:00,1746
23-12-2023 16:00,1821
23-12-2023 17:00,1930
23-12-2023 18:00,1949
23-12-2023 19:00,1939
23-12-2023 20:00,1896
23-12-2023 21:00,1835
23-12-2023 22:00,1741
23-12-2023 23:00,1667
24-12-2023 00:00,1562
24-12-2023 01:00,1503
24-12-2023 02:00,1518
24-12-2023 03:00,1513
24-12-2023 04:00,1486
24-12-2023 05:00,1450
24-12-2023 06:00,1489
24-12-2023 07:00,1596
24-12-2023 08:00,1714
24-12-2023 09:00,1739
24-12-2023 10:00,1683
24-12-2023 11:00,1628
24-12-2023 12:00,1582
24-12-2023 13:00,1539
24-12-2023 14:00,1504
24-12-2023 15:00,1529
24-12-2023 16:00,1621
24-12-2023 17:00,1786
24-12-2023 18:00,1842
24-12-2023 19:00,1841
24-12-2023 20:00,1830
24-12-2023 21:00,1778
24-12-2023 22:00,1682
24-12-2023 23:00,1619
25-12-2023 00:00,1513
25-12-2023 01:00,1465
25-12-2023 02:00,1487
25-12-2023 03:00,1494
25-12-2023 04:00,1484
25-12-2023 05:00,1510
25-12-2023 06:00,1682
25-12-2023 07:00,1888
25-12-2023 08:00,2123
25-12-2023 09:00,2188
25-12-2023 10:00,2107
25-12-2023 11:00,2047
25-12-2023 12:00,1928
25-12-2023 13:00,1966
25-12-2023 14:00,1943
25-12-2023 15:00,1946
25-12-2023 16:00,2005
25-12-2023 17:00,2044
25-12-2023 18:00,2031
25-12-2023 19:00,1985
25-12-2023 20:00,1932
25-12-2023 21:00,1871
25-12-2023 22:00,1768
25-12-2023 23:00,1671
26-12-2023 00:00,1560
26-12-2023 01:00,1516
26-12-2023 02:00,1537
26-12-2023 03:00,1551
26-12-2023 04:00,1548
26-12-2023 05:00,1568
26-12-2023 06:00,1730
26-12-2023 07:00,1913
26-12-2023 08:00,2108
26-12-2023 09:00,2152
26-12-2023 10:00,2077
26-12-2023 11:00,2001
26-12-2023 12:00,1890
26-12-2023 13:00,1924
26-12-2023 14:00,1891
26-12-2023 15:00,1889
26-12-2023 16:00,1953
26-12-2023 17:00,2009
26-12-2023 18:00,1996
26-12-2023 19:00,1949
26-12-2023 20:00,1888
26-12-2023 21:00,1817
26-12-2023 22:00,1701
26-12-2023 23:00,1591
27-12-2023 00:00,1473
27-12-2023 01:00,1424
27-12-2023 02:00,1445
27-12-2023 03:00,1459
27-12-2023 04:00,1456
27-12-2023 05:00,1469
27-12-2023 06:00,1589
27-12-2023 07:00,1744
27-12-2023 08:00,1939
27-12-2023 09:00,2022
27-12-2023 10:00,1942
27-12-2023 11:00,1876
27-12-2023 12:00,1791
27-12-2023 13:00,1817
27-12-2023 14:00,1779
27-12-2023 15:00,1779
27-12-2023 16:00,1823
27-12-2023 17:00,1874
27-12-2023 18:00,1867
27-12-2023 19:00,1837
27-12-2023 20:00,1789
27-12-2023 21:00,1728
27-12-2023 22:00,1638
27-12-2023 23:00,1549
28-12-2023 00:00,1449
28-12-2023 01:00,1408
28-12-2023 02:00,1436
28-12-2023 03:00,1453
28-12-2023 04:00,1445
28-12-2023 05:00,1454
28-12-2023 06:00,1572
28-12-2023 07:00,1732
28-12-2023 08:00,1910
28-12-2023 09:00,1929
28-12-2023 10:00,1849
28-12-2023 11:00,1767
28-12-2023 12:00,1667
28-12-2023 13:00,1639
28-12-2023 14:00,1592
28-12-2023 15:00,1574
28-12-2023 16:00,1632
28-12-2023 17:00,1723
28-12-2023 18:00,1734
28-12-2023 19:00,1715
28-12-2023 20:00,1678
28-12-2023 21:00,1621
28-12-2023 22:00,1518
28-12-2023 23:00,1436
29-12-2023 00:00,1328
29-12-2023 01:00,1279
29-12-2023 02:00,1298
29-12-2023 03:00,1316
29-12-2023 04:00,1307
29-12-2023 05:00,1291
29-12-2023 06:00,1341
29-12-2023 07:00,1447
29-12-2023 08:00,1570
29-12-2023 09:00,1581
29-12-2023 10:00,1527
29-12-2023 11:00,1487
29-12-2023 12:00,1438
29-12-2023 13:00,1397
29-12-2023 14:00,1373
29-12-2023 15:00,1366
29-12-2023 16:00,1426
29-12-2023 17:00,1563
29-12-2023 18:00,1605
29-12-2023 19:00,1594
29-12-2023 20:00,1572
29-12-2023 21:00,1515
29-12-2023 22:00,1437
29-12-2023 23:00,1372
30-12-2023 00:00,1295
30-12-2023 01:00,1258
30-12-2023 02:00,1285
30-12-2023 03:00,1304
30-12-2023 04:00,1281
30-12-2023 05:00,1264
30-12-2023 06:00,1300
30-12-2023 07:00,1382
30-12-2023 08:00,1468
30-12-2023 09:00,1470
30-12-2023 10:00,1398
30-12-2023 11:00,1350
30-12-2023 12:00,1314
30-12-2023 13:00,1279
30-12-2023 14:00,1231
30-12-2023 15:00,1239
30-12-2023 16:00,1326
30-12-2023 17:00,1470
30-12-2023 18:00,1511
30-12-2023 19:00,1502
30-12-2023 20:00,1467
30-12-2023 21:00,1412
30-12-2023 22:00,1324
30-12-2023 23:00,1261
31-12-2023 00:00,1170
31-12-2023 01:00,1136
31-12-2023 02:00,1160
31-12-2023 03:00,1180
31-12-2023 04:00,1162
31-12-2023 05:00,1128
31-12-2023 06:00,1116
31-12-2023 07:00,1178
31-12-2023 08:00,1291
31-12-2023 09:00,1356
31-12-2023 10:00,1365
31-12-2023 11:00,1350
31-12-2023 12:00,1335
31-12-2023 13:00,1293
31-12-2023 14:00,1268
31-12-2023 15:00,1257
31-12-2023 16:00,1315
31-12-2023 17:00,1418
31-12-2023 18:00,1444
31-12-2023 19:00,1427
31-12-2023 20:00,1392
31-12-2023 21:00,1348
31-12-2023 22:00,1288
31-12-2023 23:00,1258
